[   33713ms] [WARNING] cdn.tailwindcss.com should not be used in production. To use Tailwind CSS in production, install it as a PostCSS plugin or use the Tailwind CLI: https://tailwindcss.com/docs/installation @ https://cdn.tailwindcss.com/?plugins=forms,container-queries:63
[   33745ms] [WARNING] cdn.tailwindcss.com should not be used in production. To use Tailwind CSS in production, install it as a PostCSS plugin or use the Tailwind CLI: https://tailwindcss.com/docs/installation @ https://cdn.tailwindcss.com/?plugins=forms,container-queries:63
[   33760ms] [WARNING] cdn.tailwindcss.com should not be used in production. To use Tailwind CSS in production, install it as a PostCSS plugin or use the Tailwind CLI: https://tailwindcss.com/docs/installation @ https://cdn.tailwindcss.com/?plugins=forms,container-queries:63
[   33953ms] [WARNING] cdn.tailwindcss.com should not be used in production. To use Tailwind CSS in production, install it as a PostCSS plugin or use the Tailwind CLI: https://tailwindcss.com/docs/installation @ https://cdn.tailwindcss.com/?plugins=forms,container-queries:63
[   34021ms] [WARNING] cdn.tailwindcss.com should not be used in production. To use Tailwind CSS in production, install it as a PostCSS plugin or use the Tailwind CLI: https://tailwindcss.com/docs/installation @ https://cdn.tailwindcss.com/?plugins=forms,container-queries:63
[   34052ms] [WARNING] cdn.tailwindcss.com should not be used in production. To use Tailwind CSS in production, install it as a PostCSS plugin or use the Tailwind CLI: https://tailwindcss.com/docs/installation @ https://cdn.tailwindcss.com/?plugins=forms,container-queries:63
[   34474ms] [WARNING] cdn.tailwindcss.com should not be used in production. To use Tailwind CSS in production, install it as a PostCSS plugin or use the Tailwind CLI: https://tailwindcss.com/docs/installation @ https://cdn.tailwindcss.com/?plugins=forms,container-queries:63
[  102199ms] [WARNING] [SSOT] Zero dimensions detected in UPDATE_INSTANCE: {id: 57a7709df5474002b6fa2b3a31674980, updates: Object} @ https://app-companion-430619.appspot.com/assets/util-BcnQOj-A.js:450
[  102319ms] [WARNING] [SSOT] Zero dimensions detected in UPDATE_INSTANCE: {id: 57a7709df5474002b6fa2b3a31674980, updates: Object} @ https://app-companion-430619.appspot.com/assets/util-BcnQOj-A.js:450
[  102518ms] [WARNING] cdn.tailwindcss.com should not be used in production. To use Tailwind CSS in production, install it as a PostCSS plugin or use the Tailwind CLI: https://tailwindcss.com/docs/installation @ https://cdn.tailwindcss.com/?plugins=forms,container-queries:63
[  102689ms] [WARNING] cdn.tailwindcss.com should not be used in production. To use Tailwind CSS in production, install it as a PostCSS plugin or use the Tailwind CLI: https://tailwindcss.com/docs/installation @ https://cdn.tailwindcss.com/?plugins=forms,container-queries:63
[  102709ms] [WARNING] cdn.tailwindcss.com should not be used in production. To use Tailwind CSS in production, install it as a PostCSS plugin or use the Tailwind CLI: https://tailwindcss.com/docs/installation @ https://cdn.tailwindcss.com/?plugins=forms,container-queries:63
[  132779ms] [WARNING] cdn.tailwindcss.com should not be used in production. To use Tailwind CSS in production, install it as a PostCSS plugin or use the Tailwind CLI: https://tailwindcss.com/docs/installation @ https://cdn.tailwindcss.com/?plugins=forms,container-queries:63
[  238961ms] [WARNING] cdn.tailwindcss.com should not be used in production. To use Tailwind CSS in production, install it as a PostCSS plugin or use the Tailwind CLI: https://tailwindcss.com/docs/installation @ https://cdn.tailwindcss.com/?plugins=forms,container-queries:63
[  248960ms] [WARNING] cdn.tailwindcss.com should not be used in production. To use Tailwind CSS in production, install it as a PostCSS plugin or use the Tailwind CLI: https://tailwindcss.com/docs/installation @ https://cdn.tailwindcss.com/?plugins=forms,container-queries:63
[  276123ms] [WARNING] cdn.tailwindcss.com should not be used in production. To use Tailwind CSS in production, install it as a PostCSS plugin or use the Tailwind CLI: https://tailwindcss.com/docs/installation @ https://cdn.tailwindcss.com/?plugins=forms,container-queries:63
[  366801ms] [WARNING] cdn.tailwindcss.com should not be used in production. To use Tailwind CSS in production, install it as a PostCSS plugin or use the Tailwind CLI: https://tailwindcss.com/docs/installation @ https://cdn.tailwindcss.com/?plugins=forms,container-queries:63
[  367573ms] [WARNING] cdn.tailwindcss.com should not be used in production. To use Tailwind CSS in production, install it as a PostCSS plugin or use the Tailwind CLI: https://tailwindcss.com/docs/installation @ https://cdn.tailwindcss.com/?plugins=forms,container-queries:63
[  368919ms] [WARNING] cdn.tailwindcss.com should not be used in production. To use Tailwind CSS in production, install it as a PostCSS plugin or use the Tailwind CLI: https://tailwindcss.com/docs/installation @ https://cdn.tailwindcss.com/?plugins=forms,container-queries:63
[  369648ms] [WARNING] cdn.tailwindcss.com should not be used in production. To use Tailwind CSS in production, install it as a PostCSS plugin or use the Tailwind CLI: https://tailwindcss.com/docs/installation @ https://cdn.tailwindcss.com/?plugins=forms,container-queries:63
[  403066ms] [ERROR] Error in updateScreensWithSessions: Error: Failed to load image from data URI (…).
    at YG (https://app-companion-430619.appspot.com/assets/util-BcnQOj-A.js:451:38614)
    at async bK (https://app-companion-430619.appspot.com/assets/util-BcnQOj-A.js:451:42901)
    at async PK.collectSessionOutputNodes (https://app-companion-430619.appspot.com/assets/util-BcnQOj-A.js:451:63298)
    at async PK.layoutSession (https://app-companion-430619.appspot.com/assets/util-BcnQOj-A.js:451:64415)
    at async PK.layoutSessionsV2 (https://app-companion-430619.appspot.com/assets/util-BcnQOj-A.js:451:65372)
    at async Object.updateScreensWithSessionsInternal (https://app-companion-430619.appspot.com/assets/util-BcnQOj-A.js:451:94524)
    at async pendingLayoutCall (https://app-companion-430619.appspot.com/assets/util-BcnQOj-A.js:451:95822)
    at async https://app-companion-430619.appspot.com/assets/util-BcnQOj-A.js:451:96045 @ https://app-companion-430619.appspot.com/assets/util-BcnQOj-A.js:177
[  403772ms] [ERROR] Error in updateScreensWithSessions: Error: Failed to load image from data URI (…).
    at YG (https://app-companion-430619.appspot.com/assets/util-BcnQOj-A.js:451:38614)
    at async bK (https://app-companion-430619.appspot.com/assets/util-BcnQOj-A.js:451:42901)
    at async PK.collectSessionOutputNodes (https://app-companion-430619.appspot.com/assets/util-BcnQOj-A.js:451:63298)
    at async PK.layoutSession (https://app-companion-430619.appspot.com/assets/util-BcnQOj-A.js:451:64415)
    at async PK.layoutSessionsV2 (https://app-companion-430619.appspot.com/assets/util-BcnQOj-A.js:451:65372)
    at async Object.updateScreensWithSessionsInternal (https://app-companion-430619.appspot.com/assets/util-BcnQOj-A.js:451:94524)
    at async pendingLayoutCall (https://app-companion-430619.appspot.com/assets/util-BcnQOj-A.js:451:95822)
    at async https://app-companion-430619.appspot.com/assets/util-BcnQOj-A.js:451:96045 @ https://app-companion-430619.appspot.com/assets/util-BcnQOj-A.js:177
[  404052ms] [ERROR] Error in updateScreensWithSessions: Error: Failed to load image from data URI (…).
    at YG (https://app-companion-430619.appspot.com/assets/util-BcnQOj-A.js:451:38614)
    at async bK (https://app-companion-430619.appspot.com/assets/util-BcnQOj-A.js:451:42901)
    at async PK.collectSessionOutputNodes (https://app-companion-430619.appspot.com/assets/util-BcnQOj-A.js:451:63298)
    at async PK.layoutSession (https://app-companion-430619.appspot.com/assets/util-BcnQOj-A.js:451:64415)
    at async PK.layoutSessionsV2 (https://app-companion-430619.appspot.com/assets/util-BcnQOj-A.js:451:65372)
    at async Object.updateScreensWithSessionsInternal (https://app-companion-430619.appspot.com/assets/util-BcnQOj-A.js:451:94524)
    at async pendingLayoutCall (https://app-companion-430619.appspot.com/assets/util-BcnQOj-A.js:451:95822)
    at async https://app-companion-430619.appspot.com/assets/util-BcnQOj-A.js:451:96045 @ https://app-companion-430619.appspot.com/assets/util-BcnQOj-A.js:177
[  404274ms] [ERROR] Error in updateScreensWithSessions: Error: Failed to load image from data URI (…).
    at YG (https://app-companion-430619.appspot.com/assets/util-BcnQOj-A.js:451:38614)
    at async bK (https://app-companion-430619.appspot.com/assets/util-BcnQOj-A.js:451:42901)
    at async PK.collectSessionOutputNodes (https://app-companion-430619.appspot.com/assets/util-BcnQOj-A.js:451:63298)
    at async PK.layoutSession (https://app-companion-430619.appspot.com/assets/util-BcnQOj-A.js:451:64415)
    at async PK.layoutSessionsV2 (https://app-companion-430619.appspot.com/assets/util-BcnQOj-A.js:451:65372)
    at async Object.updateScreensWithSessionsInternal (https://app-companion-430619.appspot.com/assets/util-BcnQOj-A.js:451:94524)
    at async pendingLayoutCall (https://app-companion-430619.appspot.com/assets/util-BcnQOj-A.js:451:95822)
    at async https://app-companion-430619.appspot.com/assets/util-BcnQOj-A.js:451:96045 @ https://app-companion-430619.appspot.com/assets/util-BcnQOj-A.js:177
[  404488ms] [ERROR] Error in updateScreensWithSessions: Error: Failed to load image from data URI (…).
    at YG (https://app-companion-430619.appspot.com/assets/util-BcnQOj-A.js:451:38614)
    at async bK (https://app-companion-430619.appspot.com/assets/util-BcnQOj-A.js:451:42901)
    at async PK.collectSessionOutputNodes (https://app-companion-430619.appspot.com/assets/util-BcnQOj-A.js:451:63298)
    at async PK.layoutSession (https://app-companion-430619.appspot.com/assets/util-BcnQOj-A.js:451:64415)
    at async PK.layoutSessionsV2 (https://app-companion-430619.appspot.com/assets/util-BcnQOj-A.js:451:65372)
    at async Object.updateScreensWithSessionsInternal (https://app-companion-430619.appspot.com/assets/util-BcnQOj-A.js:451:94524)
    at async pendingLayoutCall (https://app-companion-430619.appspot.com/assets/util-BcnQOj-A.js:451:95822)
    at async https://app-companion-430619.appspot.com/assets/util-BcnQOj-A.js:451:96045 @ https://app-companion-430619.appspot.com/assets/util-BcnQOj-A.js:177
[  404945ms] [ERROR] Error in updateScreensWithSessions: Error: Failed to load image from data URI (…).
    at YG (https://app-companion-430619.appspot.com/assets/util-BcnQOj-A.js:451:38614)
    at async bK (https://app-companion-430619.appspot.com/assets/util-BcnQOj-A.js:451:42901)
    at async PK.collectSessionOutputNodes (https://app-companion-430619.appspot.com/assets/util-BcnQOj-A.js:451:63298)
    at async PK.layoutSession (https://app-companion-430619.appspot.com/assets/util-BcnQOj-A.js:451:64415)
    at async PK.layoutSessionsV2 (https://app-companion-430619.appspot.com/assets/util-BcnQOj-A.js:451:65372)
    at async Object.updateScreensWithSessionsInternal (https://app-companion-430619.appspot.com/assets/util-BcnQOj-A.js:451:94524)
    at async pendingLayoutCall (https://app-companion-430619.appspot.com/assets/util-BcnQOj-A.js:451:95822)
    at async https://app-companion-430619.appspot.com/assets/util-BcnQOj-A.js:451:96045 @ https://app-companion-430619.appspot.com/assets/util-BcnQOj-A.js:177
[  405774ms] [ERROR] Error in updateScreensWithSessions: Error: Failed to load image from data URI (…).
    at YG (https://app-companion-430619.appspot.com/assets/util-BcnQOj-A.js:451:38614)
    at async bK (https://app-companion-430619.appspot.com/assets/util-BcnQOj-A.js:451:42901)
    at async PK.collectSessionOutputNodes (https://app-companion-430619.appspot.com/assets/util-BcnQOj-A.js:451:63298)
    at async PK.layoutSession (https://app-companion-430619.appspot.com/assets/util-BcnQOj-A.js:451:64415)
    at async PK.layoutSessionsV2 (https://app-companion-430619.appspot.com/assets/util-BcnQOj-A.js:451:65372)
    at async Object.updateScreensWithSessionsInternal (https://app-companion-430619.appspot.com/assets/util-BcnQOj-A.js:451:94524)
    at async pendingLayoutCall (https://app-companion-430619.appspot.com/assets/util-BcnQOj-A.js:451:95822)
    at async https://app-companion-430619.appspot.com/assets/util-BcnQOj-A.js:451:96045 @ https://app-companion-430619.appspot.com/assets/util-BcnQOj-A.js:177
[  406861ms] [ERROR] Error in updateScreensWithSessions: Error: Failed to load image from data URI (…).
    at YG (https://app-companion-430619.appspot.com/assets/util-BcnQOj-A.js:451:38614)
    at async bK (https://app-companion-430619.appspot.com/assets/util-BcnQOj-A.js:451:42901)
    at async PK.collectSessionOutputNodes (https://app-companion-430619.appspot.com/assets/util-BcnQOj-A.js:451:63298)
    at async PK.layoutSession (https://app-companion-430619.appspot.com/assets/util-BcnQOj-A.js:451:64415)
    at async PK.layoutSessionsV2 (https://app-companion-430619.appspot.com/assets/util-BcnQOj-A.js:451:65372)
    at async Object.updateScreensWithSessionsInternal (https://app-companion-430619.appspot.com/assets/util-BcnQOj-A.js:451:94524)
    at async pendingLayoutCall (https://app-companion-430619.appspot.com/assets/util-BcnQOj-A.js:451:95822)
    at async https://app-companion-430619.appspot.com/assets/util-BcnQOj-A.js:451:96045 @ https://app-companion-430619.appspot.com/assets/util-BcnQOj-A.js:177
[  408151ms] [ERROR] Error in updateScreensWithSessions: Error: Failed to load image from data URI (…).
    at YG (https://app-companion-430619.appspot.com/assets/util-BcnQOj-A.js:451:38614)
    at async bK (https://app-companion-430619.appspot.com/assets/util-BcnQOj-A.js:451:42901)
    at async PK.collectSessionOutputNodes (https://app-companion-430619.appspot.com/assets/util-BcnQOj-A.js:451:63298)
    at async PK.layoutSession (https://app-companion-430619.appspot.com/assets/util-BcnQOj-A.js:451:64415)
    at async PK.layoutSessionsV2 (https://app-companion-430619.appspot.com/assets/util-BcnQOj-A.js:451:65372)
    at async Object.updateScreensWithSessionsInternal (https://app-companion-430619.appspot.com/assets/util-BcnQOj-A.js:451:94524)
    at async pendingLayoutCall (https://app-companion-430619.appspot.com/assets/util-BcnQOj-A.js:451:95822)
    at async https://app-companion-430619.appspot.com/assets/util-BcnQOj-A.js:451:96045 @ https://app-companion-430619.appspot.com/assets/util-BcnQOj-A.js:177
[  409233ms] [ERROR] Error in updateScreensWithSessions: Error: Failed to load image from data URI (…).
    at YG (https://app-companion-430619.appspot.com/assets/util-BcnQOj-A.js:451:38614)
    at async bK (https://app-companion-430619.appspot.com/assets/util-BcnQOj-A.js:451:42901)
    at async PK.collectSessionOutputNodes (https://app-companion-430619.appspot.com/assets/util-BcnQOj-A.js:451:63298)
    at async PK.layoutSession (https://app-companion-430619.appspot.com/assets/util-BcnQOj-A.js:451:64415)
    at async PK.layoutSessionsV2 (https://app-companion-430619.appspot.com/assets/util-BcnQOj-A.js:451:65372)
    at async Object.updateScreensWithSessionsInternal (https://app-companion-430619.appspot.com/assets/util-BcnQOj-A.js:451:94524)
    at async pendingLayoutCall (https://app-companion-430619.appspot.com/assets/util-BcnQOj-A.js:451:95822)
    at async https://app-companion-430619.appspot.com/assets/util-BcnQOj-A.js:451:96045 @ https://app-companion-430619.appspot.com/assets/util-BcnQOj-A.js:177
[  410090ms] [ERROR] Error in updateScreensWithSessions: Error: Failed to load image from data URI (…).
    at YG (https://app-companion-430619.appspot.com/assets/util-BcnQOj-A.js:451:38614)
    at async bK (https://app-companion-430619.appspot.com/assets/util-BcnQOj-A.js:451:42901)
    at async PK.collectSessionOutputNodes (https://app-companion-430619.appspot.com/assets/util-BcnQOj-A.js:451:63298)
    at async PK.layoutSession (https://app-companion-430619.appspot.com/assets/util-BcnQOj-A.js:451:64415)
    at async PK.layoutSessionsV2 (https://app-companion-430619.appspot.com/assets/util-BcnQOj-A.js:451:65372)
    at async Object.updateScreensWithSessionsInternal (https://app-companion-430619.appspot.com/assets/util-BcnQOj-A.js:451:94524)
    at async pendingLayoutCall (https://app-companion-430619.appspot.com/assets/util-BcnQOj-A.js:451:95822)
    at async https://app-companion-430619.appspot.com/assets/util-BcnQOj-A.js:451:96045 @ https://app-companion-430619.appspot.com/assets/util-BcnQOj-A.js:177
[  411030ms] [ERROR] Error in updateScreensWithSessions: Error: Failed to load image from data URI (…).
    at YG (https://app-companion-430619.appspot.com/assets/util-BcnQOj-A.js:451:38614)
    at async bK (https://app-companion-430619.appspot.com/assets/util-BcnQOj-A.js:451:42901)
    at async PK.collectSessionOutputNodes (https://app-companion-430619.appspot.com/assets/util-BcnQOj-A.js:451:63298)
    at async PK.layoutSession (https://app-companion-430619.appspot.com/assets/util-BcnQOj-A.js:451:64415)
    at async PK.layoutSessionsV2 (https://app-companion-430619.appspot.com/assets/util-BcnQOj-A.js:451:65372)
    at async Object.updateScreensWithSessionsInternal (https://app-companion-430619.appspot.com/assets/util-BcnQOj-A.js:451:94524)
    at async pendingLayoutCall (https://app-companion-430619.appspot.com/assets/util-BcnQOj-A.js:451:95822)
    at async https://app-companion-430619.appspot.com/assets/util-BcnQOj-A.js:451:96045 @ https://app-companion-430619.appspot.com/assets/util-BcnQOj-A.js:177
[  412078ms] [ERROR] Error in updateScreensWithSessions: Error: Failed to load image from data URI (…).
    at YG (https://app-companion-430619.appspot.com/assets/util-BcnQOj-A.js:451:38614)
    at async bK (https://app-companion-430619.appspot.com/assets/util-BcnQOj-A.js:451:42901)
    at async PK.collectSessionOutputNodes (https://app-companion-430619.appspot.com/assets/util-BcnQOj-A.js:451:63298)
    at async PK.layoutSession (https://app-companion-430619.appspot.com/assets/util-BcnQOj-A.js:451:64415)
    at async PK.layoutSessionsV2 (https://app-companion-430619.appspot.com/assets/util-BcnQOj-A.js:451:65372)
    at async Object.updateScreensWithSessionsInternal (https://app-companion-430619.appspot.com/assets/util-BcnQOj-A.js:451:94524)
    at async pendingLayoutCall (https://app-companion-430619.appspot.com/assets/util-BcnQOj-A.js:451:95822)
    at async https://app-companion-430619.appspot.com/assets/util-BcnQOj-A.js:451:96045 @ https://app-companion-430619.appspot.com/assets/util-BcnQOj-A.js:177
[  412841ms] [ERROR] Error in updateScreensWithSessions: Error: Failed to load image from data URI (…).
    at YG (https://app-companion-430619.appspot.com/assets/util-BcnQOj-A.js:451:38614)
    at async bK (https://app-companion-430619.appspot.com/assets/util-BcnQOj-A.js:451:42901)
    at async PK.collectSessionOutputNodes (https://app-companion-430619.appspot.com/assets/util-BcnQOj-A.js:451:63298)
    at async PK.layoutSession (https://app-companion-430619.appspot.com/assets/util-BcnQOj-A.js:451:64415)
    at async PK.layoutSessionsV2 (https://app-companion-430619.appspot.com/assets/util-BcnQOj-A.js:451:65372)
    at async Object.updateScreensWithSessionsInternal (https://app-companion-430619.appspot.com/assets/util-BcnQOj-A.js:451:94524)
    at async pendingLayoutCall (https://app-companion-430619.appspot.com/assets/util-BcnQOj-A.js:451:95822)
    at async https://app-companion-430619.appspot.com/assets/util-BcnQOj-A.js:451:96045 @ https://app-companion-430619.appspot.com/assets/util-BcnQOj-A.js:177
[  413695ms] [ERROR] Error in updateScreensWithSessions: Error: Failed to load image from data URI (…).
    at YG (https://app-companion-430619.appspot.com/assets/util-BcnQOj-A.js:451:38614)
    at async bK (https://app-companion-430619.appspot.com/assets/util-BcnQOj-A.js:451:42901)
    at async PK.collectSessionOutputNodes (https://app-companion-430619.appspot.com/assets/util-BcnQOj-A.js:451:63298)
    at async PK.layoutSession (https://app-companion-430619.appspot.com/assets/util-BcnQOj-A.js:451:64415)
    at async PK.layoutSessionsV2 (https://app-companion-430619.appspot.com/assets/util-BcnQOj-A.js:451:65372)
    at async Object.updateScreensWithSessionsInternal (https://app-companion-430619.appspot.com/assets/util-BcnQOj-A.js:451:94524)
    at async pendingLayoutCall (https://app-companion-430619.appspot.com/assets/util-BcnQOj-A.js:451:95822)
    at async https://app-companion-430619.appspot.com/assets/util-BcnQOj-A.js:451:96045 @ https://app-companion-430619.appspot.com/assets/util-BcnQOj-A.js:177
[  414531ms] [ERROR] Error in updateScreensWithSessions: Error: Failed to load image from data URI (…).
    at YG (https://app-companion-430619.appspot.com/assets/util-BcnQOj-A.js:451:38614)
    at async bK (https://app-companion-430619.appspot.com/assets/util-BcnQOj-A.js:451:42901)
    at async PK.collectSessionOutputNodes (https://app-companion-430619.appspot.com/assets/util-BcnQOj-A.js:451:63298)
    at async PK.layoutSession (https://app-companion-430619.appspot.com/assets/util-BcnQOj-A.js:451:64415)
    at async PK.layoutSessionsV2 (https://app-companion-430619.appspot.com/assets/util-BcnQOj-A.js:451:65372)
    at async Object.updateScreensWithSessionsInternal (https://app-companion-430619.appspot.com/assets/util-BcnQOj-A.js:451:94524)
    at async pendingLayoutCall (https://app-companion-430619.appspot.com/assets/util-BcnQOj-A.js:451:95822)
    at async https://app-companion-430619.appspot.com/assets/util-BcnQOj-A.js:451:96045 @ https://app-companion-430619.appspot.com/assets/util-BcnQOj-A.js:177
[  415436ms] [ERROR] Error in updateScreensWithSessions: Error: Failed to load image from data URI (…).
    at YG (https://app-companion-430619.appspot.com/assets/util-BcnQOj-A.js:451:38614)
    at async bK (https://app-companion-430619.appspot.com/assets/util-BcnQOj-A.js:451:42901)
    at async PK.collectSessionOutputNodes (https://app-companion-430619.appspot.com/assets/util-BcnQOj-A.js:451:63298)
    at async PK.layoutSession (https://app-companion-430619.appspot.com/assets/util-BcnQOj-A.js:451:64415)
    at async PK.layoutSessionsV2 (https://app-companion-430619.appspot.com/assets/util-BcnQOj-A.js:451:65372)
    at async Object.updateScreensWithSessionsInternal (https://app-companion-430619.appspot.com/assets/util-BcnQOj-A.js:451:94524)
    at async pendingLayoutCall (https://app-companion-430619.appspot.com/assets/util-BcnQOj-A.js:451:95822)
    at async https://app-companion-430619.appspot.com/assets/util-BcnQOj-A.js:451:96045 @ https://app-companion-430619.appspot.com/assets/util-BcnQOj-A.js:177
[  416099ms] [ERROR] Error in updateScreensWithSessions: Error: Failed to load image from data URI (…).
    at YG (https://app-companion-430619.appspot.com/assets/util-BcnQOj-A.js:451:38614)
    at async bK (https://app-companion-430619.appspot.com/assets/util-BcnQOj-A.js:451:42901)
    at async PK.collectSessionOutputNodes (https://app-companion-430619.appspot.com/assets/util-BcnQOj-A.js:451:63298)
    at async PK.layoutSession (https://app-companion-430619.appspot.com/assets/util-BcnQOj-A.js:451:64415)
    at async PK.layoutSessionsV2 (https://app-companion-430619.appspot.com/assets/util-BcnQOj-A.js:451:65372)
    at async Object.updateScreensWithSessionsInternal (https://app-companion-430619.appspot.com/assets/util-BcnQOj-A.js:451:94524)
    at async pendingLayoutCall (https://app-companion-430619.appspot.com/assets/util-BcnQOj-A.js:451:95822)
    at async https://app-companion-430619.appspot.com/assets/util-BcnQOj-A.js:451:96045 @ https://app-companion-430619.appspot.com/assets/util-BcnQOj-A.js:177
[  416854ms] [ERROR] Error in updateScreensWithSessions: Error: Failed to load image from data URI (…).
    at YG (https://app-companion-430619.appspot.com/assets/util-BcnQOj-A.js:451:38614)
    at async bK (https://app-companion-430619.appspot.com/assets/util-BcnQOj-A.js:451:42901)
    at async PK.collectSessionOutputNodes (https://app-companion-430619.appspot.com/assets/util-BcnQOj-A.js:451:63298)
    at async PK.layoutSession (https://app-companion-430619.appspot.com/assets/util-BcnQOj-A.js:451:64415)
    at async PK.layoutSessionsV2 (https://app-companion-430619.appspot.com/assets/util-BcnQOj-A.js:451:65372)
    at async Object.updateScreensWithSessionsInternal (https://app-companion-430619.appspot.com/assets/util-BcnQOj-A.js:451:94524)
    at async pendingLayoutCall (https://app-companion-430619.appspot.com/assets/util-BcnQOj-A.js:451:95822)
    at async https://app-companion-430619.appspot.com/assets/util-BcnQOj-A.js:451:96045 @ https://app-companion-430619.appspot.com/assets/util-BcnQOj-A.js:177
[  417630ms] [ERROR] Error in updateScreensWithSessions: Error: Failed to load image from data URI (…).
    at YG (https://app-companion-430619.appspot.com/assets/util-BcnQOj-A.js:451:38614)
    at async bK (https://app-companion-430619.appspot.com/assets/util-BcnQOj-A.js:451:42901)
    at async PK.collectSessionOutputNodes (https://app-companion-430619.appspot.com/assets/util-BcnQOj-A.js:451:63298)
    at async PK.layoutSession (https://app-companion-430619.appspot.com/assets/util-BcnQOj-A.js:451:64415)
    at async PK.layoutSessionsV2 (https://app-companion-430619.appspot.com/assets/util-BcnQOj-A.js:451:65372)
    at async Object.updateScreensWithSessionsInternal (https://app-companion-430619.appspot.com/assets/util-BcnQOj-A.js:451:94524)
    at async pendingLayoutCall (https://app-companion-430619.appspot.com/assets/util-BcnQOj-A.js:451:95822)
    at async https://app-companion-430619.appspot.com/assets/util-BcnQOj-A.js:451:96045 @ https://app-companion-430619.appspot.com/assets/util-BcnQOj-A.js:177
[  419025ms] [ERROR] Error in updateScreensWithSessions: Error: Failed to load image from data URI (…).
    at YG (https://app-companion-430619.appspot.com/assets/util-BcnQOj-A.js:451:38614)
    at async bK (https://app-companion-430619.appspot.com/assets/util-BcnQOj-A.js:451:42901)
    at async PK.collectSessionOutputNodes (https://app-companion-430619.appspot.com/assets/util-BcnQOj-A.js:451:63298)
    at async PK.layoutSession (https://app-companion-430619.appspot.com/assets/util-BcnQOj-A.js:451:64415)
    at async PK.layoutSessionsV2 (https://app-companion-430619.appspot.com/assets/util-BcnQOj-A.js:451:65372)
    at async Object.updateScreensWithSessionsInternal (https://app-companion-430619.appspot.com/assets/util-BcnQOj-A.js:451:94524)
    at async pendingLayoutCall (https://app-companion-430619.appspot.com/assets/util-BcnQOj-A.js:451:95822)
    at async https://app-companion-430619.appspot.com/assets/util-BcnQOj-A.js:451:96045 @ https://app-companion-430619.appspot.com/assets/util-BcnQOj-A.js:177
[  419762ms] [ERROR] Error in updateScreensWithSessions: Error: Failed to load image from data URI (…).
    at YG (https://app-companion-430619.appspot.com/assets/util-BcnQOj-A.js:451:38614)
    at async bK (https://app-companion-430619.appspot.com/assets/util-BcnQOj-A.js:451:42901)
    at async PK.collectSessionOutputNodes (https://app-companion-430619.appspot.com/assets/util-BcnQOj-A.js:451:63298)
    at async PK.layoutSession (https://app-companion-430619.appspot.com/assets/util-BcnQOj-A.js:451:64415)
    at async PK.layoutSessionsV2 (https://app-companion-430619.appspot.com/assets/util-BcnQOj-A.js:451:65372)
    at async Object.updateScreensWithSessionsInternal (https://app-companion-430619.appspot.com/assets/util-BcnQOj-A.js:451:94524)
    at async pendingLayoutCall (https://app-companion-430619.appspot.com/assets/util-BcnQOj-A.js:451:95822)
    at async https://app-companion-430619.appspot.com/assets/util-BcnQOj-A.js:451:96045 @ https://app-companion-430619.appspot.com/assets/util-BcnQOj-A.js:177
[  420682ms] [ERROR] Error in updateScreensWithSessions: Error: Failed to load image from data URI (…).
    at YG (https://app-companion-430619.appspot.com/assets/util-BcnQOj-A.js:451:38614)
    at async bK (https://app-companion-430619.appspot.com/assets/util-BcnQOj-A.js:451:42901)
    at async PK.collectSessionOutputNodes (https://app-companion-430619.appspot.com/assets/util-BcnQOj-A.js:451:63298)
    at async PK.layoutSession (https://app-companion-430619.appspot.com/assets/util-BcnQOj-A.js:451:64415)
    at async PK.layoutSessionsV2 (https://app-companion-430619.appspot.com/assets/util-BcnQOj-A.js:451:65372)
    at async Object.updateScreensWithSessionsInternal (https://app-companion-430619.appspot.com/assets/util-BcnQOj-A.js:451:94524)
    at async pendingLayoutCall (https://app-companion-430619.appspot.com/assets/util-BcnQOj-A.js:451:95822)
    at async https://app-companion-430619.appspot.com/assets/util-BcnQOj-A.js:451:96045 @ https://app-companion-430619.appspot.com/assets/util-BcnQOj-A.js:177
[  421357ms] [ERROR] Error in updateScreensWithSessions: Error: Failed to load image from data URI (…).
    at YG (https://app-companion-430619.appspot.com/assets/util-BcnQOj-A.js:451:38614)
    at async bK (https://app-companion-430619.appspot.com/assets/util-BcnQOj-A.js:451:42901)
    at async PK.collectSessionOutputNodes (https://app-companion-430619.appspot.com/assets/util-BcnQOj-A.js:451:63298)
    at async PK.layoutSession (https://app-companion-430619.appspot.com/assets/util-BcnQOj-A.js:451:64415)
    at async PK.layoutSessionsV2 (https://app-companion-430619.appspot.com/assets/util-BcnQOj-A.js:451:65372)
    at async Object.updateScreensWithSessionsInternal (https://app-companion-430619.appspot.com/assets/util-BcnQOj-A.js:451:94524)
    at async pendingLayoutCall (https://app-companion-430619.appspot.com/assets/util-BcnQOj-A.js:451:95822)
    at async https://app-companion-430619.appspot.com/assets/util-BcnQOj-A.js:451:96045 @ https://app-companion-430619.appspot.com/assets/util-BcnQOj-A.js:177
[  425511ms] [ERROR] Error in updateScreensWithSessions: Error: Failed to load image from data URI (…).
    at YG (https://app-companion-430619.appspot.com/assets/util-BcnQOj-A.js:451:38614)
    at async bK (https://app-companion-430619.appspot.com/assets/util-BcnQOj-A.js:451:42901)
    at async PK.collectSessionOutputNodes (https://app-companion-430619.appspot.com/assets/util-BcnQOj-A.js:451:63298)
    at async PK.layoutSession (https://app-companion-430619.appspot.com/assets/util-BcnQOj-A.js:451:64415)
    at async PK.layoutSessionsV2 (https://app-companion-430619.appspot.com/assets/util-BcnQOj-A.js:451:65372)
    at async Object.updateScreensWithSessionsInternal (https://app-companion-430619.appspot.com/assets/util-BcnQOj-A.js:451:94524)
    at async pendingLayoutCall (https://app-companion-430619.appspot.com/assets/util-BcnQOj-A.js:451:95822)
    at async https://app-companion-430619.appspot.com/assets/util-BcnQOj-A.js:451:96045 @ https://app-companion-430619.appspot.com/assets/util-BcnQOj-A.js:177
[  426538ms] [ERROR] Error in updateScreensWithSessions: Error: Failed to load image from data URI (…).
    at YG (https://app-companion-430619.appspot.com/assets/util-BcnQOj-A.js:451:38614)
    at async bK (https://app-companion-430619.appspot.com/assets/util-BcnQOj-A.js:451:42901)
    at async PK.collectSessionOutputNodes (https://app-companion-430619.appspot.com/assets/util-BcnQOj-A.js:451:63298)
    at async PK.layoutSession (https://app-companion-430619.appspot.com/assets/util-BcnQOj-A.js:451:64415)
    at async PK.layoutSessionsV2 (https://app-companion-430619.appspot.com/assets/util-BcnQOj-A.js:451:65372)
    at async Object.updateScreensWithSessionsInternal (https://app-companion-430619.appspot.com/assets/util-BcnQOj-A.js:451:94524)
    at async pendingLayoutCall (https://app-companion-430619.appspot.com/assets/util-BcnQOj-A.js:451:95822)
    at async https://app-companion-430619.appspot.com/assets/util-BcnQOj-A.js:451:96045 @ https://app-companion-430619.appspot.com/assets/util-BcnQOj-A.js:177
[  444164ms] [ERROR] Error in updateScreensWithSessions: Error: Failed to load image from data URI (…).
    at YG (https://app-companion-430619.appspot.com/assets/util-BcnQOj-A.js:451:38614)
    at async bK (https://app-companion-430619.appspot.com/assets/util-BcnQOj-A.js:451:42901)
    at async PK.collectSessionOutputNodes (https://app-companion-430619.appspot.com/assets/util-BcnQOj-A.js:451:63298)
    at async PK.layoutSession (https://app-companion-430619.appspot.com/assets/util-BcnQOj-A.js:451:64415)
    at async PK.layoutSessionsV2 (https://app-companion-430619.appspot.com/assets/util-BcnQOj-A.js:451:65372)
    at async Object.updateScreensWithSessionsInternal (https://app-companion-430619.appspot.com/assets/util-BcnQOj-A.js:451:94524)
    at async pendingLayoutCall (https://app-companion-430619.appspot.com/assets/util-BcnQOj-A.js:451:95822)
    at async https://app-companion-430619.appspot.com/assets/util-BcnQOj-A.js:451:96045 @ https://app-companion-430619.appspot.com/assets/util-BcnQOj-A.js:177
[  444823ms] [ERROR] Error in updateScreensWithSessions: Error: Failed to load image from data URI (…).
    at YG (https://app-companion-430619.appspot.com/assets/util-BcnQOj-A.js:451:38614)
    at async bK (https://app-companion-430619.appspot.com/assets/util-BcnQOj-A.js:451:42901)
    at async PK.collectSessionOutputNodes (https://app-companion-430619.appspot.com/assets/util-BcnQOj-A.js:451:63298)
    at async PK.layoutSession (https://app-companion-430619.appspot.com/assets/util-BcnQOj-A.js:451:64415)
    at async PK.layoutSessionsV2 (https://app-companion-430619.appspot.com/assets/util-BcnQOj-A.js:451:65372)
    at async Object.updateScreensWithSessionsInternal (https://app-companion-430619.appspot.com/assets/util-BcnQOj-A.js:451:94524)
    at async pendingLayoutCall (https://app-companion-430619.appspot.com/assets/util-BcnQOj-A.js:451:95822)
    at async https://app-companion-430619.appspot.com/assets/util-BcnQOj-A.js:451:96045 @ https://app-companion-430619.appspot.com/assets/util-BcnQOj-A.js:177
[  449822ms] [ERROR] Error in updateScreensWithSessions: Error: Failed to load image from data URI (…).
    at YG (https://app-companion-430619.appspot.com/assets/util-BcnQOj-A.js:451:38614)
    at async bK (https://app-companion-430619.appspot.com/assets/util-BcnQOj-A.js:451:42901)
    at async PK.collectSessionOutputNodes (https://app-companion-430619.appspot.com/assets/util-BcnQOj-A.js:451:63298)
    at async PK.layoutSession (https://app-companion-430619.appspot.com/assets/util-BcnQOj-A.js:451:64415)
    at async PK.layoutSessionsV2 (https://app-companion-430619.appspot.com/assets/util-BcnQOj-A.js:451:65372)
    at async Object.updateScreensWithSessionsInternal (https://app-companion-430619.appspot.com/assets/util-BcnQOj-A.js:451:94524)
    at async pendingLayoutCall (https://app-companion-430619.appspot.com/assets/util-BcnQOj-A.js:451:95822)
    at async https://app-companion-430619.appspot.com/assets/util-BcnQOj-A.js:451:96045 @ https://app-companion-430619.appspot.com/assets/util-BcnQOj-A.js:177
[  450331ms] [ERROR] Error in updateScreensWithSessions: Error: Failed to load image from data URI (…).
    at YG (https://app-companion-430619.appspot.com/assets/util-BcnQOj-A.js:451:38614)
    at async bK (https://app-companion-430619.appspot.com/assets/util-BcnQOj-A.js:451:42901)
    at async PK.collectSessionOutputNodes (https://app-companion-430619.appspot.com/assets/util-BcnQOj-A.js:451:63298)
    at async PK.layoutSession (https://app-companion-430619.appspot.com/assets/util-BcnQOj-A.js:451:64415)
    at async PK.layoutSessionsV2 (https://app-companion-430619.appspot.com/assets/util-BcnQOj-A.js:451:65372)
    at async Object.updateScreensWithSessionsInternal (https://app-companion-430619.appspot.com/assets/util-BcnQOj-A.js:451:94524)
    at async pendingLayoutCall (https://app-companion-430619.appspot.com/assets/util-BcnQOj-A.js:451:95822)
    at async https://app-companion-430619.appspot.com/assets/util-BcnQOj-A.js:451:96045 @ https://app-companion-430619.appspot.com/assets/util-BcnQOj-A.js:177
[  452212ms] [ERROR] Error in updateScreensWithSessions: Error: Failed to load image from data URI (…).
    at YG (https://app-companion-430619.appspot.com/assets/util-BcnQOj-A.js:451:38614)
    at async bK (https://app-companion-430619.appspot.com/assets/util-BcnQOj-A.js:451:42901)
    at async PK.collectSessionOutputNodes (https://app-companion-430619.appspot.com/assets/util-BcnQOj-A.js:451:63298)
    at async PK.layoutSession (https://app-companion-430619.appspot.com/assets/util-BcnQOj-A.js:451:64415)
    at async PK.layoutSessionsV2 (https://app-companion-430619.appspot.com/assets/util-BcnQOj-A.js:451:65372)
    at async Object.updateScreensWithSessionsInternal (https://app-companion-430619.appspot.com/assets/util-BcnQOj-A.js:451:94524)
    at async pendingLayoutCall (https://app-companion-430619.appspot.com/assets/util-BcnQOj-A.js:451:95822)
    at async https://app-companion-430619.appspot.com/assets/util-BcnQOj-A.js:451:96045 @ https://app-companion-430619.appspot.com/assets/util-BcnQOj-A.js:177
[  512310ms] [ERROR] Error in updateScreensWithSessions: Error: Failed to load image from data URI (…).
    at YG (https://app-companion-430619.appspot.com/assets/util-BcnQOj-A.js:451:38614)
    at async bK (https://app-companion-430619.appspot.com/assets/util-BcnQOj-A.js:451:42901)
    at async PK.collectSessionOutputNodes (https://app-companion-430619.appspot.com/assets/util-BcnQOj-A.js:451:63298)
    at async PK.layoutSession (https://app-companion-430619.appspot.com/assets/util-BcnQOj-A.js:451:64415)
    at async PK.layoutSessionsV2 (https://app-companion-430619.appspot.com/assets/util-BcnQOj-A.js:451:65372)
    at async Object.updateScreensWithSessionsInternal (https://app-companion-430619.appspot.com/assets/util-BcnQOj-A.js:451:94524)
    at async pendingLayoutCall (https://app-companion-430619.appspot.com/assets/util-BcnQOj-A.js:451:95822)
    at async https://app-companion-430619.appspot.com/assets/util-BcnQOj-A.js:451:96045 @ https://app-companion-430619.appspot.com/assets/util-BcnQOj-A.js:177
[  514980ms] [ERROR] Error in updateScreensWithSessions: Error: Failed to load image from data URI (…).
    at YG (https://app-companion-430619.appspot.com/assets/util-BcnQOj-A.js:451:38614)
    at async bK (https://app-companion-430619.appspot.com/assets/util-BcnQOj-A.js:451:42901)
    at async PK.collectSessionOutputNodes (https://app-companion-430619.appspot.com/assets/util-BcnQOj-A.js:451:63298)
    at async PK.layoutSession (https://app-companion-430619.appspot.com/assets/util-BcnQOj-A.js:451:64415)
    at async PK.layoutSessionsV2 (https://app-companion-430619.appspot.com/assets/util-BcnQOj-A.js:451:65372)
    at async Object.updateScreensWithSessionsInternal (https://app-companion-430619.appspot.com/assets/util-BcnQOj-A.js:451:94524)
    at async pendingLayoutCall (https://app-companion-430619.appspot.com/assets/util-BcnQOj-A.js:451:95822)
    at async https://app-companion-430619.appspot.com/assets/util-BcnQOj-A.js:451:96045 @ https://app-companion-430619.appspot.com/assets/util-BcnQOj-A.js:177
[  524135ms] [ERROR] Error in updateScreensWithSessions: Error: Failed to load image from data URI (…).
    at YG (https://app-companion-430619.appspot.com/assets/util-BcnQOj-A.js:451:38614)
    at async bK (https://app-companion-430619.appspot.com/assets/util-BcnQOj-A.js:451:42901)
    at async PK.collectSessionOutputNodes (https://app-companion-430619.appspot.com/assets/util-BcnQOj-A.js:451:63298)
    at async PK.layoutSession (https://app-companion-430619.appspot.com/assets/util-BcnQOj-A.js:451:64415)
    at async PK.layoutSessionsV2 (https://app-companion-430619.appspot.com/assets/util-BcnQOj-A.js:451:65372)
    at async Object.updateScreensWithSessionsInternal (https://app-companion-430619.appspot.com/assets/util-BcnQOj-A.js:451:94524)
    at async pendingLayoutCall (https://app-companion-430619.appspot.com/assets/util-BcnQOj-A.js:451:95822)
    at async https://app-companion-430619.appspot.com/assets/util-BcnQOj-A.js:451:96045 @ https://app-companion-430619.appspot.com/assets/util-BcnQOj-A.js:177
[  524440ms] [ERROR] Error in updateScreensWithSessions: Error: Failed to load image from data URI (…).
    at YG (https://app-companion-430619.appspot.com/assets/util-BcnQOj-A.js:451:38614)
    at async bK (https://app-companion-430619.appspot.com/assets/util-BcnQOj-A.js:451:42901)
    at async PK.collectSessionOutputNodes (https://app-companion-430619.appspot.com/assets/util-BcnQOj-A.js:451:63298)
    at async PK.layoutSession (https://app-companion-430619.appspot.com/assets/util-BcnQOj-A.js:451:64415)
    at async PK.layoutSessionsV2 (https://app-companion-430619.appspot.com/assets/util-BcnQOj-A.js:451:65372)
    at async Object.updateScreensWithSessionsInternal (https://app-companion-430619.appspot.com/assets/util-BcnQOj-A.js:451:94524)
    at async pendingLayoutCall (https://app-companion-430619.appspot.com/assets/util-BcnQOj-A.js:451:95822)
    at async https://app-companion-430619.appspot.com/assets/util-BcnQOj-A.js:451:96045 @ https://app-companion-430619.appspot.com/assets/util-BcnQOj-A.js:177
[  524891ms] [ERROR] Error in updateScreensWithSessions: Error: Failed to load image from data URI (…).
    at YG (https://app-companion-430619.appspot.com/assets/util-BcnQOj-A.js:451:38614)
    at async bK (https://app-companion-430619.appspot.com/assets/util-BcnQOj-A.js:451:42901)
    at async PK.collectSessionOutputNodes (https://app-companion-430619.appspot.com/assets/util-BcnQOj-A.js:451:63298)
    at async PK.layoutSession (https://app-companion-430619.appspot.com/assets/util-BcnQOj-A.js:451:64415)
    at async PK.layoutSessionsV2 (https://app-companion-430619.appspot.com/assets/util-BcnQOj-A.js:451:65372)
    at async Object.updateScreensWithSessionsInternal (https://app-companion-430619.appspot.com/assets/util-BcnQOj-A.js:451:94524)
    at async pendingLayoutCall (https://app-companion-430619.appspot.com/assets/util-BcnQOj-A.js:451:95822)
    at async https://app-companion-430619.appspot.com/assets/util-BcnQOj-A.js:451:96045 @ https://app-companion-430619.appspot.com/assets/util-BcnQOj-A.js:177
[  533407ms] [ERROR] Error in updateScreensWithSessions: Error: Failed to load image from data URI (…).
    at YG (https://app-companion-430619.appspot.com/assets/util-BcnQOj-A.js:451:38614)
    at async bK (https://app-companion-430619.appspot.com/assets/util-BcnQOj-A.js:451:42901)
    at async PK.collectSessionOutputNodes (https://app-companion-430619.appspot.com/assets/util-BcnQOj-A.js:451:63298)
    at async PK.layoutSession (https://app-companion-430619.appspot.com/assets/util-BcnQOj-A.js:451:64415)
    at async PK.layoutSessionsV2 (https://app-companion-430619.appspot.com/assets/util-BcnQOj-A.js:451:65372)
    at async Object.updateScreensWithSessionsInternal (https://app-companion-430619.appspot.com/assets/util-BcnQOj-A.js:451:94524)
    at async pendingLayoutCall (https://app-companion-430619.appspot.com/assets/util-BcnQOj-A.js:451:95822)
    at async https://app-companion-430619.appspot.com/assets/util-BcnQOj-A.js:451:96045 @ https://app-companion-430619.appspot.com/assets/util-BcnQOj-A.js:177
[  534068ms] [ERROR] Error in updateScreensWithSessions: Error: Failed to load image from data URI (…).
    at YG (https://app-companion-430619.appspot.com/assets/util-BcnQOj-A.js:451:38614)
    at async bK (https://app-companion-430619.appspot.com/assets/util-BcnQOj-A.js:451:42901)
    at async PK.collectSessionOutputNodes (https://app-companion-430619.appspot.com/assets/util-BcnQOj-A.js:451:63298)
    at async PK.layoutSession (https://app-companion-430619.appspot.com/assets/util-BcnQOj-A.js:451:64415)
    at async PK.layoutSessionsV2 (https://app-companion-430619.appspot.com/assets/util-BcnQOj-A.js:451:65372)
    at async Object.updateScreensWithSessionsInternal (https://app-companion-430619.appspot.com/assets/util-BcnQOj-A.js:451:94524)
    at async pendingLayoutCall (https://app-companion-430619.appspot.com/assets/util-BcnQOj-A.js:451:95822)
    at async https://app-companion-430619.appspot.com/assets/util-BcnQOj-A.js:451:96045 @ https://app-companion-430619.appspot.com/assets/util-BcnQOj-A.js:177
[  538284ms] [ERROR] Error in updateScreensWithSessions: Error: Failed to load image from data URI (…).
    at YG (https://app-companion-430619.appspot.com/assets/util-BcnQOj-A.js:451:38614)
    at async bK (https://app-companion-430619.appspot.com/assets/util-BcnQOj-A.js:451:42901)
    at async PK.collectSessionOutputNodes (https://app-companion-430619.appspot.com/assets/util-BcnQOj-A.js:451:63298)
    at async PK.layoutSession (https://app-companion-430619.appspot.com/assets/util-BcnQOj-A.js:451:64415)
    at async PK.layoutSessionsV2 (https://app-companion-430619.appspot.com/assets/util-BcnQOj-A.js:451:65372)
    at async Object.updateScreensWithSessionsInternal (https://app-companion-430619.appspot.com/assets/util-BcnQOj-A.js:451:94524)
    at async pendingLayoutCall (https://app-companion-430619.appspot.com/assets/util-BcnQOj-A.js:451:95822)
    at async https://app-companion-430619.appspot.com/assets/util-BcnQOj-A.js:451:96045 @ https://app-companion-430619.appspot.com/assets/util-BcnQOj-A.js:177
[  538972ms] [ERROR] Error in updateScreensWithSessions: Error: Failed to load image from data URI (…).
    at YG (https://app-companion-430619.appspot.com/assets/util-BcnQOj-A.js:451:38614)
    at async bK (https://app-companion-430619.appspot.com/assets/util-BcnQOj-A.js:451:42901)
    at async PK.collectSessionOutputNodes (https://app-companion-430619.appspot.com/assets/util-BcnQOj-A.js:451:63298)
    at async PK.layoutSession (https://app-companion-430619.appspot.com/assets/util-BcnQOj-A.js:451:64415)
    at async PK.layoutSessionsV2 (https://app-companion-430619.appspot.com/assets/util-BcnQOj-A.js:451:65372)
    at async Object.updateScreensWithSessionsInternal (https://app-companion-430619.appspot.com/assets/util-BcnQOj-A.js:451:94524)
    at async pendingLayoutCall (https://app-companion-430619.appspot.com/assets/util-BcnQOj-A.js:451:95822)
    at async https://app-companion-430619.appspot.com/assets/util-BcnQOj-A.js:451:96045 @ https://app-companion-430619.appspot.com/assets/util-BcnQOj-A.js:177
[  539525ms] [ERROR] Error in updateScreensWithSessions: Error: Failed to load image from data URI (…).
    at YG (https://app-companion-430619.appspot.com/assets/util-BcnQOj-A.js:451:38614)
    at async bK (https://app-companion-430619.appspot.com/assets/util-BcnQOj-A.js:451:42901)
    at async PK.collectSessionOutputNodes (https://app-companion-430619.appspot.com/assets/util-BcnQOj-A.js:451:63298)
    at async PK.layoutSession (https://app-companion-430619.appspot.com/assets/util-BcnQOj-A.js:451:64415)
    at async PK.layoutSessionsV2 (https://app-companion-430619.appspot.com/assets/util-BcnQOj-A.js:451:65372)
    at async Object.updateScreensWithSessionsInternal (https://app-companion-430619.appspot.com/assets/util-BcnQOj-A.js:451:94524)
    at async pendingLayoutCall (https://app-companion-430619.appspot.com/assets/util-BcnQOj-A.js:451:95822)
    at async https://app-companion-430619.appspot.com/assets/util-BcnQOj-A.js:451:96045 @ https://app-companion-430619.appspot.com/assets/util-BcnQOj-A.js:177
[  541615ms] [ERROR] Error in updateScreensWithSessions: Error: Failed to load image from data URI (…).
    at YG (https://app-companion-430619.appspot.com/assets/util-BcnQOj-A.js:451:38614)
    at async bK (https://app-companion-430619.appspot.com/assets/util-BcnQOj-A.js:451:42901)
    at async PK.collectSessionOutputNodes (https://app-companion-430619.appspot.com/assets/util-BcnQOj-A.js:451:63298)
    at async PK.layoutSession (https://app-companion-430619.appspot.com/assets/util-BcnQOj-A.js:451:64415)
    at async PK.layoutSessionsV2 (https://app-companion-430619.appspot.com/assets/util-BcnQOj-A.js:451:65372)
    at async Object.updateScreensWithSessionsInternal (https://app-companion-430619.appspot.com/assets/util-BcnQOj-A.js:451:94524)
    at async pendingLayoutCall (https://app-companion-430619.appspot.com/assets/util-BcnQOj-A.js:451:95822)
    at async https://app-companion-430619.appspot.com/assets/util-BcnQOj-A.js:451:96045 @ https://app-companion-430619.appspot.com/assets/util-BcnQOj-A.js:177
[  545508ms] [ERROR] Error in updateScreensWithSessions: Error: Failed to load image from data URI (…).
    at YG (https://app-companion-430619.appspot.com/assets/util-BcnQOj-A.js:451:38614)
    at async bK (https://app-companion-430619.appspot.com/assets/util-BcnQOj-A.js:451:42901)
    at async PK.collectSessionOutputNodes (https://app-companion-430619.appspot.com/assets/util-BcnQOj-A.js:451:63298)
    at async PK.layoutSession (https://app-companion-430619.appspot.com/assets/util-BcnQOj-A.js:451:64415)
    at async PK.layoutSessionsV2 (https://app-companion-430619.appspot.com/assets/util-BcnQOj-A.js:451:65372)
    at async Object.updateScreensWithSessionsInternal (https://app-companion-430619.appspot.com/assets/util-BcnQOj-A.js:451:94524)
    at async pendingLayoutCall (https://app-companion-430619.appspot.com/assets/util-BcnQOj-A.js:451:95822)
    at async https://app-companion-430619.appspot.com/assets/util-BcnQOj-A.js:451:96045 @ https://app-companion-430619.appspot.com/assets/util-BcnQOj-A.js:177
[  545920ms] [ERROR] Error in updateScreensWithSessions: Error: Failed to load image from data URI (…).
    at YG (https://app-companion-430619.appspot.com/assets/util-BcnQOj-A.js:451:38614)
    at async bK (https://app-companion-430619.appspot.com/assets/util-BcnQOj-A.js:451:42901)
    at async PK.collectSessionOutputNodes (https://app-companion-430619.appspot.com/assets/util-BcnQOj-A.js:451:63298)
    at async PK.layoutSession (https://app-companion-430619.appspot.com/assets/util-BcnQOj-A.js:451:64415)
    at async PK.layoutSessionsV2 (https://app-companion-430619.appspot.com/assets/util-BcnQOj-A.js:451:65372)
    at async Object.updateScreensWithSessionsInternal (https://app-companion-430619.appspot.com/assets/util-BcnQOj-A.js:451:94524)
    at async pendingLayoutCall (https://app-companion-430619.appspot.com/assets/util-BcnQOj-A.js:451:95822)
    at async https://app-companion-430619.appspot.com/assets/util-BcnQOj-A.js:451:96045 @ https://app-companion-430619.appspot.com/assets/util-BcnQOj-A.js:177
[  546418ms] [ERROR] Error in updateScreensWithSessions: Error: Failed to load image from data URI (…).
    at YG (https://app-companion-430619.appspot.com/assets/util-BcnQOj-A.js:451:38614)
    at async bK (https://app-companion-430619.appspot.com/assets/util-BcnQOj-A.js:451:42901)
    at async PK.collectSessionOutputNodes (https://app-companion-430619.appspot.com/assets/util-BcnQOj-A.js:451:63298)
    at async PK.layoutSession (https://app-companion-430619.appspot.com/assets/util-BcnQOj-A.js:451:64415)
    at async PK.layoutSessionsV2 (https://app-companion-430619.appspot.com/assets/util-BcnQOj-A.js:451:65372)
    at async Object.updateScreensWithSessionsInternal (https://app-companion-430619.appspot.com/assets/util-BcnQOj-A.js:451:94524)
    at async pendingLayoutCall (https://app-companion-430619.appspot.com/assets/util-BcnQOj-A.js:451:95822)
    at async https://app-companion-430619.appspot.com/assets/util-BcnQOj-A.js:451:96045 @ https://app-companion-430619.appspot.com/assets/util-BcnQOj-A.js:177
[  547241ms] [ERROR] Error in updateScreensWithSessions: Error: Failed to load image from data URI (…).
    at YG (https://app-companion-430619.appspot.com/assets/util-BcnQOj-A.js:451:38614)
    at async bK (https://app-companion-430619.appspot.com/assets/util-BcnQOj-A.js:451:42901)
    at async PK.collectSessionOutputNodes (https://app-companion-430619.appspot.com/assets/util-BcnQOj-A.js:451:63298)
    at async PK.layoutSession (https://app-companion-430619.appspot.com/assets/util-BcnQOj-A.js:451:64415)
    at async PK.layoutSessionsV2 (https://app-companion-430619.appspot.com/assets/util-BcnQOj-A.js:451:65372)
    at async Object.updateScreensWithSessionsInternal (https://app-companion-430619.appspot.com/assets/util-BcnQOj-A.js:451:94524)
    at async pendingLayoutCall (https://app-companion-430619.appspot.com/assets/util-BcnQOj-A.js:451:95822)
    at async https://app-companion-430619.appspot.com/assets/util-BcnQOj-A.js:451:96045 @ https://app-companion-430619.appspot.com/assets/util-BcnQOj-A.js:177
[  547997ms] [ERROR] Error in updateScreensWithSessions: Error: Failed to load image from data URI (…).
    at YG (https://app-companion-430619.appspot.com/assets/util-BcnQOj-A.js:451:38614)
    at async bK (https://app-companion-430619.appspot.com/assets/util-BcnQOj-A.js:451:42901)
    at async PK.collectSessionOutputNodes (https://app-companion-430619.appspot.com/assets/util-BcnQOj-A.js:451:63298)
    at async PK.layoutSession (https://app-companion-430619.appspot.com/assets/util-BcnQOj-A.js:451:64415)
    at async PK.layoutSessionsV2 (https://app-companion-430619.appspot.com/assets/util-BcnQOj-A.js:451:65372)
    at async Object.updateScreensWithSessionsInternal (https://app-companion-430619.appspot.com/assets/util-BcnQOj-A.js:451:94524)
    at async pendingLayoutCall (https://app-companion-430619.appspot.com/assets/util-BcnQOj-A.js:451:95822)
    at async https://app-companion-430619.appspot.com/assets/util-BcnQOj-A.js:451:96045 @ https://app-companion-430619.appspot.com/assets/util-BcnQOj-A.js:177
[  548745ms] [ERROR] Error in updateScreensWithSessions: Error: Failed to load image from data URI (…).
    at YG (https://app-companion-430619.appspot.com/assets/util-BcnQOj-A.js:451:38614)
    at async bK (https://app-companion-430619.appspot.com/assets/util-BcnQOj-A.js:451:42901)
    at async PK.collectSessionOutputNodes (https://app-companion-430619.appspot.com/assets/util-BcnQOj-A.js:451:63298)
    at async PK.layoutSession (https://app-companion-430619.appspot.com/assets/util-BcnQOj-A.js:451:64415)
    at async PK.layoutSessionsV2 (https://app-companion-430619.appspot.com/assets/util-BcnQOj-A.js:451:65372)
    at async Object.updateScreensWithSessionsInternal (https://app-companion-430619.appspot.com/assets/util-BcnQOj-A.js:451:94524)
    at async pendingLayoutCall (https://app-companion-430619.appspot.com/assets/util-BcnQOj-A.js:451:95822)
    at async https://app-companion-430619.appspot.com/assets/util-BcnQOj-A.js:451:96045 @ https://app-companion-430619.appspot.com/assets/util-BcnQOj-A.js:177
[  549460ms] [ERROR] Error in updateScreensWithSessions: Error: Failed to load image from data URI (…).
    at YG (https://app-companion-430619.appspot.com/assets/util-BcnQOj-A.js:451:38614)
    at async bK (https://app-companion-430619.appspot.com/assets/util-BcnQOj-A.js:451:42901)
    at async PK.collectSessionOutputNodes (https://app-companion-430619.appspot.com/assets/util-BcnQOj-A.js:451:63298)
    at async PK.layoutSession (https://app-companion-430619.appspot.com/assets/util-BcnQOj-A.js:451:64415)
    at async PK.layoutSessionsV2 (https://app-companion-430619.appspot.com/assets/util-BcnQOj-A.js:451:65372)
    at async Object.updateScreensWithSessionsInternal (https://app-companion-430619.appspot.com/assets/util-BcnQOj-A.js:451:94524)
    at async pendingLayoutCall (https://app-companion-430619.appspot.com/assets/util-BcnQOj-A.js:451:95822)
    at async https://app-companion-430619.appspot.com/assets/util-BcnQOj-A.js:451:96045 @ https://app-companion-430619.appspot.com/assets/util-BcnQOj-A.js:177
[  550826ms] [ERROR] Error in updateScreensWithSessions: Error: Failed to load image from data URI (…).
    at YG (https://app-companion-430619.appspot.com/assets/util-BcnQOj-A.js:451:38614)
    at async bK (https://app-companion-430619.appspot.com/assets/util-BcnQOj-A.js:451:42901)
    at async PK.collectSessionOutputNodes (https://app-companion-430619.appspot.com/assets/util-BcnQOj-A.js:451:63298)
    at async PK.layoutSession (https://app-companion-430619.appspot.com/assets/util-BcnQOj-A.js:451:64415)
    at async PK.layoutSessionsV2 (https://app-companion-430619.appspot.com/assets/util-BcnQOj-A.js:451:65372)
    at async Object.updateScreensWithSessionsInternal (https://app-companion-430619.appspot.com/assets/util-BcnQOj-A.js:451:94524)
    at async pendingLayoutCall (https://app-companion-430619.appspot.com/assets/util-BcnQOj-A.js:451:95822)
    at async https://app-companion-430619.appspot.com/assets/util-BcnQOj-A.js:451:96045 @ https://app-companion-430619.appspot.com/assets/util-BcnQOj-A.js:177
[  552000ms] [ERROR] Error in updateScreensWithSessions: Error: Failed to load image from data URI (…).
    at YG (https://app-companion-430619.appspot.com/assets/util-BcnQOj-A.js:451:38614)
    at async bK (https://app-companion-430619.appspot.com/assets/util-BcnQOj-A.js:451:42901)
    at async PK.collectSessionOutputNodes (https://app-companion-430619.appspot.com/assets/util-BcnQOj-A.js:451:63298)
    at async PK.layoutSession (https://app-companion-430619.appspot.com/assets/util-BcnQOj-A.js:451:64415)
    at async PK.layoutSessionsV2 (https://app-companion-430619.appspot.com/assets/util-BcnQOj-A.js:451:65372)
    at async Object.updateScreensWithSessionsInternal (https://app-companion-430619.appspot.com/assets/util-BcnQOj-A.js:451:94524)
    at async pendingLayoutCall (https://app-companion-430619.appspot.com/assets/util-BcnQOj-A.js:451:95822)
    at async https://app-companion-430619.appspot.com/assets/util-BcnQOj-A.js:451:96045 @ https://app-companion-430619.appspot.com/assets/util-BcnQOj-A.js:177
[  552688ms] [ERROR] Error in updateScreensWithSessions: Error: Failed to load image from data URI (…).
    at YG (https://app-companion-430619.appspot.com/assets/util-BcnQOj-A.js:451:38614)
    at async bK (https://app-companion-430619.appspot.com/assets/util-BcnQOj-A.js:451:42901)
    at async PK.collectSessionOutputNodes (https://app-companion-430619.appspot.com/assets/util-BcnQOj-A.js:451:63298)
    at async PK.layoutSession (https://app-companion-430619.appspot.com/assets/util-BcnQOj-A.js:451:64415)
    at async PK.layoutSessionsV2 (https://app-companion-430619.appspot.com/assets/util-BcnQOj-A.js:451:65372)
    at async Object.updateScreensWithSessionsInternal (https://app-companion-430619.appspot.com/assets/util-BcnQOj-A.js:451:94524)
    at async pendingLayoutCall (https://app-companion-430619.appspot.com/assets/util-BcnQOj-A.js:451:95822)
    at async https://app-companion-430619.appspot.com/assets/util-BcnQOj-A.js:451:96045 @ https://app-companion-430619.appspot.com/assets/util-BcnQOj-A.js:177
[  553753ms] [ERROR] Error in updateScreensWithSessions: Error: Failed to load image from data URI (…).
    at YG (https://app-companion-430619.appspot.com/assets/util-BcnQOj-A.js:451:38614)
    at async bK (https://app-companion-430619.appspot.com/assets/util-BcnQOj-A.js:451:42901)
    at async PK.collectSessionOutputNodes (https://app-companion-430619.appspot.com/assets/util-BcnQOj-A.js:451:63298)
    at async PK.layoutSession (https://app-companion-430619.appspot.com/assets/util-BcnQOj-A.js:451:64415)
    at async PK.layoutSessionsV2 (https://app-companion-430619.appspot.com/assets/util-BcnQOj-A.js:451:65372)
    at async Object.updateScreensWithSessionsInternal (https://app-companion-430619.appspot.com/assets/util-BcnQOj-A.js:451:94524)
    at async pendingLayoutCall (https://app-companion-430619.appspot.com/assets/util-BcnQOj-A.js:451:95822)
    at async https://app-companion-430619.appspot.com/assets/util-BcnQOj-A.js:451:96045 @ https://app-companion-430619.appspot.com/assets/util-BcnQOj-A.js:177
[  554609ms] [ERROR] Error in updateScreensWithSessions: Error: Failed to load image from data URI (…).
    at YG (https://app-companion-430619.appspot.com/assets/util-BcnQOj-A.js:451:38614)
    at async bK (https://app-companion-430619.appspot.com/assets/util-BcnQOj-A.js:451:42901)
    at async PK.collectSessionOutputNodes (https://app-companion-430619.appspot.com/assets/util-BcnQOj-A.js:451:63298)
    at async PK.layoutSession (https://app-companion-430619.appspot.com/assets/util-BcnQOj-A.js:451:64415)
    at async PK.layoutSessionsV2 (https://app-companion-430619.appspot.com/assets/util-BcnQOj-A.js:451:65372)
    at async Object.updateScreensWithSessionsInternal (https://app-companion-430619.appspot.com/assets/util-BcnQOj-A.js:451:94524)
    at async pendingLayoutCall (https://app-companion-430619.appspot.com/assets/util-BcnQOj-A.js:451:95822)
    at async https://app-companion-430619.appspot.com/assets/util-BcnQOj-A.js:451:96045 @ https://app-companion-430619.appspot.com/assets/util-BcnQOj-A.js:177
[  555424ms] [ERROR] Error in updateScreensWithSessions: Error: Failed to load image from data URI (…).
    at YG (https://app-companion-430619.appspot.com/assets/util-BcnQOj-A.js:451:38614)
    at async bK (https://app-companion-430619.appspot.com/assets/util-BcnQOj-A.js:451:42901)
    at async PK.collectSessionOutputNodes (https://app-companion-430619.appspot.com/assets/util-BcnQOj-A.js:451:63298)
    at async PK.layoutSession (https://app-companion-430619.appspot.com/assets/util-BcnQOj-A.js:451:64415)
    at async PK.layoutSessionsV2 (https://app-companion-430619.appspot.com/assets/util-BcnQOj-A.js:451:65372)
    at async Object.updateScreensWithSessionsInternal (https://app-companion-430619.appspot.com/assets/util-BcnQOj-A.js:451:94524)
    at async pendingLayoutCall (https://app-companion-430619.appspot.com/assets/util-BcnQOj-A.js:451:95822)
    at async https://app-companion-430619.appspot.com/assets/util-BcnQOj-A.js:451:96045 @ https://app-companion-430619.appspot.com/assets/util-BcnQOj-A.js:177
[  556533ms] [ERROR] Error in updateScreensWithSessions: Error: Failed to load image from data URI (…).
    at YG (https://app-companion-430619.appspot.com/assets/util-BcnQOj-A.js:451:38614)
    at async bK (https://app-companion-430619.appspot.com/assets/util-BcnQOj-A.js:451:42901)
    at async PK.collectSessionOutputNodes (https://app-companion-430619.appspot.com/assets/util-BcnQOj-A.js:451:63298)
    at async PK.layoutSession (https://app-companion-430619.appspot.com/assets/util-BcnQOj-A.js:451:64415)
    at async PK.layoutSessionsV2 (https://app-companion-430619.appspot.com/assets/util-BcnQOj-A.js:451:65372)
    at async Object.updateScreensWithSessionsInternal (https://app-companion-430619.appspot.com/assets/util-BcnQOj-A.js:451:94524)
    at async pendingLayoutCall (https://app-companion-430619.appspot.com/assets/util-BcnQOj-A.js:451:95822)
    at async https://app-companion-430619.appspot.com/assets/util-BcnQOj-A.js:451:96045 @ https://app-companion-430619.appspot.com/assets/util-BcnQOj-A.js:177
[  557465ms] [ERROR] Error in updateScreensWithSessions: Error: Failed to load image from data URI (…).
    at YG (https://app-companion-430619.appspot.com/assets/util-BcnQOj-A.js:451:38614)
    at async bK (https://app-companion-430619.appspot.com/assets/util-BcnQOj-A.js:451:42901)
    at async PK.collectSessionOutputNodes (https://app-companion-430619.appspot.com/assets/util-BcnQOj-A.js:451:63298)
    at async PK.layoutSession (https://app-companion-430619.appspot.com/assets/util-BcnQOj-A.js:451:64415)
    at async PK.layoutSessionsV2 (https://app-companion-430619.appspot.com/assets/util-BcnQOj-A.js:451:65372)
    at async Object.updateScreensWithSessionsInternal (https://app-companion-430619.appspot.com/assets/util-BcnQOj-A.js:451:94524)
    at async pendingLayoutCall (https://app-companion-430619.appspot.com/assets/util-BcnQOj-A.js:451:95822)
    at async https://app-companion-430619.appspot.com/assets/util-BcnQOj-A.js:451:96045 @ https://app-companion-430619.appspot.com/assets/util-BcnQOj-A.js:177
[  558102ms] [ERROR] Error in updateScreensWithSessions: Error: Failed to load image from data URI (…).
    at YG (https://app-companion-430619.appspot.com/assets/util-BcnQOj-A.js:451:38614)
    at async bK (https://app-companion-430619.appspot.com/assets/util-BcnQOj-A.js:451:42901)
    at async PK.collectSessionOutputNodes (https://app-companion-430619.appspot.com/assets/util-BcnQOj-A.js:451:63298)
    at async PK.layoutSession (https://app-companion-430619.appspot.com/assets/util-BcnQOj-A.js:451:64415)
    at async PK.layoutSessionsV2 (https://app-companion-430619.appspot.com/assets/util-BcnQOj-A.js:451:65372)
    at async Object.updateScreensWithSessionsInternal (https://app-companion-430619.appspot.com/assets/util-BcnQOj-A.js:451:94524)
    at async pendingLayoutCall (https://app-companion-430619.appspot.com/assets/util-BcnQOj-A.js:451:95822)
    at async https://app-companion-430619.appspot.com/assets/util-BcnQOj-A.js:451:96045 @ https://app-companion-430619.appspot.com/assets/util-BcnQOj-A.js:177
[  558961ms] [ERROR] Error in updateScreensWithSessions: Error: Failed to load image from data URI (…).
    at YG (https://app-companion-430619.appspot.com/assets/util-BcnQOj-A.js:451:38614)
    at async bK (https://app-companion-430619.appspot.com/assets/util-BcnQOj-A.js:451:42901)
    at async PK.collectSessionOutputNodes (https://app-companion-430619.appspot.com/assets/util-BcnQOj-A.js:451:63298)
    at async PK.layoutSession (https://app-companion-430619.appspot.com/assets/util-BcnQOj-A.js:451:64415)
    at async PK.layoutSessionsV2 (https://app-companion-430619.appspot.com/assets/util-BcnQOj-A.js:451:65372)
    at async Object.updateScreensWithSessionsInternal (https://app-companion-430619.appspot.com/assets/util-BcnQOj-A.js:451:94524)
    at async pendingLayoutCall (https://app-companion-430619.appspot.com/assets/util-BcnQOj-A.js:451:95822)
    at async https://app-companion-430619.appspot.com/assets/util-BcnQOj-A.js:451:96045 @ https://app-companion-430619.appspot.com/assets/util-BcnQOj-A.js:177
[  559684ms] [ERROR] Error in updateScreensWithSessions: Error: Failed to load image from data URI (…).
    at YG (https://app-companion-430619.appspot.com/assets/util-BcnQOj-A.js:451:38614)
    at async bK (https://app-companion-430619.appspot.com/assets/util-BcnQOj-A.js:451:42901)
    at async PK.collectSessionOutputNodes (https://app-companion-430619.appspot.com/assets/util-BcnQOj-A.js:451:63298)
    at async PK.layoutSession (https://app-companion-430619.appspot.com/assets/util-BcnQOj-A.js:451:64415)
    at async PK.layoutSessionsV2 (https://app-companion-430619.appspot.com/assets/util-BcnQOj-A.js:451:65372)
    at async Object.updateScreensWithSessionsInternal (https://app-companion-430619.appspot.com/assets/util-BcnQOj-A.js:451:94524)
    at async pendingLayoutCall (https://app-companion-430619.appspot.com/assets/util-BcnQOj-A.js:451:95822)
    at async https://app-companion-430619.appspot.com/assets/util-BcnQOj-A.js:451:96045 @ https://app-companion-430619.appspot.com/assets/util-BcnQOj-A.js:177
[  560439ms] [ERROR] Error in updateScreensWithSessions: Error: Failed to load image from data URI (…).
    at YG (https://app-companion-430619.appspot.com/assets/util-BcnQOj-A.js:451:38614)
    at async bK (https://app-companion-430619.appspot.com/assets/util-BcnQOj-A.js:451:42901)
    at async PK.collectSessionOutputNodes (https://app-companion-430619.appspot.com/assets/util-BcnQOj-A.js:451:63298)
    at async PK.layoutSession (https://app-companion-430619.appspot.com/assets/util-BcnQOj-A.js:451:64415)
    at async PK.layoutSessionsV2 (https://app-companion-430619.appspot.com/assets/util-BcnQOj-A.js:451:65372)
    at async Object.updateScreensWithSessionsInternal (https://app-companion-430619.appspot.com/assets/util-BcnQOj-A.js:451:94524)
    at async pendingLayoutCall (https://app-companion-430619.appspot.com/assets/util-BcnQOj-A.js:451:95822)
    at async https://app-companion-430619.appspot.com/assets/util-BcnQOj-A.js:451:96045 @ https://app-companion-430619.appspot.com/assets/util-BcnQOj-A.js:177
[  561218ms] [ERROR] Error in updateScreensWithSessions: Error: Failed to load image from data URI (…).
    at YG (https://app-companion-430619.appspot.com/assets/util-BcnQOj-A.js:451:38614)
    at async bK (https://app-companion-430619.appspot.com/assets/util-BcnQOj-A.js:451:42901)
    at async PK.collectSessionOutputNodes (https://app-companion-430619.appspot.com/assets/util-BcnQOj-A.js:451:63298)
    at async PK.layoutSession (https://app-companion-430619.appspot.com/assets/util-BcnQOj-A.js:451:64415)
    at async PK.layoutSessionsV2 (https://app-companion-430619.appspot.com/assets/util-BcnQOj-A.js:451:65372)
    at async Object.updateScreensWithSessionsInternal (https://app-companion-430619.appspot.com/assets/util-BcnQOj-A.js:451:94524)
    at async pendingLayoutCall (https://app-companion-430619.appspot.com/assets/util-BcnQOj-A.js:451:95822)
    at async https://app-companion-430619.appspot.com/assets/util-BcnQOj-A.js:451:96045 @ https://app-companion-430619.appspot.com/assets/util-BcnQOj-A.js:177
[  561926ms] [ERROR] Error in updateScreensWithSessions: Error: Failed to load image from data URI (…).
    at YG (https://app-companion-430619.appspot.com/assets/util-BcnQOj-A.js:451:38614)
    at async bK (https://app-companion-430619.appspot.com/assets/util-BcnQOj-A.js:451:42901)
    at async PK.collectSessionOutputNodes (https://app-companion-430619.appspot.com/assets/util-BcnQOj-A.js:451:63298)
    at async PK.layoutSession (https://app-companion-430619.appspot.com/assets/util-BcnQOj-A.js:451:64415)
    at async PK.layoutSessionsV2 (https://app-companion-430619.appspot.com/assets/util-BcnQOj-A.js:451:65372)
    at async Object.updateScreensWithSessionsInternal (https://app-companion-430619.appspot.com/assets/util-BcnQOj-A.js:451:94524)
    at async pendingLayoutCall (https://app-companion-430619.appspot.com/assets/util-BcnQOj-A.js:451:95822)
    at async https://app-companion-430619.appspot.com/assets/util-BcnQOj-A.js:451:96045 @ https://app-companion-430619.appspot.com/assets/util-BcnQOj-A.js:177
[  562752ms] [ERROR] Error in updateScreensWithSessions: Error: Failed to load image from data URI (…).
    at YG (https://app-companion-430619.appspot.com/assets/util-BcnQOj-A.js:451:38614)
    at async bK (https://app-companion-430619.appspot.com/assets/util-BcnQOj-A.js:451:42901)
    at async PK.collectSessionOutputNodes (https://app-companion-430619.appspot.com/assets/util-BcnQOj-A.js:451:63298)
    at async PK.layoutSession (https://app-companion-430619.appspot.com/assets/util-BcnQOj-A.js:451:64415)
    at async PK.layoutSessionsV2 (https://app-companion-430619.appspot.com/assets/util-BcnQOj-A.js:451:65372)
    at async Object.updateScreensWithSessionsInternal (https://app-companion-430619.appspot.com/assets/util-BcnQOj-A.js:451:94524)
    at async pendingLayoutCall (https://app-companion-430619.appspot.com/assets/util-BcnQOj-A.js:451:95822)
    at async https://app-companion-430619.appspot.com/assets/util-BcnQOj-A.js:451:96045 @ https://app-companion-430619.appspot.com/assets/util-BcnQOj-A.js:177
[  563681ms] [ERROR] Error in updateScreensWithSessions: Error: Failed to load image from data URI (…).
    at YG (https://app-companion-430619.appspot.com/assets/util-BcnQOj-A.js:451:38614)
    at async bK (https://app-companion-430619.appspot.com/assets/util-BcnQOj-A.js:451:42901)
    at async PK.collectSessionOutputNodes (https://app-companion-430619.appspot.com/assets/util-BcnQOj-A.js:451:63298)
    at async PK.layoutSession (https://app-companion-430619.appspot.com/assets/util-BcnQOj-A.js:451:64415)
    at async PK.layoutSessionsV2 (https://app-companion-430619.appspot.com/assets/util-BcnQOj-A.js:451:65372)
    at async Object.updateScreensWithSessionsInternal (https://app-companion-430619.appspot.com/assets/util-BcnQOj-A.js:451:94524)
    at async pendingLayoutCall (https://app-companion-430619.appspot.com/assets/util-BcnQOj-A.js:451:95822)
    at async https://app-companion-430619.appspot.com/assets/util-BcnQOj-A.js:451:96045 @ https://app-companion-430619.appspot.com/assets/util-BcnQOj-A.js:177
[  564641ms] [ERROR] Error in updateScreensWithSessions: Error: Failed to load image from data URI (…).
    at YG (https://app-companion-430619.appspot.com/assets/util-BcnQOj-A.js:451:38614)
    at async bK (https://app-companion-430619.appspot.com/assets/util-BcnQOj-A.js:451:42901)
    at async PK.collectSessionOutputNodes (https://app-companion-430619.appspot.com/assets/util-BcnQOj-A.js:451:63298)
    at async PK.layoutSession (https://app-companion-430619.appspot.com/assets/util-BcnQOj-A.js:451:64415)
    at async PK.layoutSessionsV2 (https://app-companion-430619.appspot.com/assets/util-BcnQOj-A.js:451:65372)
    at async Object.updateScreensWithSessionsInternal (https://app-companion-430619.appspot.com/assets/util-BcnQOj-A.js:451:94524)
    at async pendingLayoutCall (https://app-companion-430619.appspot.com/assets/util-BcnQOj-A.js:451:95822)
    at async https://app-companion-430619.appspot.com/assets/util-BcnQOj-A.js:451:96045 @ https://app-companion-430619.appspot.com/assets/util-BcnQOj-A.js:177
[  565589ms] [ERROR] Error in updateScreensWithSessions: Error: Failed to load image from data URI (…).
    at YG (https://app-companion-430619.appspot.com/assets/util-BcnQOj-A.js:451:38614)
    at async bK (https://app-companion-430619.appspot.com/assets/util-BcnQOj-A.js:451:42901)
    at async PK.collectSessionOutputNodes (https://app-companion-430619.appspot.com/assets/util-BcnQOj-A.js:451:63298)
    at async PK.layoutSession (https://app-companion-430619.appspot.com/assets/util-BcnQOj-A.js:451:64415)
    at async PK.layoutSessionsV2 (https://app-companion-430619.appspot.com/assets/util-BcnQOj-A.js:451:65372)
    at async Object.updateScreensWithSessionsInternal (https://app-companion-430619.appspot.com/assets/util-BcnQOj-A.js:451:94524)
    at async pendingLayoutCall (https://app-companion-430619.appspot.com/assets/util-BcnQOj-A.js:451:95822)
    at async https://app-companion-430619.appspot.com/assets/util-BcnQOj-A.js:451:96045 @ https://app-companion-430619.appspot.com/assets/util-BcnQOj-A.js:177
[  566513ms] [ERROR] Error in updateScreensWithSessions: Error: Failed to load image from data URI (…).
    at YG (https://app-companion-430619.appspot.com/assets/util-BcnQOj-A.js:451:38614)
    at async bK (https://app-companion-430619.appspot.com/assets/util-BcnQOj-A.js:451:42901)
    at async PK.collectSessionOutputNodes (https://app-companion-430619.appspot.com/assets/util-BcnQOj-A.js:451:63298)
    at async PK.layoutSession (https://app-companion-430619.appspot.com/assets/util-BcnQOj-A.js:451:64415)
    at async PK.layoutSessionsV2 (https://app-companion-430619.appspot.com/assets/util-BcnQOj-A.js:451:65372)
    at async Object.updateScreensWithSessionsInternal (https://app-companion-430619.appspot.com/assets/util-BcnQOj-A.js:451:94524)
    at async pendingLayoutCall (https://app-companion-430619.appspot.com/assets/util-BcnQOj-A.js:451:95822)
    at async https://app-companion-430619.appspot.com/assets/util-BcnQOj-A.js:451:96045 @ https://app-companion-430619.appspot.com/assets/util-BcnQOj-A.js:177
[  567369ms] [ERROR] Error in updateScreensWithSessions: Error: Failed to load image from data URI (…).
    at YG (https://app-companion-430619.appspot.com/assets/util-BcnQOj-A.js:451:38614)
    at async bK (https://app-companion-430619.appspot.com/assets/util-BcnQOj-A.js:451:42901)
    at async PK.collectSessionOutputNodes (https://app-companion-430619.appspot.com/assets/util-BcnQOj-A.js:451:63298)
    at async PK.layoutSession (https://app-companion-430619.appspot.com/assets/util-BcnQOj-A.js:451:64415)
    at async PK.layoutSessionsV2 (https://app-companion-430619.appspot.com/assets/util-BcnQOj-A.js:451:65372)
    at async Object.updateScreensWithSessionsInternal (https://app-companion-430619.appspot.com/assets/util-BcnQOj-A.js:451:94524)
    at async pendingLayoutCall (https://app-companion-430619.appspot.com/assets/util-BcnQOj-A.js:451:95822)
    at async https://app-companion-430619.appspot.com/assets/util-BcnQOj-A.js:451:96045 @ https://app-companion-430619.appspot.com/assets/util-BcnQOj-A.js:177
[  568284ms] [ERROR] Error in updateScreensWithSessions: Error: Failed to load image from data URI (…).
    at YG (https://app-companion-430619.appspot.com/assets/util-BcnQOj-A.js:451:38614)
    at async bK (https://app-companion-430619.appspot.com/assets/util-BcnQOj-A.js:451:42901)
    at async PK.collectSessionOutputNodes (https://app-companion-430619.appspot.com/assets/util-BcnQOj-A.js:451:63298)
    at async PK.layoutSession (https://app-companion-430619.appspot.com/assets/util-BcnQOj-A.js:451:64415)
    at async PK.layoutSessionsV2 (https://app-companion-430619.appspot.com/assets/util-BcnQOj-A.js:451:65372)
    at async Object.updateScreensWithSessionsInternal (https://app-companion-430619.appspot.com/assets/util-BcnQOj-A.js:451:94524)
    at async pendingLayoutCall (https://app-companion-430619.appspot.com/assets/util-BcnQOj-A.js:451:95822)
    at async https://app-companion-430619.appspot.com/assets/util-BcnQOj-A.js:451:96045 @ https://app-companion-430619.appspot.com/assets/util-BcnQOj-A.js:177
[  572552ms] [ERROR] Error in updateScreensWithSessions: Error: Failed to load image from data URI (…).
    at YG (https://app-companion-430619.appspot.com/assets/util-BcnQOj-A.js:451:38614)
    at async bK (https://app-companion-430619.appspot.com/assets/util-BcnQOj-A.js:451:42901)
    at async PK.collectSessionOutputNodes (https://app-companion-430619.appspot.com/assets/util-BcnQOj-A.js:451:63298)
    at async PK.layoutSession (https://app-companion-430619.appspot.com/assets/util-BcnQOj-A.js:451:64415)
    at async PK.layoutSessionsV2 (https://app-companion-430619.appspot.com/assets/util-BcnQOj-A.js:451:65372)
    at async Object.updateScreensWithSessionsInternal (https://app-companion-430619.appspot.com/assets/util-BcnQOj-A.js:451:94524)
    at async pendingLayoutCall (https://app-companion-430619.appspot.com/assets/util-BcnQOj-A.js:451:95822)
    at async https://app-companion-430619.appspot.com/assets/util-BcnQOj-A.js:451:96045 @ https://app-companion-430619.appspot.com/assets/util-BcnQOj-A.js:177
[  572884ms] [ERROR] Error in updateScreensWithSessions: Error: Failed to load image from data URI (…).
    at YG (https://app-companion-430619.appspot.com/assets/util-BcnQOj-A.js:451:38614)
    at async bK (https://app-companion-430619.appspot.com/assets/util-BcnQOj-A.js:451:42901)
    at async PK.collectSessionOutputNodes (https://app-companion-430619.appspot.com/assets/util-BcnQOj-A.js:451:63298)
    at async PK.layoutSession (https://app-companion-430619.appspot.com/assets/util-BcnQOj-A.js:451:64415)
    at async PK.layoutSessionsV2 (https://app-companion-430619.appspot.com/assets/util-BcnQOj-A.js:451:65372)
    at async Object.updateScreensWithSessionsInternal (https://app-companion-430619.appspot.com/assets/util-BcnQOj-A.js:451:94524)
    at async pendingLayoutCall (https://app-companion-430619.appspot.com/assets/util-BcnQOj-A.js:451:95822)
    at async https://app-companion-430619.appspot.com/assets/util-BcnQOj-A.js:451:96045 @ https://app-companion-430619.appspot.com/assets/util-BcnQOj-A.js:177
[  573197ms] [ERROR] Error in updateScreensWithSessions: Error: Failed to load image from data URI (…).
    at YG (https://app-companion-430619.appspot.com/assets/util-BcnQOj-A.js:451:38614)
    at async bK (https://app-companion-430619.appspot.com/assets/util-BcnQOj-A.js:451:42901)
    at async PK.collectSessionOutputNodes (https://app-companion-430619.appspot.com/assets/util-BcnQOj-A.js:451:63298)
    at async PK.layoutSession (https://app-companion-430619.appspot.com/assets/util-BcnQOj-A.js:451:64415)
    at async PK.layoutSessionsV2 (https://app-companion-430619.appspot.com/assets/util-BcnQOj-A.js:451:65372)
    at async Object.updateScreensWithSessionsInternal (https://app-companion-430619.appspot.com/assets/util-BcnQOj-A.js:451:94524)
    at async pendingLayoutCall (https://app-companion-430619.appspot.com/assets/util-BcnQOj-A.js:451:95822)
    at async https://app-companion-430619.appspot.com/assets/util-BcnQOj-A.js:451:96045 @ https://app-companion-430619.appspot.com/assets/util-BcnQOj-A.js:177
[  574655ms] [ERROR] Error in updateScreensWithSessions: Error: Failed to load image from data URI (…).
    at YG (https://app-companion-430619.appspot.com/assets/util-BcnQOj-A.js:451:38614)
    at async bK (https://app-companion-430619.appspot.com/assets/util-BcnQOj-A.js:451:42901)
    at async PK.collectSessionOutputNodes (https://app-companion-430619.appspot.com/assets/util-BcnQOj-A.js:451:63298)
    at async PK.layoutSession (https://app-companion-430619.appspot.com/assets/util-BcnQOj-A.js:451:64415)
    at async PK.layoutSessionsV2 (https://app-companion-430619.appspot.com/assets/util-BcnQOj-A.js:451:65372)
    at async Object.updateScreensWithSessionsInternal (https://app-companion-430619.appspot.com/assets/util-BcnQOj-A.js:451:94524)
    at async pendingLayoutCall (https://app-companion-430619.appspot.com/assets/util-BcnQOj-A.js:451:95822)
    at async https://app-companion-430619.appspot.com/assets/util-BcnQOj-A.js:451:96045 @ https://app-companion-430619.appspot.com/assets/util-BcnQOj-A.js:177
[  586343ms] [ERROR] Error in updateScreensWithSessions: Error: Failed to load image from data URI (…).
    at YG (https://app-companion-430619.appspot.com/assets/util-BcnQOj-A.js:451:38614)
    at async bK (https://app-companion-430619.appspot.com/assets/util-BcnQOj-A.js:451:42901)
    at async PK.collectSessionOutputNodes (https://app-companion-430619.appspot.com/assets/util-BcnQOj-A.js:451:63298)
    at async PK.layoutSession (https://app-companion-430619.appspot.com/assets/util-BcnQOj-A.js:451:64415)
    at async PK.layoutSessionsV2 (https://app-companion-430619.appspot.com/assets/util-BcnQOj-A.js:451:65372)
    at async Object.updateScreensWithSessionsInternal (https://app-companion-430619.appspot.com/assets/util-BcnQOj-A.js:451:94524)
    at async pendingLayoutCall (https://app-companion-430619.appspot.com/assets/util-BcnQOj-A.js:451:95822)
    at async https://app-companion-430619.appspot.com/assets/util-BcnQOj-A.js:451:96045 @ https://app-companion-430619.appspot.com/assets/util-BcnQOj-A.js:177
[  586862ms] [ERROR] Error in updateScreensWithSessions: Error: Failed to load image from data URI (…).
    at YG (https://app-companion-430619.appspot.com/assets/util-BcnQOj-A.js:451:38614)
    at async bK (https://app-companion-430619.appspot.com/assets/util-BcnQOj-A.js:451:42901)
    at async PK.collectSessionOutputNodes (https://app-companion-430619.appspot.com/assets/util-BcnQOj-A.js:451:63298)
    at async PK.layoutSession (https://app-companion-430619.appspot.com/assets/util-BcnQOj-A.js:451:64415)
    at async PK.layoutSessionsV2 (https://app-companion-430619.appspot.com/assets/util-BcnQOj-A.js:451:65372)
    at async Object.updateScreensWithSessionsInternal (https://app-companion-430619.appspot.com/assets/util-BcnQOj-A.js:451:94524)
    at async pendingLayoutCall (https://app-companion-430619.appspot.com/assets/util-BcnQOj-A.js:451:95822)
    at async https://app-companion-430619.appspot.com/assets/util-BcnQOj-A.js:451:96045 @ https://app-companion-430619.appspot.com/assets/util-BcnQOj-A.js:177
[  592081ms] [ERROR] Error in updateScreensWithSessions: Error: Failed to load image from data URI (…).
    at YG (https://app-companion-430619.appspot.com/assets/util-BcnQOj-A.js:451:38614)
    at async bK (https://app-companion-430619.appspot.com/assets/util-BcnQOj-A.js:451:42901)
    at async PK.collectSessionOutputNodes (https://app-companion-430619.appspot.com/assets/util-BcnQOj-A.js:451:63298)
    at async PK.layoutSession (https://app-companion-430619.appspot.com/assets/util-BcnQOj-A.js:451:64415)
    at async PK.layoutSessionsV2 (https://app-companion-430619.appspot.com/assets/util-BcnQOj-A.js:451:65372)
    at async Object.updateScreensWithSessionsInternal (https://app-companion-430619.appspot.com/assets/util-BcnQOj-A.js:451:94524)
    at async pendingLayoutCall (https://app-companion-430619.appspot.com/assets/util-BcnQOj-A.js:451:95822)
    at async https://app-companion-430619.appspot.com/assets/util-BcnQOj-A.js:451:96045 @ https://app-companion-430619.appspot.com/assets/util-BcnQOj-A.js:177
[  592399ms] [ERROR] Error in updateScreensWithSessions: Error: Failed to load image from data URI (…).
    at YG (https://app-companion-430619.appspot.com/assets/util-BcnQOj-A.js:451:38614)
    at async bK (https://app-companion-430619.appspot.com/assets/util-BcnQOj-A.js:451:42901)
    at async PK.collectSessionOutputNodes (https://app-companion-430619.appspot.com/assets/util-BcnQOj-A.js:451:63298)
    at async PK.layoutSession (https://app-companion-430619.appspot.com/assets/util-BcnQOj-A.js:451:64415)
    at async PK.layoutSessionsV2 (https://app-companion-430619.appspot.com/assets/util-BcnQOj-A.js:451:65372)
    at async Object.updateScreensWithSessionsInternal (https://app-companion-430619.appspot.com/assets/util-BcnQOj-A.js:451:94524)
    at async pendingLayoutCall (https://app-companion-430619.appspot.com/assets/util-BcnQOj-A.js:451:95822)
    at async https://app-companion-430619.appspot.com/assets/util-BcnQOj-A.js:451:96045 @ https://app-companion-430619.appspot.com/assets/util-BcnQOj-A.js:177
[  594264ms] [ERROR] Error in updateScreensWithSessions: Error: Failed to load image from data URI (…).
    at YG (https://app-companion-430619.appspot.com/assets/util-BcnQOj-A.js:451:38614)
    at async bK (https://app-companion-430619.appspot.com/assets/util-BcnQOj-A.js:451:42901)
    at async PK.collectSessionOutputNodes (https://app-companion-430619.appspot.com/assets/util-BcnQOj-A.js:451:63298)
    at async PK.layoutSession (https://app-companion-430619.appspot.com/assets/util-BcnQOj-A.js:451:64415)
    at async PK.layoutSessionsV2 (https://app-companion-430619.appspot.com/assets/util-BcnQOj-A.js:451:65372)
    at async Object.updateScreensWithSessionsInternal (https://app-companion-430619.appspot.com/assets/util-BcnQOj-A.js:451:94524)
    at async pendingLayoutCall (https://app-companion-430619.appspot.com/assets/util-BcnQOj-A.js:451:95822)
    at async https://app-companion-430619.appspot.com/assets/util-BcnQOj-A.js:451:96045 @ https://app-companion-430619.appspot.com/assets/util-BcnQOj-A.js:177
[  654730ms] [ERROR] Error in updateScreensWithSessions: Error: Failed to load image from data URI (…).
    at YG (https://app-companion-430619.appspot.com/assets/util-BcnQOj-A.js:451:38614)
    at async bK (https://app-companion-430619.appspot.com/assets/util-BcnQOj-A.js:451:42901)
    at async PK.collectSessionOutputNodes (https://app-companion-430619.appspot.com/assets/util-BcnQOj-A.js:451:63298)
    at async PK.layoutSession (https://app-companion-430619.appspot.com/assets/util-BcnQOj-A.js:451:64415)
    at async PK.layoutSessionsV2 (https://app-companion-430619.appspot.com/assets/util-BcnQOj-A.js:451:65372)
    at async Object.updateScreensWithSessionsInternal (https://app-companion-430619.appspot.com/assets/util-BcnQOj-A.js:451:94524)
    at async pendingLayoutCall (https://app-companion-430619.appspot.com/assets/util-BcnQOj-A.js:451:95822)
    at async https://app-companion-430619.appspot.com/assets/util-BcnQOj-A.js:451:96045 @ https://app-companion-430619.appspot.com/assets/util-BcnQOj-A.js:177
[  657809ms] [ERROR] Error in updateScreensWithSessions: Error: Failed to load image from data URI (…).
    at YG (https://app-companion-430619.appspot.com/assets/util-BcnQOj-A.js:451:38614)
    at async bK (https://app-companion-430619.appspot.com/assets/util-BcnQOj-A.js:451:42901)
    at async PK.collectSessionOutputNodes (https://app-companion-430619.appspot.com/assets/util-BcnQOj-A.js:451:63298)
    at async PK.layoutSession (https://app-companion-430619.appspot.com/assets/util-BcnQOj-A.js:451:64415)
    at async PK.layoutSessionsV2 (https://app-companion-430619.appspot.com/assets/util-BcnQOj-A.js:451:65372)
    at async Object.updateScreensWithSessionsInternal (https://app-companion-430619.appspot.com/assets/util-BcnQOj-A.js:451:94524)
    at async pendingLayoutCall (https://app-companion-430619.appspot.com/assets/util-BcnQOj-A.js:451:95822)
    at async https://app-companion-430619.appspot.com/assets/util-BcnQOj-A.js:451:96045 @ https://app-companion-430619.appspot.com/assets/util-BcnQOj-A.js:177
[  666600ms] [ERROR] Error in updateScreensWithSessions: Error: Failed to load image from data URI (…).
    at YG (https://app-companion-430619.appspot.com/assets/util-BcnQOj-A.js:451:38614)
    at async bK (https://app-companion-430619.appspot.com/assets/util-BcnQOj-A.js:451:42901)
    at async PK.collectSessionOutputNodes (https://app-companion-430619.appspot.com/assets/util-BcnQOj-A.js:451:63298)
    at async PK.layoutSession (https://app-companion-430619.appspot.com/assets/util-BcnQOj-A.js:451:64415)
    at async PK.layoutSessionsV2 (https://app-companion-430619.appspot.com/assets/util-BcnQOj-A.js:451:65372)
    at async Object.updateScreensWithSessionsInternal (https://app-companion-430619.appspot.com/assets/util-BcnQOj-A.js:451:94524)
    at async pendingLayoutCall (https://app-companion-430619.appspot.com/assets/util-BcnQOj-A.js:451:95822)
    at async https://app-companion-430619.appspot.com/assets/util-BcnQOj-A.js:451:96045 @ https://app-companion-430619.appspot.com/assets/util-BcnQOj-A.js:177
[  666945ms] [ERROR] Error in updateScreensWithSessions: Error: Failed to load image from data URI (…).
    at YG (https://app-companion-430619.appspot.com/assets/util-BcnQOj-A.js:451:38614)
    at async bK (https://app-companion-430619.appspot.com/assets/util-BcnQOj-A.js:451:42901)
    at async PK.collectSessionOutputNodes (https://app-companion-430619.appspot.com/assets/util-BcnQOj-A.js:451:63298)
    at async PK.layoutSession (https://app-companion-430619.appspot.com/assets/util-BcnQOj-A.js:451:64415)
    at async PK.layoutSessionsV2 (https://app-companion-430619.appspot.com/assets/util-BcnQOj-A.js:451:65372)
    at async Object.updateScreensWithSessionsInternal (https://app-companion-430619.appspot.com/assets/util-BcnQOj-A.js:451:94524)
    at async pendingLayoutCall (https://app-companion-430619.appspot.com/assets/util-BcnQOj-A.js:451:95822)
    at async https://app-companion-430619.appspot.com/assets/util-BcnQOj-A.js:451:96045 @ https://app-companion-430619.appspot.com/assets/util-BcnQOj-A.js:177
[  667314ms] [ERROR] Error in updateScreensWithSessions: Error: Failed to load image from data URI (…).
    at YG (https://app-companion-430619.appspot.com/assets/util-BcnQOj-A.js:451:38614)
    at async bK (https://app-companion-430619.appspot.com/assets/util-BcnQOj-A.js:451:42901)
    at async PK.collectSessionOutputNodes (https://app-companion-430619.appspot.com/assets/util-BcnQOj-A.js:451:63298)
    at async PK.layoutSession (https://app-companion-430619.appspot.com/assets/util-BcnQOj-A.js:451:64415)
    at async PK.layoutSessionsV2 (https://app-companion-430619.appspot.com/assets/util-BcnQOj-A.js:451:65372)
    at async Object.updateScreensWithSessionsInternal (https://app-companion-430619.appspot.com/assets/util-BcnQOj-A.js:451:94524)
    at async pendingLayoutCall (https://app-companion-430619.appspot.com/assets/util-BcnQOj-A.js:451:95822)
    at async https://app-companion-430619.appspot.com/assets/util-BcnQOj-A.js:451:96045 @ https://app-companion-430619.appspot.com/assets/util-BcnQOj-A.js:177
[  675521ms] [ERROR] Error in updateScreensWithSessions: Error: Failed to load image from data URI (…).
    at YG (https://app-companion-430619.appspot.com/assets/util-BcnQOj-A.js:451:38614)
    at async bK (https://app-companion-430619.appspot.com/assets/util-BcnQOj-A.js:451:42901)
    at async PK.collectSessionOutputNodes (https://app-companion-430619.appspot.com/assets/util-BcnQOj-A.js:451:63298)
    at async PK.layoutSession (https://app-companion-430619.appspot.com/assets/util-BcnQOj-A.js:451:64415)
    at async PK.layoutSessionsV2 (https://app-companion-430619.appspot.com/assets/util-BcnQOj-A.js:451:65372)
    at async Object.updateScreensWithSessionsInternal (https://app-companion-430619.appspot.com/assets/util-BcnQOj-A.js:451:94524)
    at async pendingLayoutCall (https://app-companion-430619.appspot.com/assets/util-BcnQOj-A.js:451:95822)
    at async https://app-companion-430619.appspot.com/assets/util-BcnQOj-A.js:451:96045 @ https://app-companion-430619.appspot.com/assets/util-BcnQOj-A.js:177
[  675944ms] [ERROR] Error in updateScreensWithSessions: Error: Failed to load image from data URI (…).
    at YG (https://app-companion-430619.appspot.com/assets/util-BcnQOj-A.js:451:38614)
    at async bK (https://app-companion-430619.appspot.com/assets/util-BcnQOj-A.js:451:42901)
    at async PK.collectSessionOutputNodes (https://app-companion-430619.appspot.com/assets/util-BcnQOj-A.js:451:63298)
    at async PK.layoutSession (https://app-companion-430619.appspot.com/assets/util-BcnQOj-A.js:451:64415)
    at async PK.layoutSessionsV2 (https://app-companion-430619.appspot.com/assets/util-BcnQOj-A.js:451:65372)
    at async Object.updateScreensWithSessionsInternal (https://app-companion-430619.appspot.com/assets/util-BcnQOj-A.js:451:94524)
    at async pendingLayoutCall (https://app-companion-430619.appspot.com/assets/util-BcnQOj-A.js:451:95822)
    at async https://app-companion-430619.appspot.com/assets/util-BcnQOj-A.js:451:96045 @ https://app-companion-430619.appspot.com/assets/util-BcnQOj-A.js:177
[  679418ms] [ERROR] Error in updateScreensWithSessions: Error: Failed to load image from data URI (…).
    at YG (https://app-companion-430619.appspot.com/assets/util-BcnQOj-A.js:451:38614)
    at async bK (https://app-companion-430619.appspot.com/assets/util-BcnQOj-A.js:451:42901)
    at async PK.collectSessionOutputNodes (https://app-companion-430619.appspot.com/assets/util-BcnQOj-A.js:451:63298)
    at async PK.layoutSession (https://app-companion-430619.appspot.com/assets/util-BcnQOj-A.js:451:64415)
    at async PK.layoutSessionsV2 (https://app-companion-430619.appspot.com/assets/util-BcnQOj-A.js:451:65372)
    at async Object.updateScreensWithSessionsInternal (https://app-companion-430619.appspot.com/assets/util-BcnQOj-A.js:451:94524)
    at async pendingLayoutCall (https://app-companion-430619.appspot.com/assets/util-BcnQOj-A.js:451:95822)
    at async https://app-companion-430619.appspot.com/assets/util-BcnQOj-A.js:451:96045 @ https://app-companion-430619.appspot.com/assets/util-BcnQOj-A.js:177
[  682320ms] [ERROR] Error in updateScreensWithSessions: Error: Failed to load image from data URI (…).
    at YG (https://app-companion-430619.appspot.com/assets/util-BcnQOj-A.js:451:38614)
    at async bK (https://app-companion-430619.appspot.com/assets/util-BcnQOj-A.js:451:42901)
    at async PK.collectSessionOutputNodes (https://app-companion-430619.appspot.com/assets/util-BcnQOj-A.js:451:63298)
    at async PK.layoutSession (https://app-companion-430619.appspot.com/assets/util-BcnQOj-A.js:451:64415)
    at async PK.layoutSessionsV2 (https://app-companion-430619.appspot.com/assets/util-BcnQOj-A.js:451:65372)
    at async Object.updateScreensWithSessionsInternal (https://app-companion-430619.appspot.com/assets/util-BcnQOj-A.js:451:94524)
    at async pendingLayoutCall (https://app-companion-430619.appspot.com/assets/util-BcnQOj-A.js:451:95822)
    at async https://app-companion-430619.appspot.com/assets/util-BcnQOj-A.js:451:96045 @ https://app-companion-430619.appspot.com/assets/util-BcnQOj-A.js:177
[  691873ms] [ERROR] Error in updateScreensWithSessions: Error: Failed to load image from data URI (…).
    at YG (https://app-companion-430619.appspot.com/assets/util-BcnQOj-A.js:451:38614)
    at async bK (https://app-companion-430619.appspot.com/assets/util-BcnQOj-A.js:451:42901)
    at async PK.collectSessionOutputNodes (https://app-companion-430619.appspot.com/assets/util-BcnQOj-A.js:451:63298)
    at async PK.layoutSession (https://app-companion-430619.appspot.com/assets/util-BcnQOj-A.js:451:64415)
    at async PK.layoutSessionsV2 (https://app-companion-430619.appspot.com/assets/util-BcnQOj-A.js:451:65372)
    at async Object.updateScreensWithSessionsInternal (https://app-companion-430619.appspot.com/assets/util-BcnQOj-A.js:451:94524)
    at async pendingLayoutCall (https://app-companion-430619.appspot.com/assets/util-BcnQOj-A.js:451:95822)
    at async https://app-companion-430619.appspot.com/assets/util-BcnQOj-A.js:451:96045 @ https://app-companion-430619.appspot.com/assets/util-BcnQOj-A.js:177
[  692240ms] [ERROR] Error in updateScreensWithSessions: Error: Failed to load image from data URI (…).
    at YG (https://app-companion-430619.appspot.com/assets/util-BcnQOj-A.js:451:38614)
    at async bK (https://app-companion-430619.appspot.com/assets/util-BcnQOj-A.js:451:42901)
    at async PK.collectSessionOutputNodes (https://app-companion-430619.appspot.com/assets/util-BcnQOj-A.js:451:63298)
    at async PK.layoutSession (https://app-companion-430619.appspot.com/assets/util-BcnQOj-A.js:451:64415)
    at async PK.layoutSessionsV2 (https://app-companion-430619.appspot.com/assets/util-BcnQOj-A.js:451:65372)
    at async Object.updateScreensWithSessionsInternal (https://app-companion-430619.appspot.com/assets/util-BcnQOj-A.js:451:94524)
    at async pendingLayoutCall (https://app-companion-430619.appspot.com/assets/util-BcnQOj-A.js:451:95822)
    at async https://app-companion-430619.appspot.com/assets/util-BcnQOj-A.js:451:96045 @ https://app-companion-430619.appspot.com/assets/util-BcnQOj-A.js:177
[  692927ms] [ERROR] Error in updateScreensWithSessions: Error: Failed to load image from data URI (…).
    at YG (https://app-companion-430619.appspot.com/assets/util-BcnQOj-A.js:451:38614)
    at async bK (https://app-companion-430619.appspot.com/assets/util-BcnQOj-A.js:451:42901)
    at async PK.collectSessionOutputNodes (https://app-companion-430619.appspot.com/assets/util-BcnQOj-A.js:451:63298)
    at async PK.layoutSession (https://app-companion-430619.appspot.com/assets/util-BcnQOj-A.js:451:64415)
    at async PK.layoutSessionsV2 (https://app-companion-430619.appspot.com/assets/util-BcnQOj-A.js:451:65372)
    at async Object.updateScreensWithSessionsInternal (https://app-companion-430619.appspot.com/assets/util-BcnQOj-A.js:451:94524)
    at async pendingLayoutCall (https://app-companion-430619.appspot.com/assets/util-BcnQOj-A.js:451:95822)
    at async https://app-companion-430619.appspot.com/assets/util-BcnQOj-A.js:451:96045 @ https://app-companion-430619.appspot.com/assets/util-BcnQOj-A.js:177
[  693246ms] [ERROR] Error in updateScreensWithSessions: Error: Failed to load image from data URI (…).
    at YG (https://app-companion-430619.appspot.com/assets/util-BcnQOj-A.js:451:38614)
    at async bK (https://app-companion-430619.appspot.com/assets/util-BcnQOj-A.js:451:42901)
    at async PK.collectSessionOutputNodes (https://app-companion-430619.appspot.com/assets/util-BcnQOj-A.js:451:63298)
    at async PK.layoutSession (https://app-companion-430619.appspot.com/assets/util-BcnQOj-A.js:451:64415)
    at async PK.layoutSessionsV2 (https://app-companion-430619.appspot.com/assets/util-BcnQOj-A.js:451:65372)
    at async Object.updateScreensWithSessionsInternal (https://app-companion-430619.appspot.com/assets/util-BcnQOj-A.js:451:94524)
    at async pendingLayoutCall (https://app-companion-430619.appspot.com/assets/util-BcnQOj-A.js:451:95822)
    at async https://app-companion-430619.appspot.com/assets/util-BcnQOj-A.js:451:96045 @ https://app-companion-430619.appspot.com/assets/util-BcnQOj-A.js:177
[  693435ms] [ERROR] Error in updateScreensWithSessions: Error: Failed to load image from data URI (…).
    at YG (https://app-companion-430619.appspot.com/assets/util-BcnQOj-A.js:451:38614)
    at async bK (https://app-companion-430619.appspot.com/assets/util-BcnQOj-A.js:451:42901)
    at async PK.collectSessionOutputNodes (https://app-companion-430619.appspot.com/assets/util-BcnQOj-A.js:451:63298)
    at async PK.layoutSession (https://app-companion-430619.appspot.com/assets/util-BcnQOj-A.js:451:64415)
    at async PK.layoutSessionsV2 (https://app-companion-430619.appspot.com/assets/util-BcnQOj-A.js:451:65372)
    at async Object.updateScreensWithSessionsInternal (https://app-companion-430619.appspot.com/assets/util-BcnQOj-A.js:451:94524)
    at async pendingLayoutCall (https://app-companion-430619.appspot.com/assets/util-BcnQOj-A.js:451:95822)
    at async https://app-companion-430619.appspot.com/assets/util-BcnQOj-A.js:451:96045 @ https://app-companion-430619.appspot.com/assets/util-BcnQOj-A.js:177
[  693662ms] [ERROR] Error in updateScreensWithSessions: Error: Failed to load image from data URI (…).
    at YG (https://app-companion-430619.appspot.com/assets/util-BcnQOj-A.js:451:38614)
    at async bK (https://app-companion-430619.appspot.com/assets/util-BcnQOj-A.js:451:42901)
    at async PK.collectSessionOutputNodes (https://app-companion-430619.appspot.com/assets/util-BcnQOj-A.js:451:63298)
    at async PK.layoutSession (https://app-companion-430619.appspot.com/assets/util-BcnQOj-A.js:451:64415)
    at async PK.layoutSessionsV2 (https://app-companion-430619.appspot.com/assets/util-BcnQOj-A.js:451:65372)
    at async Object.updateScreensWithSessionsInternal (https://app-companion-430619.appspot.com/assets/util-BcnQOj-A.js:451:94524)
    at async pendingLayoutCall (https://app-companion-430619.appspot.com/assets/util-BcnQOj-A.js:451:95822)
    at async https://app-companion-430619.appspot.com/assets/util-BcnQOj-A.js:451:96045 @ https://app-companion-430619.appspot.com/assets/util-BcnQOj-A.js:177
[  694356ms] [ERROR] Error in updateScreensWithSessions: Error: Failed to load image from data URI (…).
    at YG (https://app-companion-430619.appspot.com/assets/util-BcnQOj-A.js:451:38614)
    at async bK (https://app-companion-430619.appspot.com/assets/util-BcnQOj-A.js:451:42901)
    at async PK.collectSessionOutputNodes (https://app-companion-430619.appspot.com/assets/util-BcnQOj-A.js:451:63298)
    at async PK.layoutSession (https://app-companion-430619.appspot.com/assets/util-BcnQOj-A.js:451:64415)
    at async PK.layoutSessionsV2 (https://app-companion-430619.appspot.com/assets/util-BcnQOj-A.js:451:65372)
    at async Object.updateScreensWithSessionsInternal (https://app-companion-430619.appspot.com/assets/util-BcnQOj-A.js:451:94524)
    at async pendingLayoutCall (https://app-companion-430619.appspot.com/assets/util-BcnQOj-A.js:451:95822)
    at async https://app-companion-430619.appspot.com/assets/util-BcnQOj-A.js:451:96045 @ https://app-companion-430619.appspot.com/assets/util-BcnQOj-A.js:177
[  695125ms] [ERROR] Error in updateScreensWithSessions: Error: Failed to load image from data URI (…).
    at YG (https://app-companion-430619.appspot.com/assets/util-BcnQOj-A.js:451:38614)
    at async bK (https://app-companion-430619.appspot.com/assets/util-BcnQOj-A.js:451:42901)
    at async PK.collectSessionOutputNodes (https://app-companion-430619.appspot.com/assets/util-BcnQOj-A.js:451:63298)
    at async PK.layoutSession (https://app-companion-430619.appspot.com/assets/util-BcnQOj-A.js:451:64415)
    at async PK.layoutSessionsV2 (https://app-companion-430619.appspot.com/assets/util-BcnQOj-A.js:451:65372)
    at async Object.updateScreensWithSessionsInternal (https://app-companion-430619.appspot.com/assets/util-BcnQOj-A.js:451:94524)
    at async pendingLayoutCall (https://app-companion-430619.appspot.com/assets/util-BcnQOj-A.js:451:95822)
    at async https://app-companion-430619.appspot.com/assets/util-BcnQOj-A.js:451:96045 @ https://app-companion-430619.appspot.com/assets/util-BcnQOj-A.js:177
[  695761ms] [ERROR] Error in updateScreensWithSessions: Error: Failed to load image from data URI (…).
    at YG (https://app-companion-430619.appspot.com/assets/util-BcnQOj-A.js:451:38614)
    at async bK (https://app-companion-430619.appspot.com/assets/util-BcnQOj-A.js:451:42901)
    at async PK.collectSessionOutputNodes (https://app-companion-430619.appspot.com/assets/util-BcnQOj-A.js:451:63298)
    at async PK.layoutSession (https://app-companion-430619.appspot.com/assets/util-BcnQOj-A.js:451:64415)
    at async PK.layoutSessionsV2 (https://app-companion-430619.appspot.com/assets/util-BcnQOj-A.js:451:65372)
    at async Object.updateScreensWithSessionsInternal (https://app-companion-430619.appspot.com/assets/util-BcnQOj-A.js:451:94524)
    at async pendingLayoutCall (https://app-companion-430619.appspot.com/assets/util-BcnQOj-A.js:451:95822)
    at async https://app-companion-430619.appspot.com/assets/util-BcnQOj-A.js:451:96045 @ https://app-companion-430619.appspot.com/assets/util-BcnQOj-A.js:177
[  696683ms] [ERROR] Error in updateScreensWithSessions: Error: Failed to load image from data URI (…).
    at YG (https://app-companion-430619.appspot.com/assets/util-BcnQOj-A.js:451:38614)
    at async bK (https://app-companion-430619.appspot.com/assets/util-BcnQOj-A.js:451:42901)
    at async PK.collectSessionOutputNodes (https://app-companion-430619.appspot.com/assets/util-BcnQOj-A.js:451:63298)
    at async PK.layoutSession (https://app-companion-430619.appspot.com/assets/util-BcnQOj-A.js:451:64415)
    at async PK.layoutSessionsV2 (https://app-companion-430619.appspot.com/assets/util-BcnQOj-A.js:451:65372)
    at async Object.updateScreensWithSessionsInternal (https://app-companion-430619.appspot.com/assets/util-BcnQOj-A.js:451:94524)
    at async pendingLayoutCall (https://app-companion-430619.appspot.com/assets/util-BcnQOj-A.js:451:95822)
    at async https://app-companion-430619.appspot.com/assets/util-BcnQOj-A.js:451:96045 @ https://app-companion-430619.appspot.com/assets/util-BcnQOj-A.js:177
[  698472ms] [ERROR] Error in updateScreensWithSessions: Error: Failed to load image from data URI (…).
    at YG (https://app-companion-430619.appspot.com/assets/util-BcnQOj-A.js:451:38614)
    at async bK (https://app-companion-430619.appspot.com/assets/util-BcnQOj-A.js:451:42901)
    at async PK.collectSessionOutputNodes (https://app-companion-430619.appspot.com/assets/util-BcnQOj-A.js:451:63298)
    at async PK.layoutSession (https://app-companion-430619.appspot.com/assets/util-BcnQOj-A.js:451:64415)
    at async PK.layoutSessionsV2 (https://app-companion-430619.appspot.com/assets/util-BcnQOj-A.js:451:65372)
    at async Object.updateScreensWithSessionsInternal (https://app-companion-430619.appspot.com/assets/util-BcnQOj-A.js:451:94524)
    at async pendingLayoutCall (https://app-companion-430619.appspot.com/assets/util-BcnQOj-A.js:451:95822)
    at async https://app-companion-430619.appspot.com/assets/util-BcnQOj-A.js:451:96045 @ https://app-companion-430619.appspot.com/assets/util-BcnQOj-A.js:177
[  699457ms] [ERROR] Error in updateScreensWithSessions: Error: Failed to load image from data URI (…).
    at YG (https://app-companion-430619.appspot.com/assets/util-BcnQOj-A.js:451:38614)
    at async bK (https://app-companion-430619.appspot.com/assets/util-BcnQOj-A.js:451:42901)
    at async PK.collectSessionOutputNodes (https://app-companion-430619.appspot.com/assets/util-BcnQOj-A.js:451:63298)
    at async PK.layoutSession (https://app-companion-430619.appspot.com/assets/util-BcnQOj-A.js:451:64415)
    at async PK.layoutSessionsV2 (https://app-companion-430619.appspot.com/assets/util-BcnQOj-A.js:451:65372)
    at async Object.updateScreensWithSessionsInternal (https://app-companion-430619.appspot.com/assets/util-BcnQOj-A.js:451:94524)
    at async pendingLayoutCall (https://app-companion-430619.appspot.com/assets/util-BcnQOj-A.js:451:95822)
    at async https://app-companion-430619.appspot.com/assets/util-BcnQOj-A.js:451:96045 @ https://app-companion-430619.appspot.com/assets/util-BcnQOj-A.js:177
[  700324ms] [ERROR] Error in updateScreensWithSessions: Error: Failed to load image from data URI (…).
    at YG (https://app-companion-430619.appspot.com/assets/util-BcnQOj-A.js:451:38614)
    at async bK (https://app-companion-430619.appspot.com/assets/util-BcnQOj-A.js:451:42901)
    at async PK.collectSessionOutputNodes (https://app-companion-430619.appspot.com/assets/util-BcnQOj-A.js:451:63298)
    at async PK.layoutSession (https://app-companion-430619.appspot.com/assets/util-BcnQOj-A.js:451:64415)
    at async PK.layoutSessionsV2 (https://app-companion-430619.appspot.com/assets/util-BcnQOj-A.js:451:65372)
    at async Object.updateScreensWithSessionsInternal (https://app-companion-430619.appspot.com/assets/util-BcnQOj-A.js:451:94524)
    at async pendingLayoutCall (https://app-companion-430619.appspot.com/assets/util-BcnQOj-A.js:451:95822)
    at async https://app-companion-430619.appspot.com/assets/util-BcnQOj-A.js:451:96045 @ https://app-companion-430619.appspot.com/assets/util-BcnQOj-A.js:177
[  701279ms] [ERROR] Error in updateScreensWithSessions: Error: Failed to load image from data URI (…).
    at YG (https://app-companion-430619.appspot.com/assets/util-BcnQOj-A.js:451:38614)
    at async bK (https://app-companion-430619.appspot.com/assets/util-BcnQOj-A.js:451:42901)
    at async PK.collectSessionOutputNodes (https://app-companion-430619.appspot.com/assets/util-BcnQOj-A.js:451:63298)
    at async PK.layoutSession (https://app-companion-430619.appspot.com/assets/util-BcnQOj-A.js:451:64415)
    at async PK.layoutSessionsV2 (https://app-companion-430619.appspot.com/assets/util-BcnQOj-A.js:451:65372)
    at async Object.updateScreensWithSessionsInternal (https://app-companion-430619.appspot.com/assets/util-BcnQOj-A.js:451:94524)
    at async pendingLayoutCall (https://app-companion-430619.appspot.com/assets/util-BcnQOj-A.js:451:95822)
    at async https://app-companion-430619.appspot.com/assets/util-BcnQOj-A.js:451:96045 @ https://app-companion-430619.appspot.com/assets/util-BcnQOj-A.js:177
[  702329ms] [ERROR] Error in updateScreensWithSessions: Error: Failed to load image from data URI (…).
    at YG (https://app-companion-430619.appspot.com/assets/util-BcnQOj-A.js:451:38614)
    at async bK (https://app-companion-430619.appspot.com/assets/util-BcnQOj-A.js:451:42901)
    at async PK.collectSessionOutputNodes (https://app-companion-430619.appspot.com/assets/util-BcnQOj-A.js:451:63298)
    at async PK.layoutSession (https://app-companion-430619.appspot.com/assets/util-BcnQOj-A.js:451:64415)
    at async PK.layoutSessionsV2 (https://app-companion-430619.appspot.com/assets/util-BcnQOj-A.js:451:65372)
    at async Object.updateScreensWithSessionsInternal (https://app-companion-430619.appspot.com/assets/util-BcnQOj-A.js:451:94524)
    at async pendingLayoutCall (https://app-companion-430619.appspot.com/assets/util-BcnQOj-A.js:451:95822)
    at async https://app-companion-430619.appspot.com/assets/util-BcnQOj-A.js:451:96045 @ https://app-companion-430619.appspot.com/assets/util-BcnQOj-A.js:177
[  703171ms] [ERROR] Error in updateScreensWithSessions: Error: Failed to load image from data URI (…).
    at YG (https://app-companion-430619.appspot.com/assets/util-BcnQOj-A.js:451:38614)
    at async bK (https://app-companion-430619.appspot.com/assets/util-BcnQOj-A.js:451:42901)
    at async PK.collectSessionOutputNodes (https://app-companion-430619.appspot.com/assets/util-BcnQOj-A.js:451:63298)
    at async PK.layoutSession (https://app-companion-430619.appspot.com/assets/util-BcnQOj-A.js:451:64415)
    at async PK.layoutSessionsV2 (https://app-companion-430619.appspot.com/assets/util-BcnQOj-A.js:451:65372)
    at async Object.updateScreensWithSessionsInternal (https://app-companion-430619.appspot.com/assets/util-BcnQOj-A.js:451:94524)
    at async pendingLayoutCall (https://app-companion-430619.appspot.com/assets/util-BcnQOj-A.js:451:95822)
    at async https://app-companion-430619.appspot.com/assets/util-BcnQOj-A.js:451:96045 @ https://app-companion-430619.appspot.com/assets/util-BcnQOj-A.js:177
[  704152ms] [ERROR] Error in updateScreensWithSessions: Error: Failed to load image from data URI (…).
    at YG (https://app-companion-430619.appspot.com/assets/util-BcnQOj-A.js:451:38614)
    at async bK (https://app-companion-430619.appspot.com/assets/util-BcnQOj-A.js:451:42901)
    at async PK.collectSessionOutputNodes (https://app-companion-430619.appspot.com/assets/util-BcnQOj-A.js:451:63298)
    at async PK.layoutSession (https://app-companion-430619.appspot.com/assets/util-BcnQOj-A.js:451:64415)
    at async PK.layoutSessionsV2 (https://app-companion-430619.appspot.com/assets/util-BcnQOj-A.js:451:65372)
    at async Object.updateScreensWithSessionsInternal (https://app-companion-430619.appspot.com/assets/util-BcnQOj-A.js:451:94524)
    at async pendingLayoutCall (https://app-companion-430619.appspot.com/assets/util-BcnQOj-A.js:451:95822)
    at async https://app-companion-430619.appspot.com/assets/util-BcnQOj-A.js:451:96045 @ https://app-companion-430619.appspot.com/assets/util-BcnQOj-A.js:177
[  705153ms] [ERROR] Error in updateScreensWithSessions: Error: Failed to load image from data URI (…).
    at YG (https://app-companion-430619.appspot.com/assets/util-BcnQOj-A.js:451:38614)
    at async bK (https://app-companion-430619.appspot.com/assets/util-BcnQOj-A.js:451:42901)
    at async PK.collectSessionOutputNodes (https://app-companion-430619.appspot.com/assets/util-BcnQOj-A.js:451:63298)
    at async PK.layoutSession (https://app-companion-430619.appspot.com/assets/util-BcnQOj-A.js:451:64415)
    at async PK.layoutSessionsV2 (https://app-companion-430619.appspot.com/assets/util-BcnQOj-A.js:451:65372)
    at async Object.updateScreensWithSessionsInternal (https://app-companion-430619.appspot.com/assets/util-BcnQOj-A.js:451:94524)
    at async pendingLayoutCall (https://app-companion-430619.appspot.com/assets/util-BcnQOj-A.js:451:95822)
    at async https://app-companion-430619.appspot.com/assets/util-BcnQOj-A.js:451:96045 @ https://app-companion-430619.appspot.com/assets/util-BcnQOj-A.js:177
[  706121ms] [ERROR] Error in updateScreensWithSessions: Error: Failed to load image from data URI (…).
    at YG (https://app-companion-430619.appspot.com/assets/util-BcnQOj-A.js:451:38614)
    at async bK (https://app-companion-430619.appspot.com/assets/util-BcnQOj-A.js:451:42901)
    at async PK.collectSessionOutputNodes (https://app-companion-430619.appspot.com/assets/util-BcnQOj-A.js:451:63298)
    at async PK.layoutSession (https://app-companion-430619.appspot.com/assets/util-BcnQOj-A.js:451:64415)
    at async PK.layoutSessionsV2 (https://app-companion-430619.appspot.com/assets/util-BcnQOj-A.js:451:65372)
    at async Object.updateScreensWithSessionsInternal (https://app-companion-430619.appspot.com/assets/util-BcnQOj-A.js:451:94524)
    at async pendingLayoutCall (https://app-companion-430619.appspot.com/assets/util-BcnQOj-A.js:451:95822)
    at async https://app-companion-430619.appspot.com/assets/util-BcnQOj-A.js:451:96045 @ https://app-companion-430619.appspot.com/assets/util-BcnQOj-A.js:177
[  706808ms] [ERROR] Error in updateScreensWithSessions: Error: Failed to load image from data URI (…).
    at YG (https://app-companion-430619.appspot.com/assets/util-BcnQOj-A.js:451:38614)
    at async bK (https://app-companion-430619.appspot.com/assets/util-BcnQOj-A.js:451:42901)
    at async PK.collectSessionOutputNodes (https://app-companion-430619.appspot.com/assets/util-BcnQOj-A.js:451:63298)
    at async PK.layoutSession (https://app-companion-430619.appspot.com/assets/util-BcnQOj-A.js:451:64415)
    at async PK.layoutSessionsV2 (https://app-companion-430619.appspot.com/assets/util-BcnQOj-A.js:451:65372)
    at async Object.updateScreensWithSessionsInternal (https://app-companion-430619.appspot.com/assets/util-BcnQOj-A.js:451:94524)
    at async pendingLayoutCall (https://app-companion-430619.appspot.com/assets/util-BcnQOj-A.js:451:95822)
    at async https://app-companion-430619.appspot.com/assets/util-BcnQOj-A.js:451:96045 @ https://app-companion-430619.appspot.com/assets/util-BcnQOj-A.js:177
[  707781ms] [ERROR] Error in updateScreensWithSessions: Error: Failed to load image from data URI (…).
    at YG (https://app-companion-430619.appspot.com/assets/util-BcnQOj-A.js:451:38614)
    at async bK (https://app-companion-430619.appspot.com/assets/util-BcnQOj-A.js:451:42901)
    at async PK.collectSessionOutputNodes (https://app-companion-430619.appspot.com/assets/util-BcnQOj-A.js:451:63298)
    at async PK.layoutSession (https://app-companion-430619.appspot.com/assets/util-BcnQOj-A.js:451:64415)
    at async PK.layoutSessionsV2 (https://app-companion-430619.appspot.com/assets/util-BcnQOj-A.js:451:65372)
    at async Object.updateScreensWithSessionsInternal (https://app-companion-430619.appspot.com/assets/util-BcnQOj-A.js:451:94524)
    at async pendingLayoutCall (https://app-companion-430619.appspot.com/assets/util-BcnQOj-A.js:451:95822)
    at async https://app-companion-430619.appspot.com/assets/util-BcnQOj-A.js:451:96045 @ https://app-companion-430619.appspot.com/assets/util-BcnQOj-A.js:177
[  708540ms] [ERROR] Error in updateScreensWithSessions: Error: Failed to load image from data URI (…).
    at YG (https://app-companion-430619.appspot.com/assets/util-BcnQOj-A.js:451:38614)
    at async bK (https://app-companion-430619.appspot.com/assets/util-BcnQOj-A.js:451:42901)
    at async PK.collectSessionOutputNodes (https://app-companion-430619.appspot.com/assets/util-BcnQOj-A.js:451:63298)
    at async PK.layoutSession (https://app-companion-430619.appspot.com/assets/util-BcnQOj-A.js:451:64415)
    at async PK.layoutSessionsV2 (https://app-companion-430619.appspot.com/assets/util-BcnQOj-A.js:451:65372)
    at async Object.updateScreensWithSessionsInternal (https://app-companion-430619.appspot.com/assets/util-BcnQOj-A.js:451:94524)
    at async pendingLayoutCall (https://app-companion-430619.appspot.com/assets/util-BcnQOj-A.js:451:95822)
    at async https://app-companion-430619.appspot.com/assets/util-BcnQOj-A.js:451:96045 @ https://app-companion-430619.appspot.com/assets/util-BcnQOj-A.js:177
[  709335ms] [ERROR] Error in updateScreensWithSessions: Error: Failed to load image from data URI (…).
    at YG (https://app-companion-430619.appspot.com/assets/util-BcnQOj-A.js:451:38614)
    at async bK (https://app-companion-430619.appspot.com/assets/util-BcnQOj-A.js:451:42901)
    at async PK.collectSessionOutputNodes (https://app-companion-430619.appspot.com/assets/util-BcnQOj-A.js:451:63298)
    at async PK.layoutSession (https://app-companion-430619.appspot.com/assets/util-BcnQOj-A.js:451:64415)
    at async PK.layoutSessionsV2 (https://app-companion-430619.appspot.com/assets/util-BcnQOj-A.js:451:65372)
    at async Object.updateScreensWithSessionsInternal (https://app-companion-430619.appspot.com/assets/util-BcnQOj-A.js:451:94524)
    at async pendingLayoutCall (https://app-companion-430619.appspot.com/assets/util-BcnQOj-A.js:451:95822)
    at async https://app-companion-430619.appspot.com/assets/util-BcnQOj-A.js:451:96045 @ https://app-companion-430619.appspot.com/assets/util-BcnQOj-A.js:177
[  710287ms] [ERROR] Error in updateScreensWithSessions: Error: Failed to load image from data URI (…).
    at YG (https://app-companion-430619.appspot.com/assets/util-BcnQOj-A.js:451:38614)
    at async bK (https://app-companion-430619.appspot.com/assets/util-BcnQOj-A.js:451:42901)
    at async PK.collectSessionOutputNodes (https://app-companion-430619.appspot.com/assets/util-BcnQOj-A.js:451:63298)
    at async PK.layoutSession (https://app-companion-430619.appspot.com/assets/util-BcnQOj-A.js:451:64415)
    at async PK.layoutSessionsV2 (https://app-companion-430619.appspot.com/assets/util-BcnQOj-A.js:451:65372)
    at async Object.updateScreensWithSessionsInternal (https://app-companion-430619.appspot.com/assets/util-BcnQOj-A.js:451:94524)
    at async pendingLayoutCall (https://app-companion-430619.appspot.com/assets/util-BcnQOj-A.js:451:95822)
    at async https://app-companion-430619.appspot.com/assets/util-BcnQOj-A.js:451:96045 @ https://app-companion-430619.appspot.com/assets/util-BcnQOj-A.js:177
[  711154ms] [ERROR] Error in updateScreensWithSessions: Error: Failed to load image from data URI (…).
    at YG (https://app-companion-430619.appspot.com/assets/util-BcnQOj-A.js:451:38614)
    at async bK (https://app-companion-430619.appspot.com/assets/util-BcnQOj-A.js:451:42901)
    at async PK.collectSessionOutputNodes (https://app-companion-430619.appspot.com/assets/util-BcnQOj-A.js:451:63298)
    at async PK.layoutSession (https://app-companion-430619.appspot.com/assets/util-BcnQOj-A.js:451:64415)
    at async PK.layoutSessionsV2 (https://app-companion-430619.appspot.com/assets/util-BcnQOj-A.js:451:65372)
    at async Object.updateScreensWithSessionsInternal (https://app-companion-430619.appspot.com/assets/util-BcnQOj-A.js:451:94524)
    at async pendingLayoutCall (https://app-companion-430619.appspot.com/assets/util-BcnQOj-A.js:451:95822)
    at async https://app-companion-430619.appspot.com/assets/util-BcnQOj-A.js:451:96045 @ https://app-companion-430619.appspot.com/assets/util-BcnQOj-A.js:177
[  712188ms] [ERROR] Error in updateScreensWithSessions: Error: Failed to load image from data URI (…).
    at YG (https://app-companion-430619.appspot.com/assets/util-BcnQOj-A.js:451:38614)
    at async bK (https://app-companion-430619.appspot.com/assets/util-BcnQOj-A.js:451:42901)
    at async PK.collectSessionOutputNodes (https://app-companion-430619.appspot.com/assets/util-BcnQOj-A.js:451:63298)
    at async PK.layoutSession (https://app-companion-430619.appspot.com/assets/util-BcnQOj-A.js:451:64415)
    at async PK.layoutSessionsV2 (https://app-companion-430619.appspot.com/assets/util-BcnQOj-A.js:451:65372)
    at async Object.updateScreensWithSessionsInternal (https://app-companion-430619.appspot.com/assets/util-BcnQOj-A.js:451:94524)
    at async pendingLayoutCall (https://app-companion-430619.appspot.com/assets/util-BcnQOj-A.js:451:95822)
    at async https://app-companion-430619.appspot.com/assets/util-BcnQOj-A.js:451:96045 @ https://app-companion-430619.appspot.com/assets/util-BcnQOj-A.js:177
[  713128ms] [ERROR] Error in updateScreensWithSessions: Error: Failed to load image from data URI (…).
    at YG (https://app-companion-430619.appspot.com/assets/util-BcnQOj-A.js:451:38614)
    at async bK (https://app-companion-430619.appspot.com/assets/util-BcnQOj-A.js:451:42901)
    at async PK.collectSessionOutputNodes (https://app-companion-430619.appspot.com/assets/util-BcnQOj-A.js:451:63298)
    at async PK.layoutSession (https://app-companion-430619.appspot.com/assets/util-BcnQOj-A.js:451:64415)
    at async PK.layoutSessionsV2 (https://app-companion-430619.appspot.com/assets/util-BcnQOj-A.js:451:65372)
    at async Object.updateScreensWithSessionsInternal (https://app-companion-430619.appspot.com/assets/util-BcnQOj-A.js:451:94524)
    at async pendingLayoutCall (https://app-companion-430619.appspot.com/assets/util-BcnQOj-A.js:451:95822)
    at async https://app-companion-430619.appspot.com/assets/util-BcnQOj-A.js:451:96045 @ https://app-companion-430619.appspot.com/assets/util-BcnQOj-A.js:177
[  713771ms] [ERROR] Error in updateScreensWithSessions: Error: Failed to load image from data URI (…).
    at YG (https://app-companion-430619.appspot.com/assets/util-BcnQOj-A.js:451:38614)
    at async bK (https://app-companion-430619.appspot.com/assets/util-BcnQOj-A.js:451:42901)
    at async PK.collectSessionOutputNodes (https://app-companion-430619.appspot.com/assets/util-BcnQOj-A.js:451:63298)
    at async PK.layoutSession (https://app-companion-430619.appspot.com/assets/util-BcnQOj-A.js:451:64415)
    at async PK.layoutSessionsV2 (https://app-companion-430619.appspot.com/assets/util-BcnQOj-A.js:451:65372)
    at async Object.updateScreensWithSessionsInternal (https://app-companion-430619.appspot.com/assets/util-BcnQOj-A.js:451:94524)
    at async pendingLayoutCall (https://app-companion-430619.appspot.com/assets/util-BcnQOj-A.js:451:95822)
    at async https://app-companion-430619.appspot.com/assets/util-BcnQOj-A.js:451:96045 @ https://app-companion-430619.appspot.com/assets/util-BcnQOj-A.js:177
[  717951ms] [ERROR] Error in updateScreensWithSessions: Error: Failed to load image from data URI (…).
    at YG (https://app-companion-430619.appspot.com/assets/util-BcnQOj-A.js:451:38614)
    at async bK (https://app-companion-430619.appspot.com/assets/util-BcnQOj-A.js:451:42901)
    at async PK.collectSessionOutputNodes (https://app-companion-430619.appspot.com/assets/util-BcnQOj-A.js:451:63298)
    at async PK.layoutSession (https://app-companion-430619.appspot.com/assets/util-BcnQOj-A.js:451:64415)
    at async PK.layoutSessionsV2 (https://app-companion-430619.appspot.com/assets/util-BcnQOj-A.js:451:65372)
    at async Object.updateScreensWithSessionsInternal (https://app-companion-430619.appspot.com/assets/util-BcnQOj-A.js:451:94524)
    at async pendingLayoutCall (https://app-companion-430619.appspot.com/assets/util-BcnQOj-A.js:451:95822)
    at async https://app-companion-430619.appspot.com/assets/util-BcnQOj-A.js:451:96045 @ https://app-companion-430619.appspot.com/assets/util-BcnQOj-A.js:177
[  719024ms] [ERROR] Error in updateScreensWithSessions: Error: Failed to load image from data URI (…).
    at YG (https://app-companion-430619.appspot.com/assets/util-BcnQOj-A.js:451:38614)
    at async bK (https://app-companion-430619.appspot.com/assets/util-BcnQOj-A.js:451:42901)
    at async PK.collectSessionOutputNodes (https://app-companion-430619.appspot.com/assets/util-BcnQOj-A.js:451:63298)
    at async PK.layoutSession (https://app-companion-430619.appspot.com/assets/util-BcnQOj-A.js:451:64415)
    at async PK.layoutSessionsV2 (https://app-companion-430619.appspot.com/assets/util-BcnQOj-A.js:451:65372)
    at async Object.updateScreensWithSessionsInternal (https://app-companion-430619.appspot.com/assets/util-BcnQOj-A.js:451:94524)
    at async pendingLayoutCall (https://app-companion-430619.appspot.com/assets/util-BcnQOj-A.js:451:95822)
    at async https://app-companion-430619.appspot.com/assets/util-BcnQOj-A.js:451:96045 @ https://app-companion-430619.appspot.com/assets/util-BcnQOj-A.js:177
[  719236ms] [ERROR] Error in updateScreensWithSessions: Error: Failed to load image from data URI (…).
    at YG (https://app-companion-430619.appspot.com/assets/util-BcnQOj-A.js:451:38614)
    at async bK (https://app-companion-430619.appspot.com/assets/util-BcnQOj-A.js:451:42901)
    at async PK.collectSessionOutputNodes (https://app-companion-430619.appspot.com/assets/util-BcnQOj-A.js:451:63298)
    at async PK.layoutSession (https://app-companion-430619.appspot.com/assets/util-BcnQOj-A.js:451:64415)
    at async PK.layoutSessionsV2 (https://app-companion-430619.appspot.com/assets/util-BcnQOj-A.js:451:65372)
    at async Object.updateScreensWithSessionsInternal (https://app-companion-430619.appspot.com/assets/util-BcnQOj-A.js:451:94524)
    at async pendingLayoutCall (https://app-companion-430619.appspot.com/assets/util-BcnQOj-A.js:451:95822)
    at async https://app-companion-430619.appspot.com/assets/util-BcnQOj-A.js:451:96045 @ https://app-companion-430619.appspot.com/assets/util-BcnQOj-A.js:177
[  719424ms] [ERROR] Error in updateScreensWithSessions: Error: Failed to load image from data URI (…).
    at YG (https://app-companion-430619.appspot.com/assets/util-BcnQOj-A.js:451:38614)
    at async bK (https://app-companion-430619.appspot.com/assets/util-BcnQOj-A.js:451:42901)
    at async PK.collectSessionOutputNodes (https://app-companion-430619.appspot.com/assets/util-BcnQOj-A.js:451:63298)
    at async PK.layoutSession (https://app-companion-430619.appspot.com/assets/util-BcnQOj-A.js:451:64415)
    at async PK.layoutSessionsV2 (https://app-companion-430619.appspot.com/assets/util-BcnQOj-A.js:451:65372)
    at async Object.updateScreensWithSessionsInternal (https://app-companion-430619.appspot.com/assets/util-BcnQOj-A.js:451:94524)
    at async pendingLayoutCall (https://app-companion-430619.appspot.com/assets/util-BcnQOj-A.js:451:95822)
    at async https://app-companion-430619.appspot.com/assets/util-BcnQOj-A.js:451:96045 @ https://app-companion-430619.appspot.com/assets/util-BcnQOj-A.js:177
[  719622ms] [ERROR] Error in updateScreensWithSessions: Error: Failed to load image from data URI (…).
    at YG (https://app-companion-430619.appspot.com/assets/util-BcnQOj-A.js:451:38614)
    at async bK (https://app-companion-430619.appspot.com/assets/util-BcnQOj-A.js:451:42901)
    at async PK.collectSessionOutputNodes (https://app-companion-430619.appspot.com/assets/util-BcnQOj-A.js:451:63298)
    at async PK.layoutSession (https://app-companion-430619.appspot.com/assets/util-BcnQOj-A.js:451:64415)
    at async PK.layoutSessionsV2 (https://app-companion-430619.appspot.com/assets/util-BcnQOj-A.js:451:65372)
    at async Object.updateScreensWithSessionsInternal (https://app-companion-430619.appspot.com/assets/util-BcnQOj-A.js:451:94524)
    at async pendingLayoutCall (https://app-companion-430619.appspot.com/assets/util-BcnQOj-A.js:451:95822)
    at async https://app-companion-430619.appspot.com/assets/util-BcnQOj-A.js:451:96045 @ https://app-companion-430619.appspot.com/assets/util-BcnQOj-A.js:177
[  721094ms] [ERROR] Error in updateScreensWithSessions: Error: Failed to load image from data URI (…).
    at YG (https://app-companion-430619.appspot.com/assets/util-BcnQOj-A.js:451:38614)
    at async bK (https://app-companion-430619.appspot.com/assets/util-BcnQOj-A.js:451:42901)
    at async PK.collectSessionOutputNodes (https://app-companion-430619.appspot.com/assets/util-BcnQOj-A.js:451:63298)
    at async PK.layoutSession (https://app-companion-430619.appspot.com/assets/util-BcnQOj-A.js:451:64415)
    at async PK.layoutSessionsV2 (https://app-companion-430619.appspot.com/assets/util-BcnQOj-A.js:451:65372)
    at async Object.updateScreensWithSessionsInternal (https://app-companion-430619.appspot.com/assets/util-BcnQOj-A.js:451:94524)
    at async pendingLayoutCall (https://app-companion-430619.appspot.com/assets/util-BcnQOj-A.js:451:95822)
    at async https://app-companion-430619.appspot.com/assets/util-BcnQOj-A.js:451:96045 @ https://app-companion-430619.appspot.com/assets/util-BcnQOj-A.js:177
[  721479ms] [ERROR] Error in updateScreensWithSessions: Error: Failed to load image from data URI (…).
    at YG (https://app-companion-430619.appspot.com/assets/util-BcnQOj-A.js:451:38614)
    at async bK (https://app-companion-430619.appspot.com/assets/util-BcnQOj-A.js:451:42901)
    at async PK.collectSessionOutputNodes (https://app-companion-430619.appspot.com/assets/util-BcnQOj-A.js:451:63298)
    at async PK.layoutSession (https://app-companion-430619.appspot.com/assets/util-BcnQOj-A.js:451:64415)
    at async PK.layoutSessionsV2 (https://app-companion-430619.appspot.com/assets/util-BcnQOj-A.js:451:65372)
    at async Object.updateScreensWithSessionsInternal (https://app-companion-430619.appspot.com/assets/util-BcnQOj-A.js:451:94524)
    at async pendingLayoutCall (https://app-companion-430619.appspot.com/assets/util-BcnQOj-A.js:451:95822)
    at async https://app-companion-430619.appspot.com/assets/util-BcnQOj-A.js:451:96045 @ https://app-companion-430619.appspot.com/assets/util-BcnQOj-A.js:177
[  722265ms] [ERROR] Error in updateScreensWithSessions: Error: Failed to load image from data URI (…).
    at YG (https://app-companion-430619.appspot.com/assets/util-BcnQOj-A.js:451:38614)
    at async bK (https://app-companion-430619.appspot.com/assets/util-BcnQOj-A.js:451:42901)
    at async PK.collectSessionOutputNodes (https://app-companion-430619.appspot.com/assets/util-BcnQOj-A.js:451:63298)
    at async PK.layoutSession (https://app-companion-430619.appspot.com/assets/util-BcnQOj-A.js:451:64415)
    at async PK.layoutSessionsV2 (https://app-companion-430619.appspot.com/assets/util-BcnQOj-A.js:451:65372)
    at async Object.updateScreensWithSessionsInternal (https://app-companion-430619.appspot.com/assets/util-BcnQOj-A.js:451:94524)
    at async pendingLayoutCall (https://app-companion-430619.appspot.com/assets/util-BcnQOj-A.js:451:95822)
    at async https://app-companion-430619.appspot.com/assets/util-BcnQOj-A.js:451:96045 @ https://app-companion-430619.appspot.com/assets/util-BcnQOj-A.js:177
[  744918ms] [ERROR] Error in updateScreensWithSessions: Error: Failed to load image from data URI (…).
    at YG (https://app-companion-430619.appspot.com/assets/util-BcnQOj-A.js:451:38614)
    at async bK (https://app-companion-430619.appspot.com/assets/util-BcnQOj-A.js:451:42901)
    at async PK.collectSessionOutputNodes (https://app-companion-430619.appspot.com/assets/util-BcnQOj-A.js:451:63298)
    at async PK.layoutSession (https://app-companion-430619.appspot.com/assets/util-BcnQOj-A.js:451:64415)
    at async PK.layoutSessionsV2 (https://app-companion-430619.appspot.com/assets/util-BcnQOj-A.js:451:65372)
    at async Object.updateScreensWithSessionsInternal (https://app-companion-430619.appspot.com/assets/util-BcnQOj-A.js:451:94524)
    at async pendingLayoutCall (https://app-companion-430619.appspot.com/assets/util-BcnQOj-A.js:451:95822)
    at async https://app-companion-430619.appspot.com/assets/util-BcnQOj-A.js:451:96045 @ https://app-companion-430619.appspot.com/assets/util-BcnQOj-A.js:177
[  745378ms] [ERROR] Error in updateScreensWithSessions: Error: Failed to load image from data URI (…).
    at YG (https://app-companion-430619.appspot.com/assets/util-BcnQOj-A.js:451:38614)
    at async bK (https://app-companion-430619.appspot.com/assets/util-BcnQOj-A.js:451:42901)
    at async PK.collectSessionOutputNodes (https://app-companion-430619.appspot.com/assets/util-BcnQOj-A.js:451:63298)
    at async PK.layoutSession (https://app-companion-430619.appspot.com/assets/util-BcnQOj-A.js:451:64415)
    at async PK.layoutSessionsV2 (https://app-companion-430619.appspot.com/assets/util-BcnQOj-A.js:451:65372)
    at async Object.updateScreensWithSessionsInternal (https://app-companion-430619.appspot.com/assets/util-BcnQOj-A.js:451:94524)
    at async pendingLayoutCall (https://app-companion-430619.appspot.com/assets/util-BcnQOj-A.js:451:95822)
    at async https://app-companion-430619.appspot.com/assets/util-BcnQOj-A.js:451:96045 @ https://app-companion-430619.appspot.com/assets/util-BcnQOj-A.js:177
[  750217ms] [ERROR] Error in updateScreensWithSessions: Error: Failed to load image from data URI (…).
    at YG (https://app-companion-430619.appspot.com/assets/util-BcnQOj-A.js:451:38614)
    at async bK (https://app-companion-430619.appspot.com/assets/util-BcnQOj-A.js:451:42901)
    at async PK.collectSessionOutputNodes (https://app-companion-430619.appspot.com/assets/util-BcnQOj-A.js:451:63298)
    at async PK.layoutSession (https://app-companion-430619.appspot.com/assets/util-BcnQOj-A.js:451:64415)
    at async PK.layoutSessionsV2 (https://app-companion-430619.appspot.com/assets/util-BcnQOj-A.js:451:65372)
    at async Object.updateScreensWithSessionsInternal (https://app-companion-430619.appspot.com/assets/util-BcnQOj-A.js:451:94524)
    at async pendingLayoutCall (https://app-companion-430619.appspot.com/assets/util-BcnQOj-A.js:451:95822)
    at async https://app-companion-430619.appspot.com/assets/util-BcnQOj-A.js:451:96045 @ https://app-companion-430619.appspot.com/assets/util-BcnQOj-A.js:177
[  750423ms] [ERROR] Error in updateScreensWithSessions: Error: Failed to load image from data URI (…).
    at YG (https://app-companion-430619.appspot.com/assets/util-BcnQOj-A.js:451:38614)
    at async bK (https://app-companion-430619.appspot.com/assets/util-BcnQOj-A.js:451:42901)
    at async PK.collectSessionOutputNodes (https://app-companion-430619.appspot.com/assets/util-BcnQOj-A.js:451:63298)
    at async PK.layoutSession (https://app-companion-430619.appspot.com/assets/util-BcnQOj-A.js:451:64415)
    at async PK.layoutSessionsV2 (https://app-companion-430619.appspot.com/assets/util-BcnQOj-A.js:451:65372)
    at async Object.updateScreensWithSessionsInternal (https://app-companion-430619.appspot.com/assets/util-BcnQOj-A.js:451:94524)
    at async pendingLayoutCall (https://app-companion-430619.appspot.com/assets/util-BcnQOj-A.js:451:95822)
    at async https://app-companion-430619.appspot.com/assets/util-BcnQOj-A.js:451:96045 @ https://app-companion-430619.appspot.com/assets/util-BcnQOj-A.js:177
[  751749ms] [ERROR] Error in updateScreensWithSessions: Error: Failed to load image from data URI (…).
    at YG (https://app-companion-430619.appspot.com/assets/util-BcnQOj-A.js:451:38614)
    at async bK (https://app-companion-430619.appspot.com/assets/util-BcnQOj-A.js:451:42901)
    at async PK.collectSessionOutputNodes (https://app-companion-430619.appspot.com/assets/util-BcnQOj-A.js:451:63298)
    at async PK.layoutSession (https://app-companion-430619.appspot.com/assets/util-BcnQOj-A.js:451:64415)
    at async PK.layoutSessionsV2 (https://app-companion-430619.appspot.com/assets/util-BcnQOj-A.js:451:65372)
    at async Object.updateScreensWithSessionsInternal (https://app-companion-430619.appspot.com/assets/util-BcnQOj-A.js:451:94524)
    at async pendingLayoutCall (https://app-companion-430619.appspot.com/assets/util-BcnQOj-A.js:451:95822)
    at async https://app-companion-430619.appspot.com/assets/util-BcnQOj-A.js:451:96045 @ https://app-companion-430619.appspot.com/assets/util-BcnQOj-A.js:177
[  801041ms] [ERROR] Error in updateScreensWithSessions: Error: Failed to load image from data URI (…).
    at YG (https://app-companion-430619.appspot.com/assets/util-BcnQOj-A.js:451:38614)
    at async bK (https://app-companion-430619.appspot.com/assets/util-BcnQOj-A.js:451:42901)
    at async PK.collectSessionOutputNodes (https://app-companion-430619.appspot.com/assets/util-BcnQOj-A.js:451:63298)
    at async PK.layoutSession (https://app-companion-430619.appspot.com/assets/util-BcnQOj-A.js:451:64415)
    at async PK.layoutSessionsV2 (https://app-companion-430619.appspot.com/assets/util-BcnQOj-A.js:451:65372)
    at async Object.updateScreensWithSessionsInternal (https://app-companion-430619.appspot.com/assets/util-BcnQOj-A.js:451:94524)
    at async pendingLayoutCall (https://app-companion-430619.appspot.com/assets/util-BcnQOj-A.js:451:95822)
    at async https://app-companion-430619.appspot.com/assets/util-BcnQOj-A.js:451:96045 @ https://app-companion-430619.appspot.com/assets/util-BcnQOj-A.js:177
[  804062ms] [ERROR] Error in updateScreensWithSessions: Error: Failed to load image from data URI (…).
    at YG (https://app-companion-430619.appspot.com/assets/util-BcnQOj-A.js:451:38614)
    at async bK (https://app-companion-430619.appspot.com/assets/util-BcnQOj-A.js:451:42901)
    at async PK.collectSessionOutputNodes (https://app-companion-430619.appspot.com/assets/util-BcnQOj-A.js:451:63298)
    at async PK.layoutSession (https://app-companion-430619.appspot.com/assets/util-BcnQOj-A.js:451:64415)
    at async PK.layoutSessionsV2 (https://app-companion-430619.appspot.com/assets/util-BcnQOj-A.js:451:65372)
    at async Object.updateScreensWithSessionsInternal (https://app-companion-430619.appspot.com/assets/util-BcnQOj-A.js:451:94524)
    at async pendingLayoutCall (https://app-companion-430619.appspot.com/assets/util-BcnQOj-A.js:451:95822)
    at async https://app-companion-430619.appspot.com/assets/util-BcnQOj-A.js:451:96045 @ https://app-companion-430619.appspot.com/assets/util-BcnQOj-A.js:177
[  811508ms] [ERROR] Error in updateScreensWithSessions: Error: Failed to load image from data URI (…).
    at YG (https://app-companion-430619.appspot.com/assets/util-BcnQOj-A.js:451:38614)
    at async bK (https://app-companion-430619.appspot.com/assets/util-BcnQOj-A.js:451:42901)
    at async PK.collectSessionOutputNodes (https://app-companion-430619.appspot.com/assets/util-BcnQOj-A.js:451:63298)
    at async PK.layoutSession (https://app-companion-430619.appspot.com/assets/util-BcnQOj-A.js:451:64415)
    at async PK.layoutSessionsV2 (https://app-companion-430619.appspot.com/assets/util-BcnQOj-A.js:451:65372)
    at async Object.updateScreensWithSessionsInternal (https://app-companion-430619.appspot.com/assets/util-BcnQOj-A.js:451:94524)
    at async pendingLayoutCall (https://app-companion-430619.appspot.com/assets/util-BcnQOj-A.js:451:95822)
    at async https://app-companion-430619.appspot.com/assets/util-BcnQOj-A.js:451:96045 @ https://app-companion-430619.appspot.com/assets/util-BcnQOj-A.js:177
[  811883ms] [ERROR] Error in updateScreensWithSessions: Error: Failed to load image from data URI (…).
    at YG (https://app-companion-430619.appspot.com/assets/util-BcnQOj-A.js:451:38614)
    at async bK (https://app-companion-430619.appspot.com/assets/util-BcnQOj-A.js:451:42901)
    at async PK.collectSessionOutputNodes (https://app-companion-430619.appspot.com/assets/util-BcnQOj-A.js:451:63298)
    at async PK.layoutSession (https://app-companion-430619.appspot.com/assets/util-BcnQOj-A.js:451:64415)
    at async PK.layoutSessionsV2 (https://app-companion-430619.appspot.com/assets/util-BcnQOj-A.js:451:65372)
    at async Object.updateScreensWithSessionsInternal (https://app-companion-430619.appspot.com/assets/util-BcnQOj-A.js:451:94524)
    at async pendingLayoutCall (https://app-companion-430619.appspot.com/assets/util-BcnQOj-A.js:451:95822)
    at async https://app-companion-430619.appspot.com/assets/util-BcnQOj-A.js:451:96045 @ https://app-companion-430619.appspot.com/assets/util-BcnQOj-A.js:177
[  812307ms] [ERROR] Error in updateScreensWithSessions: Error: Failed to load image from data URI (…).
    at YG (https://app-companion-430619.appspot.com/assets/util-BcnQOj-A.js:451:38614)
    at async bK (https://app-companion-430619.appspot.com/assets/util-BcnQOj-A.js:451:42901)
    at async PK.collectSessionOutputNodes (https://app-companion-430619.appspot.com/assets/util-BcnQOj-A.js:451:63298)
    at async PK.layoutSession (https://app-companion-430619.appspot.com/assets/util-BcnQOj-A.js:451:64415)
    at async PK.layoutSessionsV2 (https://app-companion-430619.appspot.com/assets/util-BcnQOj-A.js:451:65372)
    at async Object.updateScreensWithSessionsInternal (https://app-companion-430619.appspot.com/assets/util-BcnQOj-A.js:451:94524)
    at async pendingLayoutCall (https://app-companion-430619.appspot.com/assets/util-BcnQOj-A.js:451:95822)
    at async https://app-companion-430619.appspot.com/assets/util-BcnQOj-A.js:451:96045 @ https://app-companion-430619.appspot.com/assets/util-BcnQOj-A.js:177
[  821154ms] [ERROR] Error in updateScreensWithSessions: Error: Failed to load image from data URI (…).
    at YG (https://app-companion-430619.appspot.com/assets/util-BcnQOj-A.js:451:38614)
    at async bK (https://app-companion-430619.appspot.com/assets/util-BcnQOj-A.js:451:42901)
    at async PK.collectSessionOutputNodes (https://app-companion-430619.appspot.com/assets/util-BcnQOj-A.js:451:63298)
    at async PK.layoutSession (https://app-companion-430619.appspot.com/assets/util-BcnQOj-A.js:451:64415)
    at async PK.layoutSessionsV2 (https://app-companion-430619.appspot.com/assets/util-BcnQOj-A.js:451:65372)
    at async Object.updateScreensWithSessionsInternal (https://app-companion-430619.appspot.com/assets/util-BcnQOj-A.js:451:94524)
    at async pendingLayoutCall (https://app-companion-430619.appspot.com/assets/util-BcnQOj-A.js:451:95822)
    at async https://app-companion-430619.appspot.com/assets/util-BcnQOj-A.js:451:96045 @ https://app-companion-430619.appspot.com/assets/util-BcnQOj-A.js:177
[  821766ms] [ERROR] Error in updateScreensWithSessions: Error: Failed to load image from data URI (…).
    at YG (https://app-companion-430619.appspot.com/assets/util-BcnQOj-A.js:451:38614)
    at async bK (https://app-companion-430619.appspot.com/assets/util-BcnQOj-A.js:451:42901)
    at async PK.collectSessionOutputNodes (https://app-companion-430619.appspot.com/assets/util-BcnQOj-A.js:451:63298)
    at async PK.layoutSession (https://app-companion-430619.appspot.com/assets/util-BcnQOj-A.js:451:64415)
    at async PK.layoutSessionsV2 (https://app-companion-430619.appspot.com/assets/util-BcnQOj-A.js:451:65372)
    at async Object.updateScreensWithSessionsInternal (https://app-companion-430619.appspot.com/assets/util-BcnQOj-A.js:451:94524)
    at async pendingLayoutCall (https://app-companion-430619.appspot.com/assets/util-BcnQOj-A.js:451:95822)
    at async https://app-companion-430619.appspot.com/assets/util-BcnQOj-A.js:451:96045 @ https://app-companion-430619.appspot.com/assets/util-BcnQOj-A.js:177
[  830551ms] [ERROR] Error in updateScreensWithSessions: Error: Failed to load image from data URI (…).
    at YG (https://app-companion-430619.appspot.com/assets/util-BcnQOj-A.js:451:38614)
    at async bK (https://app-companion-430619.appspot.com/assets/util-BcnQOj-A.js:451:42901)
    at async PK.collectSessionOutputNodes (https://app-companion-430619.appspot.com/assets/util-BcnQOj-A.js:451:63298)
    at async PK.layoutSession (https://app-companion-430619.appspot.com/assets/util-BcnQOj-A.js:451:64415)
    at async PK.layoutSessionsV2 (https://app-companion-430619.appspot.com/assets/util-BcnQOj-A.js:451:65372)
    at async Object.updateScreensWithSessionsInternal (https://app-companion-430619.appspot.com/assets/util-BcnQOj-A.js:451:94524)
    at async pendingLayoutCall (https://app-companion-430619.appspot.com/assets/util-BcnQOj-A.js:451:95822)
    at async https://app-companion-430619.appspot.com/assets/util-BcnQOj-A.js:451:96045 @ https://app-companion-430619.appspot.com/assets/util-BcnQOj-A.js:177
[  830824ms] [ERROR] Error in updateScreensWithSessions: Error: Failed to load image from data URI (…).
    at YG (https://app-companion-430619.appspot.com/assets/util-BcnQOj-A.js:451:38614)
    at async bK (https://app-companion-430619.appspot.com/assets/util-BcnQOj-A.js:451:42901)
    at async PK.collectSessionOutputNodes (https://app-companion-430619.appspot.com/assets/util-BcnQOj-A.js:451:63298)
    at async PK.layoutSession (https://app-companion-430619.appspot.com/assets/util-BcnQOj-A.js:451:64415)
    at async PK.layoutSessionsV2 (https://app-companion-430619.appspot.com/assets/util-BcnQOj-A.js:451:65372)
    at async Object.updateScreensWithSessionsInternal (https://app-companion-430619.appspot.com/assets/util-BcnQOj-A.js:451:94524)
    at async pendingLayoutCall (https://app-companion-430619.appspot.com/assets/util-BcnQOj-A.js:451:95822)
    at async https://app-companion-430619.appspot.com/assets/util-BcnQOj-A.js:451:96045 @ https://app-companion-430619.appspot.com/assets/util-BcnQOj-A.js:177
[  831217ms] [ERROR] Error in updateScreensWithSessions: Error: Failed to load image from data URI (…).
    at YG (https://app-companion-430619.appspot.com/assets/util-BcnQOj-A.js:451:38614)
    at async bK (https://app-companion-430619.appspot.com/assets/util-BcnQOj-A.js:451:42901)
    at async PK.collectSessionOutputNodes (https://app-companion-430619.appspot.com/assets/util-BcnQOj-A.js:451:63298)
    at async PK.layoutSession (https://app-companion-430619.appspot.com/assets/util-BcnQOj-A.js:451:64415)
    at async PK.layoutSessionsV2 (https://app-companion-430619.appspot.com/assets/util-BcnQOj-A.js:451:65372)
    at async Object.updateScreensWithSessionsInternal (https://app-companion-430619.appspot.com/assets/util-BcnQOj-A.js:451:94524)
    at async pendingLayoutCall (https://app-companion-430619.appspot.com/assets/util-BcnQOj-A.js:451:95822)
    at async https://app-companion-430619.appspot.com/assets/util-BcnQOj-A.js:451:96045 @ https://app-companion-430619.appspot.com/assets/util-BcnQOj-A.js:177
[  831480ms] [ERROR] Error in updateScreensWithSessions: Error: Failed to load image from data URI (…).
    at YG (https://app-companion-430619.appspot.com/assets/util-BcnQOj-A.js:451:38614)
    at async bK (https://app-companion-430619.appspot.com/assets/util-BcnQOj-A.js:451:42901)
    at async PK.collectSessionOutputNodes (https://app-companion-430619.appspot.com/assets/util-BcnQOj-A.js:451:63298)
    at async PK.layoutSession (https://app-companion-430619.appspot.com/assets/util-BcnQOj-A.js:451:64415)
    at async PK.layoutSessionsV2 (https://app-companion-430619.appspot.com/assets/util-BcnQOj-A.js:451:65372)
    at async Object.updateScreensWithSessionsInternal (https://app-companion-430619.appspot.com/assets/util-BcnQOj-A.js:451:94524)
    at async pendingLayoutCall (https://app-companion-430619.appspot.com/assets/util-BcnQOj-A.js:451:95822)
    at async https://app-companion-430619.appspot.com/assets/util-BcnQOj-A.js:451:96045 @ https://app-companion-430619.appspot.com/assets/util-BcnQOj-A.js:177
[  831790ms] [ERROR] Error in updateScreensWithSessions: Error: Failed to load image from data URI (…).
    at YG (https://app-companion-430619.appspot.com/assets/util-BcnQOj-A.js:451:38614)
    at async bK (https://app-companion-430619.appspot.com/assets/util-BcnQOj-A.js:451:42901)
    at async PK.collectSessionOutputNodes (https://app-companion-430619.appspot.com/assets/util-BcnQOj-A.js:451:63298)
    at async PK.layoutSession (https://app-companion-430619.appspot.com/assets/util-BcnQOj-A.js:451:64415)
    at async PK.layoutSessionsV2 (https://app-companion-430619.appspot.com/assets/util-BcnQOj-A.js:451:65372)
    at async Object.updateScreensWithSessionsInternal (https://app-companion-430619.appspot.com/assets/util-BcnQOj-A.js:451:94524)
    at async pendingLayoutCall (https://app-companion-430619.appspot.com/assets/util-BcnQOj-A.js:451:95822)
    at async https://app-companion-430619.appspot.com/assets/util-BcnQOj-A.js:451:96045 @ https://app-companion-430619.appspot.com/assets/util-BcnQOj-A.js:177
[  833430ms] [ERROR] Error in updateScreensWithSessions: Error: Failed to load image from data URI (…).
    at YG (https://app-companion-430619.appspot.com/assets/util-BcnQOj-A.js:451:38614)
    at async bK (https://app-companion-430619.appspot.com/assets/util-BcnQOj-A.js:451:42901)
    at async PK.collectSessionOutputNodes (https://app-companion-430619.appspot.com/assets/util-BcnQOj-A.js:451:63298)
    at async PK.layoutSession (https://app-companion-430619.appspot.com/assets/util-BcnQOj-A.js:451:64415)
    at async PK.layoutSessionsV2 (https://app-companion-430619.appspot.com/assets/util-BcnQOj-A.js:451:65372)
    at async Object.updateScreensWithSessionsInternal (https://app-companion-430619.appspot.com/assets/util-BcnQOj-A.js:451:94524)
    at async pendingLayoutCall (https://app-companion-430619.appspot.com/assets/util-BcnQOj-A.js:451:95822)
    at async https://app-companion-430619.appspot.com/assets/util-BcnQOj-A.js:451:96045 @ https://app-companion-430619.appspot.com/assets/util-BcnQOj-A.js:177
[  838320ms] [ERROR] Error in updateScreensWithSessions: Error: Failed to load image from data URI (…).
    at YG (https://app-companion-430619.appspot.com/assets/util-BcnQOj-A.js:451:38614)
    at async bK (https://app-companion-430619.appspot.com/assets/util-BcnQOj-A.js:451:42901)
    at async PK.collectSessionOutputNodes (https://app-companion-430619.appspot.com/assets/util-BcnQOj-A.js:451:63298)
    at async PK.layoutSession (https://app-companion-430619.appspot.com/assets/util-BcnQOj-A.js:451:64415)
    at async PK.layoutSessionsV2 (https://app-companion-430619.appspot.com/assets/util-BcnQOj-A.js:451:65372)
    at async Object.updateScreensWithSessionsInternal (https://app-companion-430619.appspot.com/assets/util-BcnQOj-A.js:451:94524)
    at async pendingLayoutCall (https://app-companion-430619.appspot.com/assets/util-BcnQOj-A.js:451:95822)
    at async https://app-companion-430619.appspot.com/assets/util-BcnQOj-A.js:451:96045 @ https://app-companion-430619.appspot.com/assets/util-BcnQOj-A.js:177
[  838907ms] [ERROR] Error in updateScreensWithSessions: Error: Failed to load image from data URI (…).
    at YG (https://app-companion-430619.appspot.com/assets/util-BcnQOj-A.js:451:38614)
    at async bK (https://app-companion-430619.appspot.com/assets/util-BcnQOj-A.js:451:42901)
    at async PK.collectSessionOutputNodes (https://app-companion-430619.appspot.com/assets/util-BcnQOj-A.js:451:63298)
    at async PK.layoutSession (https://app-companion-430619.appspot.com/assets/util-BcnQOj-A.js:451:64415)
    at async PK.layoutSessionsV2 (https://app-companion-430619.appspot.com/assets/util-BcnQOj-A.js:451:65372)
    at async Object.updateScreensWithSessionsInternal (https://app-companion-430619.appspot.com/assets/util-BcnQOj-A.js:451:94524)
    at async pendingLayoutCall (https://app-companion-430619.appspot.com/assets/util-BcnQOj-A.js:451:95822)
    at async https://app-companion-430619.appspot.com/assets/util-BcnQOj-A.js:451:96045 @ https://app-companion-430619.appspot.com/assets/util-BcnQOj-A.js:177
[  839107ms] [ERROR] Error in updateScreensWithSessions: Error: Failed to load image from data URI (…).
    at YG (https://app-companion-430619.appspot.com/assets/util-BcnQOj-A.js:451:38614)
    at async bK (https://app-companion-430619.appspot.com/assets/util-BcnQOj-A.js:451:42901)
    at async PK.collectSessionOutputNodes (https://app-companion-430619.appspot.com/assets/util-BcnQOj-A.js:451:63298)
    at async PK.layoutSession (https://app-companion-430619.appspot.com/assets/util-BcnQOj-A.js:451:64415)
    at async PK.layoutSessionsV2 (https://app-companion-430619.appspot.com/assets/util-BcnQOj-A.js:451:65372)
    at async Object.updateScreensWithSessionsInternal (https://app-companion-430619.appspot.com/assets/util-BcnQOj-A.js:451:94524)
    at async pendingLayoutCall (https://app-companion-430619.appspot.com/assets/util-BcnQOj-A.js:451:95822)
    at async https://app-companion-430619.appspot.com/assets/util-BcnQOj-A.js:451:96045 @ https://app-companion-430619.appspot.com/assets/util-BcnQOj-A.js:177
[  839328ms] [ERROR] Error in updateScreensWithSessions: Error: Failed to load image from data URI (…).
    at YG (https://app-companion-430619.appspot.com/assets/util-BcnQOj-A.js:451:38614)
    at async bK (https://app-companion-430619.appspot.com/assets/util-BcnQOj-A.js:451:42901)
    at async PK.collectSessionOutputNodes (https://app-companion-430619.appspot.com/assets/util-BcnQOj-A.js:451:63298)
    at async PK.layoutSession (https://app-companion-430619.appspot.com/assets/util-BcnQOj-A.js:451:64415)
    at async PK.layoutSessionsV2 (https://app-companion-430619.appspot.com/assets/util-BcnQOj-A.js:451:65372)
    at async Object.updateScreensWithSessionsInternal (https://app-companion-430619.appspot.com/assets/util-BcnQOj-A.js:451:94524)
    at async pendingLayoutCall (https://app-companion-430619.appspot.com/assets/util-BcnQOj-A.js:451:95822)
    at async https://app-companion-430619.appspot.com/assets/util-BcnQOj-A.js:451:96045 @ https://app-companion-430619.appspot.com/assets/util-BcnQOj-A.js:177
[  839805ms] [ERROR] Error in updateScreensWithSessions: Error: Failed to load image from data URI (…).
    at YG (https://app-companion-430619.appspot.com/assets/util-BcnQOj-A.js:451:38614)
    at async bK (https://app-companion-430619.appspot.com/assets/util-BcnQOj-A.js:451:42901)
    at async PK.collectSessionOutputNodes (https://app-companion-430619.appspot.com/assets/util-BcnQOj-A.js:451:63298)
    at async PK.layoutSession (https://app-companion-430619.appspot.com/assets/util-BcnQOj-A.js:451:64415)
    at async PK.layoutSessionsV2 (https://app-companion-430619.appspot.com/assets/util-BcnQOj-A.js:451:65372)
    at async Object.updateScreensWithSessionsInternal (https://app-companion-430619.appspot.com/assets/util-BcnQOj-A.js:451:94524)
    at async pendingLayoutCall (https://app-companion-430619.appspot.com/assets/util-BcnQOj-A.js:451:95822)
    at async https://app-companion-430619.appspot.com/assets/util-BcnQOj-A.js:451:96045 @ https://app-companion-430619.appspot.com/assets/util-BcnQOj-A.js:177
[  840009ms] [ERROR] Error in updateScreensWithSessions: Error: Failed to load image from data URI (…).
    at YG (https://app-companion-430619.appspot.com/assets/util-BcnQOj-A.js:451:38614)
    at async bK (https://app-companion-430619.appspot.com/assets/util-BcnQOj-A.js:451:42901)
    at async PK.collectSessionOutputNodes (https://app-companion-430619.appspot.com/assets/util-BcnQOj-A.js:451:63298)
    at async PK.layoutSession (https://app-companion-430619.appspot.com/assets/util-BcnQOj-A.js:451:64415)
    at async PK.layoutSessionsV2 (https://app-companion-430619.appspot.com/assets/util-BcnQOj-A.js:451:65372)
    at async Object.updateScreensWithSessionsInternal (https://app-companion-430619.appspot.com/assets/util-BcnQOj-A.js:451:94524)
    at async pendingLayoutCall (https://app-companion-430619.appspot.com/assets/util-BcnQOj-A.js:451:95822)
    at async https://app-companion-430619.appspot.com/assets/util-BcnQOj-A.js:451:96045 @ https://app-companion-430619.appspot.com/assets/util-BcnQOj-A.js:177
[  841007ms] [ERROR] Error in updateScreensWithSessions: Error: Failed to load image from data URI (…).
    at YG (https://app-companion-430619.appspot.com/assets/util-BcnQOj-A.js:451:38614)
    at async bK (https://app-companion-430619.appspot.com/assets/util-BcnQOj-A.js:451:42901)
    at async PK.collectSessionOutputNodes (https://app-companion-430619.appspot.com/assets/util-BcnQOj-A.js:451:63298)
    at async PK.layoutSession (https://app-companion-430619.appspot.com/assets/util-BcnQOj-A.js:451:64415)
    at async PK.layoutSessionsV2 (https://app-companion-430619.appspot.com/assets/util-BcnQOj-A.js:451:65372)
    at async Object.updateScreensWithSessionsInternal (https://app-companion-430619.appspot.com/assets/util-BcnQOj-A.js:451:94524)
    at async pendingLayoutCall (https://app-companion-430619.appspot.com/assets/util-BcnQOj-A.js:451:95822)
    at async https://app-companion-430619.appspot.com/assets/util-BcnQOj-A.js:451:96045 @ https://app-companion-430619.appspot.com/assets/util-BcnQOj-A.js:177
[  841950ms] [ERROR] Error in updateScreensWithSessions: Error: Failed to load image from data URI (…).
    at YG (https://app-companion-430619.appspot.com/assets/util-BcnQOj-A.js:451:38614)
    at async bK (https://app-companion-430619.appspot.com/assets/util-BcnQOj-A.js:451:42901)
    at async PK.collectSessionOutputNodes (https://app-companion-430619.appspot.com/assets/util-BcnQOj-A.js:451:63298)
    at async PK.layoutSession (https://app-companion-430619.appspot.com/assets/util-BcnQOj-A.js:451:64415)
    at async PK.layoutSessionsV2 (https://app-companion-430619.appspot.com/assets/util-BcnQOj-A.js:451:65372)
    at async Object.updateScreensWithSessionsInternal (https://app-companion-430619.appspot.com/assets/util-BcnQOj-A.js:451:94524)
    at async pendingLayoutCall (https://app-companion-430619.appspot.com/assets/util-BcnQOj-A.js:451:95822)
    at async https://app-companion-430619.appspot.com/assets/util-BcnQOj-A.js:451:96045 @ https://app-companion-430619.appspot.com/assets/util-BcnQOj-A.js:177
[  842815ms] [ERROR] Error in updateScreensWithSessions: Error: Failed to load image from data URI (…).
    at YG (https://app-companion-430619.appspot.com/assets/util-BcnQOj-A.js:451:38614)
    at async bK (https://app-companion-430619.appspot.com/assets/util-BcnQOj-A.js:451:42901)
    at async PK.collectSessionOutputNodes (https://app-companion-430619.appspot.com/assets/util-BcnQOj-A.js:451:63298)
    at async PK.layoutSession (https://app-companion-430619.appspot.com/assets/util-BcnQOj-A.js:451:64415)
    at async PK.layoutSessionsV2 (https://app-companion-430619.appspot.com/assets/util-BcnQOj-A.js:451:65372)
    at async Object.updateScreensWithSessionsInternal (https://app-companion-430619.appspot.com/assets/util-BcnQOj-A.js:451:94524)
    at async pendingLayoutCall (https://app-companion-430619.appspot.com/assets/util-BcnQOj-A.js:451:95822)
    at async https://app-companion-430619.appspot.com/assets/util-BcnQOj-A.js:451:96045 @ https://app-companion-430619.appspot.com/assets/util-BcnQOj-A.js:177
[  844140ms] [ERROR] Error in updateScreensWithSessions: Error: Failed to load image from data URI (…).
    at YG (https://app-companion-430619.appspot.com/assets/util-BcnQOj-A.js:451:38614)
    at async bK (https://app-companion-430619.appspot.com/assets/util-BcnQOj-A.js:451:42901)
    at async PK.collectSessionOutputNodes (https://app-companion-430619.appspot.com/assets/util-BcnQOj-A.js:451:63298)
    at async PK.layoutSession (https://app-companion-430619.appspot.com/assets/util-BcnQOj-A.js:451:64415)
    at async PK.layoutSessionsV2 (https://app-companion-430619.appspot.com/assets/util-BcnQOj-A.js:451:65372)
    at async Object.updateScreensWithSessionsInternal (https://app-companion-430619.appspot.com/assets/util-BcnQOj-A.js:451:94524)
    at async pendingLayoutCall (https://app-companion-430619.appspot.com/assets/util-BcnQOj-A.js:451:95822)
    at async https://app-companion-430619.appspot.com/assets/util-BcnQOj-A.js:451:96045 @ https://app-companion-430619.appspot.com/assets/util-BcnQOj-A.js:177
[  845468ms] [ERROR] Error in updateScreensWithSessions: Error: Failed to load image from data URI (…).
    at YG (https://app-companion-430619.appspot.com/assets/util-BcnQOj-A.js:451:38614)
    at async bK (https://app-companion-430619.appspot.com/assets/util-BcnQOj-A.js:451:42901)
    at async PK.collectSessionOutputNodes (https://app-companion-430619.appspot.com/assets/util-BcnQOj-A.js:451:63298)
    at async PK.layoutSession (https://app-companion-430619.appspot.com/assets/util-BcnQOj-A.js:451:64415)
    at async PK.layoutSessionsV2 (https://app-companion-430619.appspot.com/assets/util-BcnQOj-A.js:451:65372)
    at async Object.updateScreensWithSessionsInternal (https://app-companion-430619.appspot.com/assets/util-BcnQOj-A.js:451:94524)
    at async pendingLayoutCall (https://app-companion-430619.appspot.com/assets/util-BcnQOj-A.js:451:95822)
    at async https://app-companion-430619.appspot.com/assets/util-BcnQOj-A.js:451:96045 @ https://app-companion-430619.appspot.com/assets/util-BcnQOj-A.js:177
[  846704ms] [ERROR] Error in updateScreensWithSessions: Error: Failed to load image from data URI (…).
    at YG (https://app-companion-430619.appspot.com/assets/util-BcnQOj-A.js:451:38614)
    at async bK (https://app-companion-430619.appspot.com/assets/util-BcnQOj-A.js:451:42901)
    at async PK.collectSessionOutputNodes (https://app-companion-430619.appspot.com/assets/util-BcnQOj-A.js:451:63298)
    at async PK.layoutSession (https://app-companion-430619.appspot.com/assets/util-BcnQOj-A.js:451:64415)
    at async PK.layoutSessionsV2 (https://app-companion-430619.appspot.com/assets/util-BcnQOj-A.js:451:65372)
    at async Object.updateScreensWithSessionsInternal (https://app-companion-430619.appspot.com/assets/util-BcnQOj-A.js:451:94524)
    at async pendingLayoutCall (https://app-companion-430619.appspot.com/assets/util-BcnQOj-A.js:451:95822)
    at async https://app-companion-430619.appspot.com/assets/util-BcnQOj-A.js:451:96045 @ https://app-companion-430619.appspot.com/assets/util-BcnQOj-A.js:177
[  847780ms] [ERROR] Error in updateScreensWithSessions: Error: Failed to load image from data URI (…).
    at YG (https://app-companion-430619.appspot.com/assets/util-BcnQOj-A.js:451:38614)
    at async bK (https://app-companion-430619.appspot.com/assets/util-BcnQOj-A.js:451:42901)
    at async PK.collectSessionOutputNodes (https://app-companion-430619.appspot.com/assets/util-BcnQOj-A.js:451:63298)
    at async PK.layoutSession (https://app-companion-430619.appspot.com/assets/util-BcnQOj-A.js:451:64415)
    at async PK.layoutSessionsV2 (https://app-companion-430619.appspot.com/assets/util-BcnQOj-A.js:451:65372)
    at async Object.updateScreensWithSessionsInternal (https://app-companion-430619.appspot.com/assets/util-BcnQOj-A.js:451:94524)
    at async pendingLayoutCall (https://app-companion-430619.appspot.com/assets/util-BcnQOj-A.js:451:95822)
    at async https://app-companion-430619.appspot.com/assets/util-BcnQOj-A.js:451:96045 @ https://app-companion-430619.appspot.com/assets/util-BcnQOj-A.js:177
[  848980ms] [ERROR] Error in updateScreensWithSessions: Error: Failed to load image from data URI (…).
    at YG (https://app-companion-430619.appspot.com/assets/util-BcnQOj-A.js:451:38614)
    at async bK (https://app-companion-430619.appspot.com/assets/util-BcnQOj-A.js:451:42901)
    at async PK.collectSessionOutputNodes (https://app-companion-430619.appspot.com/assets/util-BcnQOj-A.js:451:63298)
    at async PK.layoutSession (https://app-companion-430619.appspot.com/assets/util-BcnQOj-A.js:451:64415)
    at async PK.layoutSessionsV2 (https://app-companion-430619.appspot.com/assets/util-BcnQOj-A.js:451:65372)
    at async Object.updateScreensWithSessionsInternal (https://app-companion-430619.appspot.com/assets/util-BcnQOj-A.js:451:94524)
    at async pendingLayoutCall (https://app-companion-430619.appspot.com/assets/util-BcnQOj-A.js:451:95822)
    at async https://app-companion-430619.appspot.com/assets/util-BcnQOj-A.js:451:96045 @ https://app-companion-430619.appspot.com/assets/util-BcnQOj-A.js:177
[  849877ms] [ERROR] Error in updateScreensWithSessions: Error: Failed to load image from data URI (…).
    at YG (https://app-companion-430619.appspot.com/assets/util-BcnQOj-A.js:451:38614)
    at async bK (https://app-companion-430619.appspot.com/assets/util-BcnQOj-A.js:451:42901)
    at async PK.collectSessionOutputNodes (https://app-companion-430619.appspot.com/assets/util-BcnQOj-A.js:451:63298)
    at async PK.layoutSession (https://app-companion-430619.appspot.com/assets/util-BcnQOj-A.js:451:64415)
    at async PK.layoutSessionsV2 (https://app-companion-430619.appspot.com/assets/util-BcnQOj-A.js:451:65372)
    at async Object.updateScreensWithSessionsInternal (https://app-companion-430619.appspot.com/assets/util-BcnQOj-A.js:451:94524)
    at async pendingLayoutCall (https://app-companion-430619.appspot.com/assets/util-BcnQOj-A.js:451:95822)
    at async https://app-companion-430619.appspot.com/assets/util-BcnQOj-A.js:451:96045 @ https://app-companion-430619.appspot.com/assets/util-BcnQOj-A.js:177
[  850917ms] [ERROR] Error in updateScreensWithSessions: Error: Failed to load image from data URI (…).
    at YG (https://app-companion-430619.appspot.com/assets/util-BcnQOj-A.js:451:38614)
    at async bK (https://app-companion-430619.appspot.com/assets/util-BcnQOj-A.js:451:42901)
    at async PK.collectSessionOutputNodes (https://app-companion-430619.appspot.com/assets/util-BcnQOj-A.js:451:63298)
    at async PK.layoutSession (https://app-companion-430619.appspot.com/assets/util-BcnQOj-A.js:451:64415)
    at async PK.layoutSessionsV2 (https://app-companion-430619.appspot.com/assets/util-BcnQOj-A.js:451:65372)
    at async Object.updateScreensWithSessionsInternal (https://app-companion-430619.appspot.com/assets/util-BcnQOj-A.js:451:94524)
    at async pendingLayoutCall (https://app-companion-430619.appspot.com/assets/util-BcnQOj-A.js:451:95822)
    at async https://app-companion-430619.appspot.com/assets/util-BcnQOj-A.js:451:96045 @ https://app-companion-430619.appspot.com/assets/util-BcnQOj-A.js:177
[  851917ms] [ERROR] Error in updateScreensWithSessions: Error: Failed to load image from data URI (…).
    at YG (https://app-companion-430619.appspot.com/assets/util-BcnQOj-A.js:451:38614)
    at async bK (https://app-companion-430619.appspot.com/assets/util-BcnQOj-A.js:451:42901)
    at async PK.collectSessionOutputNodes (https://app-companion-430619.appspot.com/assets/util-BcnQOj-A.js:451:63298)
    at async PK.layoutSession (https://app-companion-430619.appspot.com/assets/util-BcnQOj-A.js:451:64415)
    at async PK.layoutSessionsV2 (https://app-companion-430619.appspot.com/assets/util-BcnQOj-A.js:451:65372)
    at async Object.updateScreensWithSessionsInternal (https://app-companion-430619.appspot.com/assets/util-BcnQOj-A.js:451:94524)
    at async pendingLayoutCall (https://app-companion-430619.appspot.com/assets/util-BcnQOj-A.js:451:95822)
    at async https://app-companion-430619.appspot.com/assets/util-BcnQOj-A.js:451:96045 @ https://app-companion-430619.appspot.com/assets/util-BcnQOj-A.js:177
[  852970ms] [ERROR] Error in updateScreensWithSessions: Error: Failed to load image from data URI (…).
    at YG (https://app-companion-430619.appspot.com/assets/util-BcnQOj-A.js:451:38614)
    at async bK (https://app-companion-430619.appspot.com/assets/util-BcnQOj-A.js:451:42901)
    at async PK.collectSessionOutputNodes (https://app-companion-430619.appspot.com/assets/util-BcnQOj-A.js:451:63298)
    at async PK.layoutSession (https://app-companion-430619.appspot.com/assets/util-BcnQOj-A.js:451:64415)
    at async PK.layoutSessionsV2 (https://app-companion-430619.appspot.com/assets/util-BcnQOj-A.js:451:65372)
    at async Object.updateScreensWithSessionsInternal (https://app-companion-430619.appspot.com/assets/util-BcnQOj-A.js:451:94524)
    at async pendingLayoutCall (https://app-companion-430619.appspot.com/assets/util-BcnQOj-A.js:451:95822)
    at async https://app-companion-430619.appspot.com/assets/util-BcnQOj-A.js:451:96045 @ https://app-companion-430619.appspot.com/assets/util-BcnQOj-A.js:177
[  853997ms] [ERROR] Error in updateScreensWithSessions: Error: Failed to load image from data URI (…).
    at YG (https://app-companion-430619.appspot.com/assets/util-BcnQOj-A.js:451:38614)
    at async bK (https://app-companion-430619.appspot.com/assets/util-BcnQOj-A.js:451:42901)
    at async PK.collectSessionOutputNodes (https://app-companion-430619.appspot.com/assets/util-BcnQOj-A.js:451:63298)
    at async PK.layoutSession (https://app-companion-430619.appspot.com/assets/util-BcnQOj-A.js:451:64415)
    at async PK.layoutSessionsV2 (https://app-companion-430619.appspot.com/assets/util-BcnQOj-A.js:451:65372)
    at async Object.updateScreensWithSessionsInternal (https://app-companion-430619.appspot.com/assets/util-BcnQOj-A.js:451:94524)
    at async pendingLayoutCall (https://app-companion-430619.appspot.com/assets/util-BcnQOj-A.js:451:95822)
    at async https://app-companion-430619.appspot.com/assets/util-BcnQOj-A.js:451:96045 @ https://app-companion-430619.appspot.com/assets/util-BcnQOj-A.js:177
[  854939ms] [ERROR] Error in updateScreensWithSessions: Error: Failed to load image from data URI (…).
    at YG (https://app-companion-430619.appspot.com/assets/util-BcnQOj-A.js:451:38614)
    at async bK (https://app-companion-430619.appspot.com/assets/util-BcnQOj-A.js:451:42901)
    at async PK.collectSessionOutputNodes (https://app-companion-430619.appspot.com/assets/util-BcnQOj-A.js:451:63298)
    at async PK.layoutSession (https://app-companion-430619.appspot.com/assets/util-BcnQOj-A.js:451:64415)
    at async PK.layoutSessionsV2 (https://app-companion-430619.appspot.com/assets/util-BcnQOj-A.js:451:65372)
    at async Object.updateScreensWithSessionsInternal (https://app-companion-430619.appspot.com/assets/util-BcnQOj-A.js:451:94524)
    at async pendingLayoutCall (https://app-companion-430619.appspot.com/assets/util-BcnQOj-A.js:451:95822)
    at async https://app-companion-430619.appspot.com/assets/util-BcnQOj-A.js:451:96045 @ https://app-companion-430619.appspot.com/assets/util-BcnQOj-A.js:177
[  855756ms] [ERROR] Error in updateScreensWithSessions: Error: Failed to load image from data URI (…).
    at YG (https://app-companion-430619.appspot.com/assets/util-BcnQOj-A.js:451:38614)
    at async bK (https://app-companion-430619.appspot.com/assets/util-BcnQOj-A.js:451:42901)
    at async PK.collectSessionOutputNodes (https://app-companion-430619.appspot.com/assets/util-BcnQOj-A.js:451:63298)
    at async PK.layoutSession (https://app-companion-430619.appspot.com/assets/util-BcnQOj-A.js:451:64415)
    at async PK.layoutSessionsV2 (https://app-companion-430619.appspot.com/assets/util-BcnQOj-A.js:451:65372)
    at async Object.updateScreensWithSessionsInternal (https://app-companion-430619.appspot.com/assets/util-BcnQOj-A.js:451:94524)
    at async pendingLayoutCall (https://app-companion-430619.appspot.com/assets/util-BcnQOj-A.js:451:95822)
    at async https://app-companion-430619.appspot.com/assets/util-BcnQOj-A.js:451:96045 @ https://app-companion-430619.appspot.com/assets/util-BcnQOj-A.js:177
[  856929ms] [ERROR] Error in updateScreensWithSessions: Error: Failed to load image from data URI (…).
    at YG (https://app-companion-430619.appspot.com/assets/util-BcnQOj-A.js:451:38614)
    at async bK (https://app-companion-430619.appspot.com/assets/util-BcnQOj-A.js:451:42901)
    at async PK.collectSessionOutputNodes (https://app-companion-430619.appspot.com/assets/util-BcnQOj-A.js:451:63298)
    at async PK.layoutSession (https://app-companion-430619.appspot.com/assets/util-BcnQOj-A.js:451:64415)
    at async PK.layoutSessionsV2 (https://app-companion-430619.appspot.com/assets/util-BcnQOj-A.js:451:65372)
    at async Object.updateScreensWithSessionsInternal (https://app-companion-430619.appspot.com/assets/util-BcnQOj-A.js:451:94524)
    at async pendingLayoutCall (https://app-companion-430619.appspot.com/assets/util-BcnQOj-A.js:451:95822)
    at async https://app-companion-430619.appspot.com/assets/util-BcnQOj-A.js:451:96045 @ https://app-companion-430619.appspot.com/assets/util-BcnQOj-A.js:177
[  857617ms] [ERROR] Error in updateScreensWithSessions: Error: Failed to load image from data URI (…).
    at YG (https://app-companion-430619.appspot.com/assets/util-BcnQOj-A.js:451:38614)
    at async bK (https://app-companion-430619.appspot.com/assets/util-BcnQOj-A.js:451:42901)
    at async PK.collectSessionOutputNodes (https://app-companion-430619.appspot.com/assets/util-BcnQOj-A.js:451:63298)
    at async PK.layoutSession (https://app-companion-430619.appspot.com/assets/util-BcnQOj-A.js:451:64415)
    at async PK.layoutSessionsV2 (https://app-companion-430619.appspot.com/assets/util-BcnQOj-A.js:451:65372)
    at async Object.updateScreensWithSessionsInternal (https://app-companion-430619.appspot.com/assets/util-BcnQOj-A.js:451:94524)
    at async pendingLayoutCall (https://app-companion-430619.appspot.com/assets/util-BcnQOj-A.js:451:95822)
    at async https://app-companion-430619.appspot.com/assets/util-BcnQOj-A.js:451:96045 @ https://app-companion-430619.appspot.com/assets/util-BcnQOj-A.js:177
[  858509ms] [ERROR] Error in updateScreensWithSessions: Error: Failed to load image from data URI (…).
    at YG (https://app-companion-430619.appspot.com/assets/util-BcnQOj-A.js:451:38614)
    at async bK (https://app-companion-430619.appspot.com/assets/util-BcnQOj-A.js:451:42901)
    at async PK.collectSessionOutputNodes (https://app-companion-430619.appspot.com/assets/util-BcnQOj-A.js:451:63298)
    at async PK.layoutSession (https://app-companion-430619.appspot.com/assets/util-BcnQOj-A.js:451:64415)
    at async PK.layoutSessionsV2 (https://app-companion-430619.appspot.com/assets/util-BcnQOj-A.js:451:65372)
    at async Object.updateScreensWithSessionsInternal (https://app-companion-430619.appspot.com/assets/util-BcnQOj-A.js:451:94524)
    at async pendingLayoutCall (https://app-companion-430619.appspot.com/assets/util-BcnQOj-A.js:451:95822)
    at async https://app-companion-430619.appspot.com/assets/util-BcnQOj-A.js:451:96045 @ https://app-companion-430619.appspot.com/assets/util-BcnQOj-A.js:177
[  859670ms] [ERROR] Error in updateScreensWithSessions: Error: Failed to load image from data URI (…).
    at YG (https://app-companion-430619.appspot.com/assets/util-BcnQOj-A.js:451:38614)
    at async bK (https://app-companion-430619.appspot.com/assets/util-BcnQOj-A.js:451:42901)
    at async PK.collectSessionOutputNodes (https://app-companion-430619.appspot.com/assets/util-BcnQOj-A.js:451:63298)
    at async PK.layoutSession (https://app-companion-430619.appspot.com/assets/util-BcnQOj-A.js:451:64415)
    at async PK.layoutSessionsV2 (https://app-companion-430619.appspot.com/assets/util-BcnQOj-A.js:451:65372)
    at async Object.updateScreensWithSessionsInternal (https://app-companion-430619.appspot.com/assets/util-BcnQOj-A.js:451:94524)
    at async pendingLayoutCall (https://app-companion-430619.appspot.com/assets/util-BcnQOj-A.js:451:95822)
    at async https://app-companion-430619.appspot.com/assets/util-BcnQOj-A.js:451:96045 @ https://app-companion-430619.appspot.com/assets/util-BcnQOj-A.js:177
[  860796ms] [ERROR] Error in updateScreensWithSessions: Error: Failed to load image from data URI (…).
    at YG (https://app-companion-430619.appspot.com/assets/util-BcnQOj-A.js:451:38614)
    at async bK (https://app-companion-430619.appspot.com/assets/util-BcnQOj-A.js:451:42901)
    at async PK.collectSessionOutputNodes (https://app-companion-430619.appspot.com/assets/util-BcnQOj-A.js:451:63298)
    at async PK.layoutSession (https://app-companion-430619.appspot.com/assets/util-BcnQOj-A.js:451:64415)
    at async PK.layoutSessionsV2 (https://app-companion-430619.appspot.com/assets/util-BcnQOj-A.js:451:65372)
    at async Object.updateScreensWithSessionsInternal (https://app-companion-430619.appspot.com/assets/util-BcnQOj-A.js:451:94524)
    at async pendingLayoutCall (https://app-companion-430619.appspot.com/assets/util-BcnQOj-A.js:451:95822)
    at async https://app-companion-430619.appspot.com/assets/util-BcnQOj-A.js:451:96045 @ https://app-companion-430619.appspot.com/assets/util-BcnQOj-A.js:177
[  861584ms] [ERROR] Error in updateScreensWithSessions: Error: Failed to load image from data URI (…).
    at YG (https://app-companion-430619.appspot.com/assets/util-BcnQOj-A.js:451:38614)
    at async bK (https://app-companion-430619.appspot.com/assets/util-BcnQOj-A.js:451:42901)
    at async PK.collectSessionOutputNodes (https://app-companion-430619.appspot.com/assets/util-BcnQOj-A.js:451:63298)
    at async PK.layoutSession (https://app-companion-430619.appspot.com/assets/util-BcnQOj-A.js:451:64415)
    at async PK.layoutSessionsV2 (https://app-companion-430619.appspot.com/assets/util-BcnQOj-A.js:451:65372)
    at async Object.updateScreensWithSessionsInternal (https://app-companion-430619.appspot.com/assets/util-BcnQOj-A.js:451:94524)
    at async pendingLayoutCall (https://app-companion-430619.appspot.com/assets/util-BcnQOj-A.js:451:95822)
    at async https://app-companion-430619.appspot.com/assets/util-BcnQOj-A.js:451:96045 @ https://app-companion-430619.appspot.com/assets/util-BcnQOj-A.js:177
[  862461ms] [ERROR] Error in updateScreensWithSessions: Error: Failed to load image from data URI (…).
    at YG (https://app-companion-430619.appspot.com/assets/util-BcnQOj-A.js:451:38614)
    at async bK (https://app-companion-430619.appspot.com/assets/util-BcnQOj-A.js:451:42901)
    at async PK.collectSessionOutputNodes (https://app-companion-430619.appspot.com/assets/util-BcnQOj-A.js:451:63298)
    at async PK.layoutSession (https://app-companion-430619.appspot.com/assets/util-BcnQOj-A.js:451:64415)
    at async PK.layoutSessionsV2 (https://app-companion-430619.appspot.com/assets/util-BcnQOj-A.js:451:65372)
    at async Object.updateScreensWithSessionsInternal (https://app-companion-430619.appspot.com/assets/util-BcnQOj-A.js:451:94524)
    at async pendingLayoutCall (https://app-companion-430619.appspot.com/assets/util-BcnQOj-A.js:451:95822)
    at async https://app-companion-430619.appspot.com/assets/util-BcnQOj-A.js:451:96045 @ https://app-companion-430619.appspot.com/assets/util-BcnQOj-A.js:177
[  866179ms] [ERROR] Error in updateScreensWithSessions: Error: Failed to load image from data URI (…).
    at YG (https://app-companion-430619.appspot.com/assets/util-BcnQOj-A.js:451:38614)
    at async bK (https://app-companion-430619.appspot.com/assets/util-BcnQOj-A.js:451:42901)
    at async PK.collectSessionOutputNodes (https://app-companion-430619.appspot.com/assets/util-BcnQOj-A.js:451:63298)
    at async PK.layoutSession (https://app-companion-430619.appspot.com/assets/util-BcnQOj-A.js:451:64415)
    at async PK.layoutSessionsV2 (https://app-companion-430619.appspot.com/assets/util-BcnQOj-A.js:451:65372)
    at async Object.updateScreensWithSessionsInternal (https://app-companion-430619.appspot.com/assets/util-BcnQOj-A.js:451:94524)
    at async pendingLayoutCall (https://app-companion-430619.appspot.com/assets/util-BcnQOj-A.js:451:95822)
    at async https://app-companion-430619.appspot.com/assets/util-BcnQOj-A.js:451:96045 @ https://app-companion-430619.appspot.com/assets/util-BcnQOj-A.js:177
[  866664ms] [ERROR] Error in updateScreensWithSessions: Error: Failed to load image from data URI (…).
    at YG (https://app-companion-430619.appspot.com/assets/util-BcnQOj-A.js:451:38614)
    at async bK (https://app-companion-430619.appspot.com/assets/util-BcnQOj-A.js:451:42901)
    at async PK.collectSessionOutputNodes (https://app-companion-430619.appspot.com/assets/util-BcnQOj-A.js:451:63298)
    at async PK.layoutSession (https://app-companion-430619.appspot.com/assets/util-BcnQOj-A.js:451:64415)
    at async PK.layoutSessionsV2 (https://app-companion-430619.appspot.com/assets/util-BcnQOj-A.js:451:65372)
    at async Object.updateScreensWithSessionsInternal (https://app-companion-430619.appspot.com/assets/util-BcnQOj-A.js:451:94524)
    at async pendingLayoutCall (https://app-companion-430619.appspot.com/assets/util-BcnQOj-A.js:451:95822)
    at async https://app-companion-430619.appspot.com/assets/util-BcnQOj-A.js:451:96045 @ https://app-companion-430619.appspot.com/assets/util-BcnQOj-A.js:177
[  866970ms] [ERROR] Error in updateScreensWithSessions: Error: Failed to load image from data URI (…).
    at YG (https://app-companion-430619.appspot.com/assets/util-BcnQOj-A.js:451:38614)
    at async bK (https://app-companion-430619.appspot.com/assets/util-BcnQOj-A.js:451:42901)
    at async PK.collectSessionOutputNodes (https://app-companion-430619.appspot.com/assets/util-BcnQOj-A.js:451:63298)
    at async PK.layoutSession (https://app-companion-430619.appspot.com/assets/util-BcnQOj-A.js:451:64415)
    at async PK.layoutSessionsV2 (https://app-companion-430619.appspot.com/assets/util-BcnQOj-A.js:451:65372)
    at async Object.updateScreensWithSessionsInternal (https://app-companion-430619.appspot.com/assets/util-BcnQOj-A.js:451:94524)
    at async pendingLayoutCall (https://app-companion-430619.appspot.com/assets/util-BcnQOj-A.js:451:95822)
    at async https://app-companion-430619.appspot.com/assets/util-BcnQOj-A.js:451:96045 @ https://app-companion-430619.appspot.com/assets/util-BcnQOj-A.js:177
[  867694ms] [ERROR] Error in updateScreensWithSessions: Error: Failed to load image from data URI (…).
    at YG (https://app-companion-430619.appspot.com/assets/util-BcnQOj-A.js:451:38614)
    at async bK (https://app-companion-430619.appspot.com/assets/util-BcnQOj-A.js:451:42901)
    at async PK.collectSessionOutputNodes (https://app-companion-430619.appspot.com/assets/util-BcnQOj-A.js:451:63298)
    at async PK.layoutSession (https://app-companion-430619.appspot.com/assets/util-BcnQOj-A.js:451:64415)
    at async PK.layoutSessionsV2 (https://app-companion-430619.appspot.com/assets/util-BcnQOj-A.js:451:65372)
    at async Object.updateScreensWithSessionsInternal (https://app-companion-430619.appspot.com/assets/util-BcnQOj-A.js:451:94524)
    at async pendingLayoutCall (https://app-companion-430619.appspot.com/assets/util-BcnQOj-A.js:451:95822)
    at async https://app-companion-430619.appspot.com/assets/util-BcnQOj-A.js:451:96045 @ https://app-companion-430619.appspot.com/assets/util-BcnQOj-A.js:177
[  887278ms] [ERROR] Error in updateScreensWithSessions: Error: Failed to load image from data URI (…).
    at YG (https://app-companion-430619.appspot.com/assets/util-BcnQOj-A.js:451:38614)
    at async bK (https://app-companion-430619.appspot.com/assets/util-BcnQOj-A.js:451:42901)
    at async PK.collectSessionOutputNodes (https://app-companion-430619.appspot.com/assets/util-BcnQOj-A.js:451:63298)
    at async PK.layoutSession (https://app-companion-430619.appspot.com/assets/util-BcnQOj-A.js:451:64415)
    at async PK.layoutSessionsV2 (https://app-companion-430619.appspot.com/assets/util-BcnQOj-A.js:451:65372)
    at async Object.updateScreensWithSessionsInternal (https://app-companion-430619.appspot.com/assets/util-BcnQOj-A.js:451:94524)
    at async pendingLayoutCall (https://app-companion-430619.appspot.com/assets/util-BcnQOj-A.js:451:95822)
    at async https://app-companion-430619.appspot.com/assets/util-BcnQOj-A.js:451:96045 @ https://app-companion-430619.appspot.com/assets/util-BcnQOj-A.js:177
[  887623ms] [ERROR] Error in updateScreensWithSessions: Error: Failed to load image from data URI (…).
    at YG (https://app-companion-430619.appspot.com/assets/util-BcnQOj-A.js:451:38614)
    at async bK (https://app-companion-430619.appspot.com/assets/util-BcnQOj-A.js:451:42901)
    at async PK.collectSessionOutputNodes (https://app-companion-430619.appspot.com/assets/util-BcnQOj-A.js:451:63298)
    at async PK.layoutSession (https://app-companion-430619.appspot.com/assets/util-BcnQOj-A.js:451:64415)
    at async PK.layoutSessionsV2 (https://app-companion-430619.appspot.com/assets/util-BcnQOj-A.js:451:65372)
    at async Object.updateScreensWithSessionsInternal (https://app-companion-430619.appspot.com/assets/util-BcnQOj-A.js:451:94524)
    at async pendingLayoutCall (https://app-companion-430619.appspot.com/assets/util-BcnQOj-A.js:451:95822)
    at async https://app-companion-430619.appspot.com/assets/util-BcnQOj-A.js:451:96045 @ https://app-companion-430619.appspot.com/assets/util-BcnQOj-A.js:177
[  892975ms] [ERROR] Error in updateScreensWithSessions: Error: Failed to load image from data URI (…).
    at YG (https://app-companion-430619.appspot.com/assets/util-BcnQOj-A.js:451:38614)
    at async bK (https://app-companion-430619.appspot.com/assets/util-BcnQOj-A.js:451:42901)
    at async PK.collectSessionOutputNodes (https://app-companion-430619.appspot.com/assets/util-BcnQOj-A.js:451:63298)
    at async PK.layoutSession (https://app-companion-430619.appspot.com/assets/util-BcnQOj-A.js:451:64415)
    at async PK.layoutSessionsV2 (https://app-companion-430619.appspot.com/assets/util-BcnQOj-A.js:451:65372)
    at async Object.updateScreensWithSessionsInternal (https://app-companion-430619.appspot.com/assets/util-BcnQOj-A.js:451:94524)
    at async pendingLayoutCall (https://app-companion-430619.appspot.com/assets/util-BcnQOj-A.js:451:95822)
    at async https://app-companion-430619.appspot.com/assets/util-BcnQOj-A.js:451:96045 @ https://app-companion-430619.appspot.com/assets/util-BcnQOj-A.js:177
[  893306ms] [ERROR] Error in updateScreensWithSessions: Error: Failed to load image from data URI (…).
    at YG (https://app-companion-430619.appspot.com/assets/util-BcnQOj-A.js:451:38614)
    at async bK (https://app-companion-430619.appspot.com/assets/util-BcnQOj-A.js:451:42901)
    at async PK.collectSessionOutputNodes (https://app-companion-430619.appspot.com/assets/util-BcnQOj-A.js:451:63298)
    at async PK.layoutSession (https://app-companion-430619.appspot.com/assets/util-BcnQOj-A.js:451:64415)
    at async PK.layoutSessionsV2 (https://app-companion-430619.appspot.com/assets/util-BcnQOj-A.js:451:65372)
    at async Object.updateScreensWithSessionsInternal (https://app-companion-430619.appspot.com/assets/util-BcnQOj-A.js:451:94524)
    at async pendingLayoutCall (https://app-companion-430619.appspot.com/assets/util-BcnQOj-A.js:451:95822)
    at async https://app-companion-430619.appspot.com/assets/util-BcnQOj-A.js:451:96045 @ https://app-companion-430619.appspot.com/assets/util-BcnQOj-A.js:177
[  894722ms] [ERROR] Error in updateScreensWithSessions: Error: Failed to load image from data URI (…).
    at YG (https://app-companion-430619.appspot.com/assets/util-BcnQOj-A.js:451:38614)
    at async bK (https://app-companion-430619.appspot.com/assets/util-BcnQOj-A.js:451:42901)
    at async PK.collectSessionOutputNodes (https://app-companion-430619.appspot.com/assets/util-BcnQOj-A.js:451:63298)
    at async PK.layoutSession (https://app-companion-430619.appspot.com/assets/util-BcnQOj-A.js:451:64415)
    at async PK.layoutSessionsV2 (https://app-companion-430619.appspot.com/assets/util-BcnQOj-A.js:451:65372)
    at async Object.updateScreensWithSessionsInternal (https://app-companion-430619.appspot.com/assets/util-BcnQOj-A.js:451:94524)
    at async pendingLayoutCall (https://app-companion-430619.appspot.com/assets/util-BcnQOj-A.js:451:95822)
    at async https://app-companion-430619.appspot.com/assets/util-BcnQOj-A.js:451:96045 @ https://app-companion-430619.appspot.com/assets/util-BcnQOj-A.js:177
[ 1325237ms] [ERROR] Error in updateScreensWithSessions: Error: Failed to load image from data URI (…).
    at YG (https://app-companion-430619.appspot.com/assets/util-BcnQOj-A.js:451:38614)
    at async bK (https://app-companion-430619.appspot.com/assets/util-BcnQOj-A.js:451:42901)
    at async PK.collectSessionOutputNodes (https://app-companion-430619.appspot.com/assets/util-BcnQOj-A.js:451:63298)
    at async PK.layoutSession (https://app-companion-430619.appspot.com/assets/util-BcnQOj-A.js:451:64415)
    at async PK.layoutSessionsV2 (https://app-companion-430619.appspot.com/assets/util-BcnQOj-A.js:451:65372)
    at async Object.updateScreensWithSessionsInternal (https://app-companion-430619.appspot.com/assets/util-BcnQOj-A.js:451:94524)
    at async pendingLayoutCall (https://app-companion-430619.appspot.com/assets/util-BcnQOj-A.js:451:95822)
    at async https://app-companion-430619.appspot.com/assets/util-BcnQOj-A.js:451:96045 @ https://app-companion-430619.appspot.com/assets/util-BcnQOj-A.js:177
[ 1364447ms] [ERROR] Error in updateScreensWithSessions: Error: Failed to load image from data URI (…).
    at YG (https://app-companion-430619.appspot.com/assets/util-BcnQOj-A.js:451:38614)
    at async bK (https://app-companion-430619.appspot.com/assets/util-BcnQOj-A.js:451:42901)
    at async PK.collectSessionOutputNodes (https://app-companion-430619.appspot.com/assets/util-BcnQOj-A.js:451:63298)
    at async PK.layoutSession (https://app-companion-430619.appspot.com/assets/util-BcnQOj-A.js:451:64415)
    at async PK.layoutSessionsV2 (https://app-companion-430619.appspot.com/assets/util-BcnQOj-A.js:451:65372)
    at async Object.updateScreensWithSessionsInternal (https://app-companion-430619.appspot.com/assets/util-BcnQOj-A.js:451:94524)
    at async pendingLayoutCall (https://app-companion-430619.appspot.com/assets/util-BcnQOj-A.js:451:95822)
    at async https://app-companion-430619.appspot.com/assets/util-BcnQOj-A.js:451:96045 @ https://app-companion-430619.appspot.com/assets/util-BcnQOj-A.js:177
[ 1366316ms] [WARNING] cdn.tailwindcss.com should not be used in production. To use Tailwind CSS in production, install it as a PostCSS plugin or use the Tailwind CLI: https://tailwindcss.com/docs/installation @ https://cdn.tailwindcss.com/?plugins=forms,container-queries:63
[ 1366436ms] [WARNING] cdn.tailwindcss.com should not be used in production. To use Tailwind CSS in production, install it as a PostCSS plugin or use the Tailwind CLI: https://tailwindcss.com/docs/installation @ https://cdn.tailwindcss.com/?plugins=forms,container-queries:63
[ 1366484ms] [WARNING] cdn.tailwindcss.com should not be used in production. To use Tailwind CSS in production, install it as a PostCSS plugin or use the Tailwind CLI: https://tailwindcss.com/docs/installation @ https://cdn.tailwindcss.com/?plugins=forms,container-queries:63
[ 1366515ms] [WARNING] cdn.tailwindcss.com should not be used in production. To use Tailwind CSS in production, install it as a PostCSS plugin or use the Tailwind CLI: https://tailwindcss.com/docs/installation @ https://cdn.tailwindcss.com/?plugins=forms,container-queries:63
[ 1366546ms] [WARNING] cdn.tailwindcss.com should not be used in production. To use Tailwind CSS in production, install it as a PostCSS plugin or use the Tailwind CLI: https://tailwindcss.com/docs/installation @ https://cdn.tailwindcss.com/?plugins=forms,container-queries:63
[ 1366616ms] [WARNING] cdn.tailwindcss.com should not be used in production. To use Tailwind CSS in production, install it as a PostCSS plugin or use the Tailwind CLI: https://tailwindcss.com/docs/installation @ https://cdn.tailwindcss.com/?plugins=forms,container-queries:63
[ 1376730ms] [WARNING] cdn.tailwindcss.com should not be used in production. To use Tailwind CSS in production, install it as a PostCSS plugin or use the Tailwind CLI: https://tailwindcss.com/docs/installation @ https://cdn.tailwindcss.com/?plugins=forms,container-queries:63
[ 1376791ms] [WARNING] cdn.tailwindcss.com should not be used in production. To use Tailwind CSS in production, install it as a PostCSS plugin or use the Tailwind CLI: https://tailwindcss.com/docs/installation @ https://cdn.tailwindcss.com/?plugins=forms,container-queries:63
[ 1377065ms] [WARNING] cdn.tailwindcss.com should not be used in production. To use Tailwind CSS in production, install it as a PostCSS plugin or use the Tailwind CLI: https://tailwindcss.com/docs/installation @ https://cdn.tailwindcss.com/?plugins=forms,container-queries:63
[ 1377302ms] [WARNING] cdn.tailwindcss.com should not be used in production. To use Tailwind CSS in production, install it as a PostCSS plugin or use the Tailwind CLI: https://tailwindcss.com/docs/installation @ https://cdn.tailwindcss.com/?plugins=forms,container-queries:63
[ 1377697ms] [WARNING] cdn.tailwindcss.com should not be used in production. To use Tailwind CSS in production, install it as a PostCSS plugin or use the Tailwind CLI: https://tailwindcss.com/docs/installation @ https://cdn.tailwindcss.com/?plugins=forms,container-queries:63
[ 1378022ms] [WARNING] cdn.tailwindcss.com should not be used in production. To use Tailwind CSS in production, install it as a PostCSS plugin or use the Tailwind CLI: https://tailwindcss.com/docs/installation @ https://cdn.tailwindcss.com/?plugins=forms,container-queries:63
[ 1378030ms] [WARNING] cdn.tailwindcss.com should not be used in production. To use Tailwind CSS in production, install it as a PostCSS plugin or use the Tailwind CLI: https://tailwindcss.com/docs/installation @ https://cdn.tailwindcss.com/?plugins=forms,container-queries:63
[ 1378038ms] [WARNING] cdn.tailwindcss.com should not be used in production. To use Tailwind CSS in production, install it as a PostCSS plugin or use the Tailwind CLI: https://tailwindcss.com/docs/installation @ https://cdn.tailwindcss.com/?plugins=forms,container-queries:63
[ 1378046ms] [WARNING] cdn.tailwindcss.com should not be used in production. To use Tailwind CSS in production, install it as a PostCSS plugin or use the Tailwind CLI: https://tailwindcss.com/docs/installation @ https://cdn.tailwindcss.com/?plugins=forms,container-queries:63
[ 1378674ms] [WARNING] cdn.tailwindcss.com should not be used in production. To use Tailwind CSS in production, install it as a PostCSS plugin or use the Tailwind CLI: https://tailwindcss.com/docs/installation @ https://cdn.tailwindcss.com/?plugins=forms,container-queries:63
[ 1378680ms] [WARNING] cdn.tailwindcss.com should not be used in production. To use Tailwind CSS in production, install it as a PostCSS plugin or use the Tailwind CLI: https://tailwindcss.com/docs/installation @ https://cdn.tailwindcss.com/?plugins=forms,container-queries:63
[ 1378799ms] [WARNING] cdn.tailwindcss.com should not be used in production. To use Tailwind CSS in production, install it as a PostCSS plugin or use the Tailwind CLI: https://tailwindcss.com/docs/installation @ https://cdn.tailwindcss.com/?plugins=forms,container-queries:63
[ 1378841ms] [WARNING] cdn.tailwindcss.com should not be used in production. To use Tailwind CSS in production, install it as a PostCSS plugin or use the Tailwind CLI: https://tailwindcss.com/docs/installation @ https://cdn.tailwindcss.com/?plugins=forms,container-queries:63
[ 1379556ms] [WARNING] cdn.tailwindcss.com should not be used in production. To use Tailwind CSS in production, install it as a PostCSS plugin or use the Tailwind CLI: https://tailwindcss.com/docs/installation @ https://cdn.tailwindcss.com/?plugins=forms,container-queries:63
[ 1380234ms] [WARNING] cdn.tailwindcss.com should not be used in production. To use Tailwind CSS in production, install it as a PostCSS plugin or use the Tailwind CLI: https://tailwindcss.com/docs/installation @ https://cdn.tailwindcss.com/?plugins=forms,container-queries:63
[ 1380807ms] [WARNING] cdn.tailwindcss.com should not be used in production. To use Tailwind CSS in production, install it as a PostCSS plugin or use the Tailwind CLI: https://tailwindcss.com/docs/installation @ https://cdn.tailwindcss.com/?plugins=forms,container-queries:63
[ 1381009ms] [WARNING] cdn.tailwindcss.com should not be used in production. To use Tailwind CSS in production, install it as a PostCSS plugin or use the Tailwind CLI: https://tailwindcss.com/docs/installation @ https://cdn.tailwindcss.com/?plugins=forms,container-queries:63
[ 1381016ms] [WARNING] cdn.tailwindcss.com should not be used in production. To use Tailwind CSS in production, install it as a PostCSS plugin or use the Tailwind CLI: https://tailwindcss.com/docs/installation @ https://cdn.tailwindcss.com/?plugins=forms,container-queries:63
[ 1381045ms] [WARNING] cdn.tailwindcss.com should not be used in production. To use Tailwind CSS in production, install it as a PostCSS plugin or use the Tailwind CLI: https://tailwindcss.com/docs/installation @ https://cdn.tailwindcss.com/?plugins=forms,container-queries:63
[ 1381053ms] [WARNING] cdn.tailwindcss.com should not be used in production. To use Tailwind CSS in production, install it as a PostCSS plugin or use the Tailwind CLI: https://tailwindcss.com/docs/installation @ https://cdn.tailwindcss.com/?plugins=forms,container-queries:63
[ 1381092ms] [WARNING] cdn.tailwindcss.com should not be used in production. To use Tailwind CSS in production, install it as a PostCSS plugin or use the Tailwind CLI: https://tailwindcss.com/docs/installation @ https://cdn.tailwindcss.com/?plugins=forms,container-queries:63
[ 1381098ms] [WARNING] cdn.tailwindcss.com should not be used in production. To use Tailwind CSS in production, install it as a PostCSS plugin or use the Tailwind CLI: https://tailwindcss.com/docs/installation @ https://cdn.tailwindcss.com/?plugins=forms,container-queries:63
[ 1381121ms] [WARNING] cdn.tailwindcss.com should not be used in production. To use Tailwind CSS in production, install it as a PostCSS plugin or use the Tailwind CLI: https://tailwindcss.com/docs/installation @ https://cdn.tailwindcss.com/?plugins=forms,container-queries:63
[ 1381128ms] [WARNING] cdn.tailwindcss.com should not be used in production. To use Tailwind CSS in production, install it as a PostCSS plugin or use the Tailwind CLI: https://tailwindcss.com/docs/installation @ https://cdn.tailwindcss.com/?plugins=forms,container-queries:63
[ 1381134ms] [WARNING] cdn.tailwindcss.com should not be used in production. To use Tailwind CSS in production, install it as a PostCSS plugin or use the Tailwind CLI: https://tailwindcss.com/docs/installation @ https://cdn.tailwindcss.com/?plugins=forms,container-queries:63
[ 1457986ms] [WARNING] cdn.tailwindcss.com should not be used in production. To use Tailwind CSS in production, install it as a PostCSS plugin or use the Tailwind CLI: https://tailwindcss.com/docs/installation @ https://cdn.tailwindcss.com/?plugins=forms,container-queries:63
[ 1493497ms] [ERROR] Error in updateScreensWithSessions: Error: Failed to load image from data URI (…).
    at YG (https://app-companion-430619.appspot.com/assets/util-BcnQOj-A.js:451:38614)
    at async bK (https://app-companion-430619.appspot.com/assets/util-BcnQOj-A.js:451:42901)
    at async PK.collectSessionOutputNodes (https://app-companion-430619.appspot.com/assets/util-BcnQOj-A.js:451:63298)
    at async PK.layoutSession (https://app-companion-430619.appspot.com/assets/util-BcnQOj-A.js:451:64415)
    at async PK.layoutSessionsV2 (https://app-companion-430619.appspot.com/assets/util-BcnQOj-A.js:451:65372)
    at async Object.updateScreensWithSessionsInternal (https://app-companion-430619.appspot.com/assets/util-BcnQOj-A.js:451:94524)
    at async pendingLayoutCall (https://app-companion-430619.appspot.com/assets/util-BcnQOj-A.js:451:95822)
    at async https://app-companion-430619.appspot.com/assets/util-BcnQOj-A.js:451:96045 @ https://app-companion-430619.appspot.com/assets/util-BcnQOj-A.js:177
[ 1495159ms] [WARNING] cdn.tailwindcss.com should not be used in production. To use Tailwind CSS in production, install it as a PostCSS plugin or use the Tailwind CLI: https://tailwindcss.com/docs/installation @ https://cdn.tailwindcss.com/?plugins=forms,container-queries:63
[ 1495209ms] [WARNING] cdn.tailwindcss.com should not be used in production. To use Tailwind CSS in production, install it as a PostCSS plugin or use the Tailwind CLI: https://tailwindcss.com/docs/installation @ https://cdn.tailwindcss.com/?plugins=forms,container-queries:63
[ 1495226ms] [WARNING] cdn.tailwindcss.com should not be used in production. To use Tailwind CSS in production, install it as a PostCSS plugin or use the Tailwind CLI: https://tailwindcss.com/docs/installation @ https://cdn.tailwindcss.com/?plugins=forms,container-queries:63
[ 1495537ms] [WARNING] cdn.tailwindcss.com should not be used in production. To use Tailwind CSS in production, install it as a PostCSS plugin or use the Tailwind CLI: https://tailwindcss.com/docs/installation @ https://cdn.tailwindcss.com/?plugins=forms,container-queries:63
[ 1495634ms] [WARNING] cdn.tailwindcss.com should not be used in production. To use Tailwind CSS in production, install it as a PostCSS plugin or use the Tailwind CLI: https://tailwindcss.com/docs/installation @ https://cdn.tailwindcss.com/?plugins=forms,container-queries:63
[ 1496093ms] [WARNING] cdn.tailwindcss.com should not be used in production. To use Tailwind CSS in production, install it as a PostCSS plugin or use the Tailwind CLI: https://tailwindcss.com/docs/installation @ https://cdn.tailwindcss.com/?plugins=forms,container-queries:63
[ 1499763ms] [WARNING] cdn.tailwindcss.com should not be used in production. To use Tailwind CSS in production, install it as a PostCSS plugin or use the Tailwind CLI: https://tailwindcss.com/docs/installation @ https://cdn.tailwindcss.com/?plugins=forms,container-queries:63
[ 1499990ms] [WARNING] cdn.tailwindcss.com should not be used in production. To use Tailwind CSS in production, install it as a PostCSS plugin or use the Tailwind CLI: https://tailwindcss.com/docs/installation @ https://cdn.tailwindcss.com/?plugins=forms,container-queries:63
[ 1500623ms] [WARNING] cdn.tailwindcss.com should not be used in production. To use Tailwind CSS in production, install it as a PostCSS plugin or use the Tailwind CLI: https://tailwindcss.com/docs/installation @ https://cdn.tailwindcss.com/?plugins=forms,container-queries:63
[ 1500703ms] [WARNING] cdn.tailwindcss.com should not be used in production. To use Tailwind CSS in production, install it as a PostCSS plugin or use the Tailwind CLI: https://tailwindcss.com/docs/installation @ https://cdn.tailwindcss.com/?plugins=forms,container-queries:63
[ 1500866ms] [WARNING] cdn.tailwindcss.com should not be used in production. To use Tailwind CSS in production, install it as a PostCSS plugin or use the Tailwind CLI: https://tailwindcss.com/docs/installation @ https://cdn.tailwindcss.com/?plugins=forms,container-queries:63
[ 1500886ms] [WARNING] cdn.tailwindcss.com should not be used in production. To use Tailwind CSS in production, install it as a PostCSS plugin or use the Tailwind CLI: https://tailwindcss.com/docs/installation @ https://cdn.tailwindcss.com/?plugins=forms,container-queries:63
[ 1500895ms] [WARNING] cdn.tailwindcss.com should not be used in production. To use Tailwind CSS in production, install it as a PostCSS plugin or use the Tailwind CLI: https://tailwindcss.com/docs/installation @ https://cdn.tailwindcss.com/?plugins=forms,container-queries:63
[ 1504016ms] [WARNING] cdn.tailwindcss.com should not be used in production. To use Tailwind CSS in production, install it as a PostCSS plugin or use the Tailwind CLI: https://tailwindcss.com/docs/installation @ https://cdn.tailwindcss.com/?plugins=forms,container-queries:63
[ 1504543ms] [WARNING] cdn.tailwindcss.com should not be used in production. To use Tailwind CSS in production, install it as a PostCSS plugin or use the Tailwind CLI: https://tailwindcss.com/docs/installation @ https://cdn.tailwindcss.com/?plugins=forms,container-queries:63
[ 1505151ms] [WARNING] cdn.tailwindcss.com should not be used in production. To use Tailwind CSS in production, install it as a PostCSS plugin or use the Tailwind CLI: https://tailwindcss.com/docs/installation @ https://cdn.tailwindcss.com/?plugins=forms,container-queries:63
[ 1505367ms] [WARNING] cdn.tailwindcss.com should not be used in production. To use Tailwind CSS in production, install it as a PostCSS plugin or use the Tailwind CLI: https://tailwindcss.com/docs/installation @ https://cdn.tailwindcss.com/?plugins=forms,container-queries:63
[ 1505384ms] [WARNING] cdn.tailwindcss.com should not be used in production. To use Tailwind CSS in production, install it as a PostCSS plugin or use the Tailwind CLI: https://tailwindcss.com/docs/installation @ https://cdn.tailwindcss.com/?plugins=forms,container-queries:63
[ 1505642ms] [WARNING] cdn.tailwindcss.com should not be used in production. To use Tailwind CSS in production, install it as a PostCSS plugin or use the Tailwind CLI: https://tailwindcss.com/docs/installation @ https://cdn.tailwindcss.com/?plugins=forms,container-queries:63
[ 1506116ms] [WARNING] cdn.tailwindcss.com should not be used in production. To use Tailwind CSS in production, install it as a PostCSS plugin or use the Tailwind CLI: https://tailwindcss.com/docs/installation @ https://cdn.tailwindcss.com/?plugins=forms,container-queries:63
[ 1507163ms] [WARNING] cdn.tailwindcss.com should not be used in production. To use Tailwind CSS in production, install it as a PostCSS plugin or use the Tailwind CLI: https://tailwindcss.com/docs/installation @ https://cdn.tailwindcss.com/?plugins=forms,container-queries:63
[ 1507464ms] [WARNING] cdn.tailwindcss.com should not be used in production. To use Tailwind CSS in production, install it as a PostCSS plugin or use the Tailwind CLI: https://tailwindcss.com/docs/installation @ https://cdn.tailwindcss.com/?plugins=forms,container-queries:63
[ 1507476ms] [WARNING] cdn.tailwindcss.com should not be used in production. To use Tailwind CSS in production, install it as a PostCSS plugin or use the Tailwind CLI: https://tailwindcss.com/docs/installation @ https://cdn.tailwindcss.com/?plugins=forms,container-queries:63
[ 1507673ms] [WARNING] cdn.tailwindcss.com should not be used in production. To use Tailwind CSS in production, install it as a PostCSS plugin or use the Tailwind CLI: https://tailwindcss.com/docs/installation @ https://cdn.tailwindcss.com/?plugins=forms,container-queries:63
[ 1507704ms] [WARNING] cdn.tailwindcss.com should not be used in production. To use Tailwind CSS in production, install it as a PostCSS plugin or use the Tailwind CLI: https://tailwindcss.com/docs/installation @ https://cdn.tailwindcss.com/?plugins=forms,container-queries:63
[ 1509446ms] [WARNING] cdn.tailwindcss.com should not be used in production. To use Tailwind CSS in production, install it as a PostCSS plugin or use the Tailwind CLI: https://tailwindcss.com/docs/installation @ https://cdn.tailwindcss.com/?plugins=forms,container-queries:63
[ 1509480ms] [WARNING] cdn.tailwindcss.com should not be used in production. To use Tailwind CSS in production, install it as a PostCSS plugin or use the Tailwind CLI: https://tailwindcss.com/docs/installation @ https://cdn.tailwindcss.com/?plugins=forms,container-queries:63
[ 1509733ms] [WARNING] cdn.tailwindcss.com should not be used in production. To use Tailwind CSS in production, install it as a PostCSS plugin or use the Tailwind CLI: https://tailwindcss.com/docs/installation @ https://cdn.tailwindcss.com/?plugins=forms,container-queries:63
[ 1509828ms] [WARNING] cdn.tailwindcss.com should not be used in production. To use Tailwind CSS in production, install it as a PostCSS plugin or use the Tailwind CLI: https://tailwindcss.com/docs/installation @ https://cdn.tailwindcss.com/?plugins=forms,container-queries:63
[ 1510076ms] [WARNING] cdn.tailwindcss.com should not be used in production. To use Tailwind CSS in production, install it as a PostCSS plugin or use the Tailwind CLI: https://tailwindcss.com/docs/installation @ https://cdn.tailwindcss.com/?plugins=forms,container-queries:63
[ 1510088ms] [WARNING] cdn.tailwindcss.com should not be used in production. To use Tailwind CSS in production, install it as a PostCSS plugin or use the Tailwind CLI: https://tailwindcss.com/docs/installation @ https://cdn.tailwindcss.com/?plugins=forms,container-queries:63
[ 1667000ms] [ERROR] Error in updateScreensWithSessions: Error: Failed to load image from data URI (…).
    at YG (https://app-companion-430619.appspot.com/assets/util-BcnQOj-A.js:451:38614)
    at async bK (https://app-companion-430619.appspot.com/assets/util-BcnQOj-A.js:451:42901)
    at async PK.collectSessionOutputNodes (https://app-companion-430619.appspot.com/assets/util-BcnQOj-A.js:451:63298)
    at async PK.layoutSession (https://app-companion-430619.appspot.com/assets/util-BcnQOj-A.js:451:64415)
    at async PK.layoutSessionsV2 (https://app-companion-430619.appspot.com/assets/util-BcnQOj-A.js:451:65372)
    at async Object.updateScreensWithSessionsInternal (https://app-companion-430619.appspot.com/assets/util-BcnQOj-A.js:451:94524)
    at async pendingLayoutCall (https://app-companion-430619.appspot.com/assets/util-BcnQOj-A.js:451:95822)
    at async https://app-companion-430619.appspot.com/assets/util-BcnQOj-A.js:451:96045 @ https://app-companion-430619.appspot.com/assets/util-BcnQOj-A.js:177
[ 1670505ms] [ERROR] Error in updateScreensWithSessions: Error: Failed to load image from data URI (…).
    at YG (https://app-companion-430619.appspot.com/assets/util-BcnQOj-A.js:451:38614)
    at async bK (https://app-companion-430619.appspot.com/assets/util-BcnQOj-A.js:451:42901)
    at async PK.collectSessionOutputNodes (https://app-companion-430619.appspot.com/assets/util-BcnQOj-A.js:451:63298)
    at async PK.layoutSession (https://app-companion-430619.appspot.com/assets/util-BcnQOj-A.js:451:64415)
    at async PK.layoutSessionsV2 (https://app-companion-430619.appspot.com/assets/util-BcnQOj-A.js:451:65372)
    at async Object.updateScreensWithSessionsInternal (https://app-companion-430619.appspot.com/assets/util-BcnQOj-A.js:451:94524)
    at async pendingLayoutCall (https://app-companion-430619.appspot.com/assets/util-BcnQOj-A.js:451:95822)
    at async https://app-companion-430619.appspot.com/assets/util-BcnQOj-A.js:451:96045 @ https://app-companion-430619.appspot.com/assets/util-BcnQOj-A.js:177
[ 1679863ms] [ERROR] Error in updateScreensWithSessions: Error: Failed to load image from data URI (…).
    at YG (https://app-companion-430619.appspot.com/assets/util-BcnQOj-A.js:451:38614)
    at async bK (https://app-companion-430619.appspot.com/assets/util-BcnQOj-A.js:451:42901)
    at async PK.collectSessionOutputNodes (https://app-companion-430619.appspot.com/assets/util-BcnQOj-A.js:451:63298)
    at async PK.layoutSession (https://app-companion-430619.appspot.com/assets/util-BcnQOj-A.js:451:64415)
    at async PK.layoutSessionsV2 (https://app-companion-430619.appspot.com/assets/util-BcnQOj-A.js:451:65372)
    at async Object.updateScreensWithSessionsInternal (https://app-companion-430619.appspot.com/assets/util-BcnQOj-A.js:451:94524)
    at async pendingLayoutCall (https://app-companion-430619.appspot.com/assets/util-BcnQOj-A.js:451:95822)
    at async https://app-companion-430619.appspot.com/assets/util-BcnQOj-A.js:451:96045 @ https://app-companion-430619.appspot.com/assets/util-BcnQOj-A.js:177
[ 1680235ms] [ERROR] Error in updateScreensWithSessions: Error: Failed to load image from data URI (…).
    at YG (https://app-companion-430619.appspot.com/assets/util-BcnQOj-A.js:451:38614)
    at async bK (https://app-companion-430619.appspot.com/assets/util-BcnQOj-A.js:451:42901)
    at async PK.collectSessionOutputNodes (https://app-companion-430619.appspot.com/assets/util-BcnQOj-A.js:451:63298)
    at async PK.layoutSession (https://app-companion-430619.appspot.com/assets/util-BcnQOj-A.js:451:64415)
    at async PK.layoutSessionsV2 (https://app-companion-430619.appspot.com/assets/util-BcnQOj-A.js:451:65372)
    at async Object.updateScreensWithSessionsInternal (https://app-companion-430619.appspot.com/assets/util-BcnQOj-A.js:451:94524)
    at async pendingLayoutCall (https://app-companion-430619.appspot.com/assets/util-BcnQOj-A.js:451:95822)
    at async https://app-companion-430619.appspot.com/assets/util-BcnQOj-A.js:451:96045 @ https://app-companion-430619.appspot.com/assets/util-BcnQOj-A.js:177
[ 1680649ms] [ERROR] Error in updateScreensWithSessions: Error: Failed to load image from data URI (…).
    at YG (https://app-companion-430619.appspot.com/assets/util-BcnQOj-A.js:451:38614)
    at async bK (https://app-companion-430619.appspot.com/assets/util-BcnQOj-A.js:451:42901)
    at async PK.collectSessionOutputNodes (https://app-companion-430619.appspot.com/assets/util-BcnQOj-A.js:451:63298)
    at async PK.layoutSession (https://app-companion-430619.appspot.com/assets/util-BcnQOj-A.js:451:64415)
    at async PK.layoutSessionsV2 (https://app-companion-430619.appspot.com/assets/util-BcnQOj-A.js:451:65372)
    at async Object.updateScreensWithSessionsInternal (https://app-companion-430619.appspot.com/assets/util-BcnQOj-A.js:451:94524)
    at async pendingLayoutCall (https://app-companion-430619.appspot.com/assets/util-BcnQOj-A.js:451:95822)
    at async https://app-companion-430619.appspot.com/assets/util-BcnQOj-A.js:451:96045 @ https://app-companion-430619.appspot.com/assets/util-BcnQOj-A.js:177
[ 1681116ms] [ERROR] Error in updateScreensWithSessions: Error: Failed to load image from data URI (…).
    at YG (https://app-companion-430619.appspot.com/assets/util-BcnQOj-A.js:451:38614)
    at async bK (https://app-companion-430619.appspot.com/assets/util-BcnQOj-A.js:451:42901)
    at async PK.collectSessionOutputNodes (https://app-companion-430619.appspot.com/assets/util-BcnQOj-A.js:451:63298)
    at async PK.layoutSession (https://app-companion-430619.appspot.com/assets/util-BcnQOj-A.js:451:64415)
    at async PK.layoutSessionsV2 (https://app-companion-430619.appspot.com/assets/util-BcnQOj-A.js:451:65372)
    at async Object.updateScreensWithSessionsInternal (https://app-companion-430619.appspot.com/assets/util-BcnQOj-A.js:451:94524)
    at async pendingLayoutCall (https://app-companion-430619.appspot.com/assets/util-BcnQOj-A.js:451:95822)
    at async https://app-companion-430619.appspot.com/assets/util-BcnQOj-A.js:451:96045 @ https://app-companion-430619.appspot.com/assets/util-BcnQOj-A.js:177
[ 1681633ms] [ERROR] Error in updateScreensWithSessions: Error: Failed to load image from data URI (…).
    at YG (https://app-companion-430619.appspot.com/assets/util-BcnQOj-A.js:451:38614)
    at async bK (https://app-companion-430619.appspot.com/assets/util-BcnQOj-A.js:451:42901)
    at async PK.collectSessionOutputNodes (https://app-companion-430619.appspot.com/assets/util-BcnQOj-A.js:451:63298)
    at async PK.layoutSession (https://app-companion-430619.appspot.com/assets/util-BcnQOj-A.js:451:64415)
    at async PK.layoutSessionsV2 (https://app-companion-430619.appspot.com/assets/util-BcnQOj-A.js:451:65372)
    at async Object.updateScreensWithSessionsInternal (https://app-companion-430619.appspot.com/assets/util-BcnQOj-A.js:451:94524)
    at async pendingLayoutCall (https://app-companion-430619.appspot.com/assets/util-BcnQOj-A.js:451:95822)
    at async https://app-companion-430619.appspot.com/assets/util-BcnQOj-A.js:451:96045 @ https://app-companion-430619.appspot.com/assets/util-BcnQOj-A.js:177
[ 1690691ms] [ERROR] Error in updateScreensWithSessions: Error: Failed to load image from data URI (…).
    at YG (https://app-companion-430619.appspot.com/assets/util-BcnQOj-A.js:451:38614)
    at async bK (https://app-companion-430619.appspot.com/assets/util-BcnQOj-A.js:451:42901)
    at async PK.collectSessionOutputNodes (https://app-companion-430619.appspot.com/assets/util-BcnQOj-A.js:451:63298)
    at async PK.layoutSession (https://app-companion-430619.appspot.com/assets/util-BcnQOj-A.js:451:64415)
    at async PK.layoutSessionsV2 (https://app-companion-430619.appspot.com/assets/util-BcnQOj-A.js:451:65372)
    at async Object.updateScreensWithSessionsInternal (https://app-companion-430619.appspot.com/assets/util-BcnQOj-A.js:451:94524)
    at async pendingLayoutCall (https://app-companion-430619.appspot.com/assets/util-BcnQOj-A.js:451:95822)
    at async https://app-companion-430619.appspot.com/assets/util-BcnQOj-A.js:451:96045 @ https://app-companion-430619.appspot.com/assets/util-BcnQOj-A.js:177
[ 1691112ms] [ERROR] Error in updateScreensWithSessions: Error: Failed to load image from data URI (…).
    at YG (https://app-companion-430619.appspot.com/assets/util-BcnQOj-A.js:451:38614)
    at async bK (https://app-companion-430619.appspot.com/assets/util-BcnQOj-A.js:451:42901)
    at async PK.collectSessionOutputNodes (https://app-companion-430619.appspot.com/assets/util-BcnQOj-A.js:451:63298)
    at async PK.layoutSession (https://app-companion-430619.appspot.com/assets/util-BcnQOj-A.js:451:64415)
    at async PK.layoutSessionsV2 (https://app-companion-430619.appspot.com/assets/util-BcnQOj-A.js:451:65372)
    at async Object.updateScreensWithSessionsInternal (https://app-companion-430619.appspot.com/assets/util-BcnQOj-A.js:451:94524)
    at async pendingLayoutCall (https://app-companion-430619.appspot.com/assets/util-BcnQOj-A.js:451:95822)
    at async https://app-companion-430619.appspot.com/assets/util-BcnQOj-A.js:451:96045 @ https://app-companion-430619.appspot.com/assets/util-BcnQOj-A.js:177
[ 1694299ms] [ERROR] Error in updateScreensWithSessions: Error: Failed to load image from data URI (…).
    at YG (https://app-companion-430619.appspot.com/assets/util-BcnQOj-A.js:451:38614)
    at async bK (https://app-companion-430619.appspot.com/assets/util-BcnQOj-A.js:451:42901)
    at async PK.collectSessionOutputNodes (https://app-companion-430619.appspot.com/assets/util-BcnQOj-A.js:451:63298)
    at async PK.layoutSession (https://app-companion-430619.appspot.com/assets/util-BcnQOj-A.js:451:64415)
    at async PK.layoutSessionsV2 (https://app-companion-430619.appspot.com/assets/util-BcnQOj-A.js:451:65372)
    at async Object.updateScreensWithSessionsInternal (https://app-companion-430619.appspot.com/assets/util-BcnQOj-A.js:451:94524)
    at async pendingLayoutCall (https://app-companion-430619.appspot.com/assets/util-BcnQOj-A.js:451:95822)
    at async https://app-companion-430619.appspot.com/assets/util-BcnQOj-A.js:451:96045 @ https://app-companion-430619.appspot.com/assets/util-BcnQOj-A.js:177
[ 1697637ms] [ERROR] Error in updateScreensWithSessions: Error: Failed to load image from data URI (…).
    at YG (https://app-companion-430619.appspot.com/assets/util-BcnQOj-A.js:451:38614)
    at async bK (https://app-companion-430619.appspot.com/assets/util-BcnQOj-A.js:451:42901)
    at async PK.collectSessionOutputNodes (https://app-companion-430619.appspot.com/assets/util-BcnQOj-A.js:451:63298)
    at async PK.layoutSession (https://app-companion-430619.appspot.com/assets/util-BcnQOj-A.js:451:64415)
    at async PK.layoutSessionsV2 (https://app-companion-430619.appspot.com/assets/util-BcnQOj-A.js:451:65372)
    at async Object.updateScreensWithSessionsInternal (https://app-companion-430619.appspot.com/assets/util-BcnQOj-A.js:451:94524)
    at async pendingLayoutCall (https://app-companion-430619.appspot.com/assets/util-BcnQOj-A.js:451:95822)
    at async https://app-companion-430619.appspot.com/assets/util-BcnQOj-A.js:451:96045 @ https://app-companion-430619.appspot.com/assets/util-BcnQOj-A.js:177
[ 1703222ms] [ERROR] Error in updateScreensWithSessions: Error: Failed to load image from data URI (…).
    at YG (https://app-companion-430619.appspot.com/assets/util-BcnQOj-A.js:451:38614)
    at async bK (https://app-companion-430619.appspot.com/assets/util-BcnQOj-A.js:451:42901)
    at async PK.collectSessionOutputNodes (https://app-companion-430619.appspot.com/assets/util-BcnQOj-A.js:451:63298)
    at async PK.layoutSession (https://app-companion-430619.appspot.com/assets/util-BcnQOj-A.js:451:64415)
    at async PK.layoutSessionsV2 (https://app-companion-430619.appspot.com/assets/util-BcnQOj-A.js:451:65372)
    at async Object.updateScreensWithSessionsInternal (https://app-companion-430619.appspot.com/assets/util-BcnQOj-A.js:451:94524)
    at async pendingLayoutCall (https://app-companion-430619.appspot.com/assets/util-BcnQOj-A.js:451:95822)
    at async https://app-companion-430619.appspot.com/assets/util-BcnQOj-A.js:451:96045 @ https://app-companion-430619.appspot.com/assets/util-BcnQOj-A.js:177
[ 1703679ms] [ERROR] Error in updateScreensWithSessions: Error: Failed to load image from data URI (…).
    at YG (https://app-companion-430619.appspot.com/assets/util-BcnQOj-A.js:451:38614)
    at async bK (https://app-companion-430619.appspot.com/assets/util-BcnQOj-A.js:451:42901)
    at async PK.collectSessionOutputNodes (https://app-companion-430619.appspot.com/assets/util-BcnQOj-A.js:451:63298)
    at async PK.layoutSession (https://app-companion-430619.appspot.com/assets/util-BcnQOj-A.js:451:64415)
    at async PK.layoutSessionsV2 (https://app-companion-430619.appspot.com/assets/util-BcnQOj-A.js:451:65372)
    at async Object.updateScreensWithSessionsInternal (https://app-companion-430619.appspot.com/assets/util-BcnQOj-A.js:451:94524)
    at async pendingLayoutCall (https://app-companion-430619.appspot.com/assets/util-BcnQOj-A.js:451:95822)
    at async https://app-companion-430619.appspot.com/assets/util-BcnQOj-A.js:451:96045 @ https://app-companion-430619.appspot.com/assets/util-BcnQOj-A.js:177
[ 1704323ms] [ERROR] Error in updateScreensWithSessions: Error: Failed to load image from data URI (…).
    at YG (https://app-companion-430619.appspot.com/assets/util-BcnQOj-A.js:451:38614)
    at async bK (https://app-companion-430619.appspot.com/assets/util-BcnQOj-A.js:451:42901)
    at async PK.collectSessionOutputNodes (https://app-companion-430619.appspot.com/assets/util-BcnQOj-A.js:451:63298)
    at async PK.layoutSession (https://app-companion-430619.appspot.com/assets/util-BcnQOj-A.js:451:64415)
    at async PK.layoutSessionsV2 (https://app-companion-430619.appspot.com/assets/util-BcnQOj-A.js:451:65372)
    at async Object.updateScreensWithSessionsInternal (https://app-companion-430619.appspot.com/assets/util-BcnQOj-A.js:451:94524)
    at async pendingLayoutCall (https://app-companion-430619.appspot.com/assets/util-BcnQOj-A.js:451:95822)
    at async https://app-companion-430619.appspot.com/assets/util-BcnQOj-A.js:451:96045 @ https://app-companion-430619.appspot.com/assets/util-BcnQOj-A.js:177
[ 1704872ms] [ERROR] Error in updateScreensWithSessions: Error: Failed to load image from data URI (…).
    at YG (https://app-companion-430619.appspot.com/assets/util-BcnQOj-A.js:451:38614)
    at async bK (https://app-companion-430619.appspot.com/assets/util-BcnQOj-A.js:451:42901)
    at async PK.collectSessionOutputNodes (https://app-companion-430619.appspot.com/assets/util-BcnQOj-A.js:451:63298)
    at async PK.layoutSession (https://app-companion-430619.appspot.com/assets/util-BcnQOj-A.js:451:64415)
    at async PK.layoutSessionsV2 (https://app-companion-430619.appspot.com/assets/util-BcnQOj-A.js:451:65372)
    at async Object.updateScreensWithSessionsInternal (https://app-companion-430619.appspot.com/assets/util-BcnQOj-A.js:451:94524)
    at async pendingLayoutCall (https://app-companion-430619.appspot.com/assets/util-BcnQOj-A.js:451:95822)
    at async https://app-companion-430619.appspot.com/assets/util-BcnQOj-A.js:451:96045 @ https://app-companion-430619.appspot.com/assets/util-BcnQOj-A.js:177
[ 1705690ms] [ERROR] Error in updateScreensWithSessions: Error: Failed to load image from data URI (…).
    at YG (https://app-companion-430619.appspot.com/assets/util-BcnQOj-A.js:451:38614)
    at async bK (https://app-companion-430619.appspot.com/assets/util-BcnQOj-A.js:451:42901)
    at async PK.collectSessionOutputNodes (https://app-companion-430619.appspot.com/assets/util-BcnQOj-A.js:451:63298)
    at async PK.layoutSession (https://app-companion-430619.appspot.com/assets/util-BcnQOj-A.js:451:64415)
    at async PK.layoutSessionsV2 (https://app-companion-430619.appspot.com/assets/util-BcnQOj-A.js:451:65372)
    at async Object.updateScreensWithSessionsInternal (https://app-companion-430619.appspot.com/assets/util-BcnQOj-A.js:451:94524)
    at async pendingLayoutCall (https://app-companion-430619.appspot.com/assets/util-BcnQOj-A.js:451:95822)
    at async https://app-companion-430619.appspot.com/assets/util-BcnQOj-A.js:451:96045 @ https://app-companion-430619.appspot.com/assets/util-BcnQOj-A.js:177
[ 1706602ms] [ERROR] Error in updateScreensWithSessions: Error: Failed to load image from data URI (…).
    at YG (https://app-companion-430619.appspot.com/assets/util-BcnQOj-A.js:451:38614)
    at async bK (https://app-companion-430619.appspot.com/assets/util-BcnQOj-A.js:451:42901)
    at async PK.collectSessionOutputNodes (https://app-companion-430619.appspot.com/assets/util-BcnQOj-A.js:451:63298)
    at async PK.layoutSession (https://app-companion-430619.appspot.com/assets/util-BcnQOj-A.js:451:64415)
    at async PK.layoutSessionsV2 (https://app-companion-430619.appspot.com/assets/util-BcnQOj-A.js:451:65372)
    at async Object.updateScreensWithSessionsInternal (https://app-companion-430619.appspot.com/assets/util-BcnQOj-A.js:451:94524)
    at async pendingLayoutCall (https://app-companion-430619.appspot.com/assets/util-BcnQOj-A.js:451:95822)
    at async https://app-companion-430619.appspot.com/assets/util-BcnQOj-A.js:451:96045 @ https://app-companion-430619.appspot.com/assets/util-BcnQOj-A.js:177
[ 1707470ms] [ERROR] Error in updateScreensWithSessions: Error: Failed to load image from data URI (…).
    at YG (https://app-companion-430619.appspot.com/assets/util-BcnQOj-A.js:451:38614)
    at async bK (https://app-companion-430619.appspot.com/assets/util-BcnQOj-A.js:451:42901)
    at async PK.collectSessionOutputNodes (https://app-companion-430619.appspot.com/assets/util-BcnQOj-A.js:451:63298)
    at async PK.layoutSession (https://app-companion-430619.appspot.com/assets/util-BcnQOj-A.js:451:64415)
    at async PK.layoutSessionsV2 (https://app-companion-430619.appspot.com/assets/util-BcnQOj-A.js:451:65372)
    at async Object.updateScreensWithSessionsInternal (https://app-companion-430619.appspot.com/assets/util-BcnQOj-A.js:451:94524)
    at async pendingLayoutCall (https://app-companion-430619.appspot.com/assets/util-BcnQOj-A.js:451:95822)
    at async https://app-companion-430619.appspot.com/assets/util-BcnQOj-A.js:451:96045 @ https://app-companion-430619.appspot.com/assets/util-BcnQOj-A.js:177
[ 1708441ms] [ERROR] Error in updateScreensWithSessions: Error: Failed to load image from data URI (…).
    at YG (https://app-companion-430619.appspot.com/assets/util-BcnQOj-A.js:451:38614)
    at async bK (https://app-companion-430619.appspot.com/assets/util-BcnQOj-A.js:451:42901)
    at async PK.collectSessionOutputNodes (https://app-companion-430619.appspot.com/assets/util-BcnQOj-A.js:451:63298)
    at async PK.layoutSession (https://app-companion-430619.appspot.com/assets/util-BcnQOj-A.js:451:64415)
    at async PK.layoutSessionsV2 (https://app-companion-430619.appspot.com/assets/util-BcnQOj-A.js:451:65372)
    at async Object.updateScreensWithSessionsInternal (https://app-companion-430619.appspot.com/assets/util-BcnQOj-A.js:451:94524)
    at async pendingLayoutCall (https://app-companion-430619.appspot.com/assets/util-BcnQOj-A.js:451:95822)
    at async https://app-companion-430619.appspot.com/assets/util-BcnQOj-A.js:451:96045 @ https://app-companion-430619.appspot.com/assets/util-BcnQOj-A.js:177
[ 1709754ms] [ERROR] Error in updateScreensWithSessions: Error: Failed to load image from data URI (…).
    at YG (https://app-companion-430619.appspot.com/assets/util-BcnQOj-A.js:451:38614)
    at async bK (https://app-companion-430619.appspot.com/assets/util-BcnQOj-A.js:451:42901)
    at async PK.collectSessionOutputNodes (https://app-companion-430619.appspot.com/assets/util-BcnQOj-A.js:451:63298)
    at async PK.layoutSession (https://app-companion-430619.appspot.com/assets/util-BcnQOj-A.js:451:64415)
    at async PK.layoutSessionsV2 (https://app-companion-430619.appspot.com/assets/util-BcnQOj-A.js:451:65372)
    at async Object.updateScreensWithSessionsInternal (https://app-companion-430619.appspot.com/assets/util-BcnQOj-A.js:451:94524)
    at async pendingLayoutCall (https://app-companion-430619.appspot.com/assets/util-BcnQOj-A.js:451:95822)
    at async https://app-companion-430619.appspot.com/assets/util-BcnQOj-A.js:451:96045 @ https://app-companion-430619.appspot.com/assets/util-BcnQOj-A.js:177
[ 1710935ms] [ERROR] Error in updateScreensWithSessions: Error: Failed to load image from data URI (…).
    at YG (https://app-companion-430619.appspot.com/assets/util-BcnQOj-A.js:451:38614)
    at async bK (https://app-companion-430619.appspot.com/assets/util-BcnQOj-A.js:451:42901)
    at async PK.collectSessionOutputNodes (https://app-companion-430619.appspot.com/assets/util-BcnQOj-A.js:451:63298)
    at async PK.layoutSession (https://app-companion-430619.appspot.com/assets/util-BcnQOj-A.js:451:64415)
    at async PK.layoutSessionsV2 (https://app-companion-430619.appspot.com/assets/util-BcnQOj-A.js:451:65372)
    at async Object.updateScreensWithSessionsInternal (https://app-companion-430619.appspot.com/assets/util-BcnQOj-A.js:451:94524)
    at async pendingLayoutCall (https://app-companion-430619.appspot.com/assets/util-BcnQOj-A.js:451:95822)
    at async https://app-companion-430619.appspot.com/assets/util-BcnQOj-A.js:451:96045 @ https://app-companion-430619.appspot.com/assets/util-BcnQOj-A.js:177
[ 1711947ms] [ERROR] Error in updateScreensWithSessions: Error: Failed to load image from data URI (…).
    at YG (https://app-companion-430619.appspot.com/assets/util-BcnQOj-A.js:451:38614)
    at async bK (https://app-companion-430619.appspot.com/assets/util-BcnQOj-A.js:451:42901)
    at async PK.collectSessionOutputNodes (https://app-companion-430619.appspot.com/assets/util-BcnQOj-A.js:451:63298)
    at async PK.layoutSession (https://app-companion-430619.appspot.com/assets/util-BcnQOj-A.js:451:64415)
    at async PK.layoutSessionsV2 (https://app-companion-430619.appspot.com/assets/util-BcnQOj-A.js:451:65372)
    at async Object.updateScreensWithSessionsInternal (https://app-companion-430619.appspot.com/assets/util-BcnQOj-A.js:451:94524)
    at async pendingLayoutCall (https://app-companion-430619.appspot.com/assets/util-BcnQOj-A.js:451:95822)
    at async https://app-companion-430619.appspot.com/assets/util-BcnQOj-A.js:451:96045 @ https://app-companion-430619.appspot.com/assets/util-BcnQOj-A.js:177
[ 1713147ms] [ERROR] Error in updateScreensWithSessions: Error: Failed to load image from data URI (…).
    at YG (https://app-companion-430619.appspot.com/assets/util-BcnQOj-A.js:451:38614)
    at async bK (https://app-companion-430619.appspot.com/assets/util-BcnQOj-A.js:451:42901)
    at async PK.collectSessionOutputNodes (https://app-companion-430619.appspot.com/assets/util-BcnQOj-A.js:451:63298)
    at async PK.layoutSession (https://app-companion-430619.appspot.com/assets/util-BcnQOj-A.js:451:64415)
    at async PK.layoutSessionsV2 (https://app-companion-430619.appspot.com/assets/util-BcnQOj-A.js:451:65372)
    at async Object.updateScreensWithSessionsInternal (https://app-companion-430619.appspot.com/assets/util-BcnQOj-A.js:451:94524)
    at async pendingLayoutCall (https://app-companion-430619.appspot.com/assets/util-BcnQOj-A.js:451:95822)
    at async https://app-companion-430619.appspot.com/assets/util-BcnQOj-A.js:451:96045 @ https://app-companion-430619.appspot.com/assets/util-BcnQOj-A.js:177
[ 1714301ms] [ERROR] Error in updateScreensWithSessions: Error: Failed to load image from data URI (…).
    at YG (https://app-companion-430619.appspot.com/assets/util-BcnQOj-A.js:451:38614)
    at async bK (https://app-companion-430619.appspot.com/assets/util-BcnQOj-A.js:451:42901)
    at async PK.collectSessionOutputNodes (https://app-companion-430619.appspot.com/assets/util-BcnQOj-A.js:451:63298)
    at async PK.layoutSession (https://app-companion-430619.appspot.com/assets/util-BcnQOj-A.js:451:64415)
    at async PK.layoutSessionsV2 (https://app-companion-430619.appspot.com/assets/util-BcnQOj-A.js:451:65372)
    at async Object.updateScreensWithSessionsInternal (https://app-companion-430619.appspot.com/assets/util-BcnQOj-A.js:451:94524)
    at async pendingLayoutCall (https://app-companion-430619.appspot.com/assets/util-BcnQOj-A.js:451:95822)
    at async https://app-companion-430619.appspot.com/assets/util-BcnQOj-A.js:451:96045 @ https://app-companion-430619.appspot.com/assets/util-BcnQOj-A.js:177
[ 1715416ms] [ERROR] Error in updateScreensWithSessions: Error: Failed to load image from data URI (…).
    at YG (https://app-companion-430619.appspot.com/assets/util-BcnQOj-A.js:451:38614)
    at async bK (https://app-companion-430619.appspot.com/assets/util-BcnQOj-A.js:451:42901)
    at async PK.collectSessionOutputNodes (https://app-companion-430619.appspot.com/assets/util-BcnQOj-A.js:451:63298)
    at async PK.layoutSession (https://app-companion-430619.appspot.com/assets/util-BcnQOj-A.js:451:64415)
    at async PK.layoutSessionsV2 (https://app-companion-430619.appspot.com/assets/util-BcnQOj-A.js:451:65372)
    at async Object.updateScreensWithSessionsInternal (https://app-companion-430619.appspot.com/assets/util-BcnQOj-A.js:451:94524)
    at async pendingLayoutCall (https://app-companion-430619.appspot.com/assets/util-BcnQOj-A.js:451:95822)
    at async https://app-companion-430619.appspot.com/assets/util-BcnQOj-A.js:451:96045 @ https://app-companion-430619.appspot.com/assets/util-BcnQOj-A.js:177
[ 1716297ms] [ERROR] Error in updateScreensWithSessions: Error: Failed to load image from data URI (…).
    at YG (https://app-companion-430619.appspot.com/assets/util-BcnQOj-A.js:451:38614)
    at async bK (https://app-companion-430619.appspot.com/assets/util-BcnQOj-A.js:451:42901)
    at async PK.collectSessionOutputNodes (https://app-companion-430619.appspot.com/assets/util-BcnQOj-A.js:451:63298)
    at async PK.layoutSession (https://app-companion-430619.appspot.com/assets/util-BcnQOj-A.js:451:64415)
    at async PK.layoutSessionsV2 (https://app-companion-430619.appspot.com/assets/util-BcnQOj-A.js:451:65372)
    at async Object.updateScreensWithSessionsInternal (https://app-companion-430619.appspot.com/assets/util-BcnQOj-A.js:451:94524)
    at async pendingLayoutCall (https://app-companion-430619.appspot.com/assets/util-BcnQOj-A.js:451:95822)
    at async https://app-companion-430619.appspot.com/assets/util-BcnQOj-A.js:451:96045 @ https://app-companion-430619.appspot.com/assets/util-BcnQOj-A.js:177
[ 1717346ms] [ERROR] Error in updateScreensWithSessions: Error: Failed to load image from data URI (…).
    at YG (https://app-companion-430619.appspot.com/assets/util-BcnQOj-A.js:451:38614)
    at async bK (https://app-companion-430619.appspot.com/assets/util-BcnQOj-A.js:451:42901)
    at async PK.collectSessionOutputNodes (https://app-companion-430619.appspot.com/assets/util-BcnQOj-A.js:451:63298)
    at async PK.layoutSession (https://app-companion-430619.appspot.com/assets/util-BcnQOj-A.js:451:64415)
    at async PK.layoutSessionsV2 (https://app-companion-430619.appspot.com/assets/util-BcnQOj-A.js:451:65372)
    at async Object.updateScreensWithSessionsInternal (https://app-companion-430619.appspot.com/assets/util-BcnQOj-A.js:451:94524)
    at async pendingLayoutCall (https://app-companion-430619.appspot.com/assets/util-BcnQOj-A.js:451:95822)
    at async https://app-companion-430619.appspot.com/assets/util-BcnQOj-A.js:451:96045 @ https://app-companion-430619.appspot.com/assets/util-BcnQOj-A.js:177
[ 1718584ms] [ERROR] Error in updateScreensWithSessions: Error: Failed to load image from data URI (…).
    at YG (https://app-companion-430619.appspot.com/assets/util-BcnQOj-A.js:451:38614)
    at async bK (https://app-companion-430619.appspot.com/assets/util-BcnQOj-A.js:451:42901)
    at async PK.collectSessionOutputNodes (https://app-companion-430619.appspot.com/assets/util-BcnQOj-A.js:451:63298)
    at async PK.layoutSession (https://app-companion-430619.appspot.com/assets/util-BcnQOj-A.js:451:64415)
    at async PK.layoutSessionsV2 (https://app-companion-430619.appspot.com/assets/util-BcnQOj-A.js:451:65372)
    at async Object.updateScreensWithSessionsInternal (https://app-companion-430619.appspot.com/assets/util-BcnQOj-A.js:451:94524)
    at async pendingLayoutCall (https://app-companion-430619.appspot.com/assets/util-BcnQOj-A.js:451:95822)
    at async https://app-companion-430619.appspot.com/assets/util-BcnQOj-A.js:451:96045 @ https://app-companion-430619.appspot.com/assets/util-BcnQOj-A.js:177
[ 1719485ms] [ERROR] Error in updateScreensWithSessions: Error: Failed to load image from data URI (…).
    at YG (https://app-companion-430619.appspot.com/assets/util-BcnQOj-A.js:451:38614)
    at async bK (https://app-companion-430619.appspot.com/assets/util-BcnQOj-A.js:451:42901)
    at async PK.collectSessionOutputNodes (https://app-companion-430619.appspot.com/assets/util-BcnQOj-A.js:451:63298)
    at async PK.layoutSession (https://app-companion-430619.appspot.com/assets/util-BcnQOj-A.js:451:64415)
    at async PK.layoutSessionsV2 (https://app-companion-430619.appspot.com/assets/util-BcnQOj-A.js:451:65372)
    at async Object.updateScreensWithSessionsInternal (https://app-companion-430619.appspot.com/assets/util-BcnQOj-A.js:451:94524)
    at async pendingLayoutCall (https://app-companion-430619.appspot.com/assets/util-BcnQOj-A.js:451:95822)
    at async https://app-companion-430619.appspot.com/assets/util-BcnQOj-A.js:451:96045 @ https://app-companion-430619.appspot.com/assets/util-BcnQOj-A.js:177
[ 1720430ms] [ERROR] Error in updateScreensWithSessions: Error: Failed to load image from data URI (…).
    at YG (https://app-companion-430619.appspot.com/assets/util-BcnQOj-A.js:451:38614)
    at async bK (https://app-companion-430619.appspot.com/assets/util-BcnQOj-A.js:451:42901)
    at async PK.collectSessionOutputNodes (https://app-companion-430619.appspot.com/assets/util-BcnQOj-A.js:451:63298)
    at async PK.layoutSession (https://app-companion-430619.appspot.com/assets/util-BcnQOj-A.js:451:64415)
    at async PK.layoutSessionsV2 (https://app-companion-430619.appspot.com/assets/util-BcnQOj-A.js:451:65372)
    at async Object.updateScreensWithSessionsInternal (https://app-companion-430619.appspot.com/assets/util-BcnQOj-A.js:451:94524)
    at async pendingLayoutCall (https://app-companion-430619.appspot.com/assets/util-BcnQOj-A.js:451:95822)
    at async https://app-companion-430619.appspot.com/assets/util-BcnQOj-A.js:451:96045 @ https://app-companion-430619.appspot.com/assets/util-BcnQOj-A.js:177
[ 1721200ms] [ERROR] Error in updateScreensWithSessions: Error: Failed to load image from data URI (…).
    at YG (https://app-companion-430619.appspot.com/assets/util-BcnQOj-A.js:451:38614)
    at async bK (https://app-companion-430619.appspot.com/assets/util-BcnQOj-A.js:451:42901)
    at async PK.collectSessionOutputNodes (https://app-companion-430619.appspot.com/assets/util-BcnQOj-A.js:451:63298)
    at async PK.layoutSession (https://app-companion-430619.appspot.com/assets/util-BcnQOj-A.js:451:64415)
    at async PK.layoutSessionsV2 (https://app-companion-430619.appspot.com/assets/util-BcnQOj-A.js:451:65372)
    at async Object.updateScreensWithSessionsInternal (https://app-companion-430619.appspot.com/assets/util-BcnQOj-A.js:451:94524)
    at async pendingLayoutCall (https://app-companion-430619.appspot.com/assets/util-BcnQOj-A.js:451:95822)
    at async https://app-companion-430619.appspot.com/assets/util-BcnQOj-A.js:451:96045 @ https://app-companion-430619.appspot.com/assets/util-BcnQOj-A.js:177
[ 1721927ms] [ERROR] Error in updateScreensWithSessions: Error: Failed to load image from data URI (…).
    at YG (https://app-companion-430619.appspot.com/assets/util-BcnQOj-A.js:451:38614)
    at async bK (https://app-companion-430619.appspot.com/assets/util-BcnQOj-A.js:451:42901)
    at async PK.collectSessionOutputNodes (https://app-companion-430619.appspot.com/assets/util-BcnQOj-A.js:451:63298)
    at async PK.layoutSession (https://app-companion-430619.appspot.com/assets/util-BcnQOj-A.js:451:64415)
    at async PK.layoutSessionsV2 (https://app-companion-430619.appspot.com/assets/util-BcnQOj-A.js:451:65372)
    at async Object.updateScreensWithSessionsInternal (https://app-companion-430619.appspot.com/assets/util-BcnQOj-A.js:451:94524)
    at async pendingLayoutCall (https://app-companion-430619.appspot.com/assets/util-BcnQOj-A.js:451:95822)
    at async https://app-companion-430619.appspot.com/assets/util-BcnQOj-A.js:451:96045 @ https://app-companion-430619.appspot.com/assets/util-BcnQOj-A.js:177
[ 1722695ms] [ERROR] Error in updateScreensWithSessions: Error: Failed to load image from data URI (…).
    at YG (https://app-companion-430619.appspot.com/assets/util-BcnQOj-A.js:451:38614)
    at async bK (https://app-companion-430619.appspot.com/assets/util-BcnQOj-A.js:451:42901)
    at async PK.collectSessionOutputNodes (https://app-companion-430619.appspot.com/assets/util-BcnQOj-A.js:451:63298)
    at async PK.layoutSession (https://app-companion-430619.appspot.com/assets/util-BcnQOj-A.js:451:64415)
    at async PK.layoutSessionsV2 (https://app-companion-430619.appspot.com/assets/util-BcnQOj-A.js:451:65372)
    at async Object.updateScreensWithSessionsInternal (https://app-companion-430619.appspot.com/assets/util-BcnQOj-A.js:451:94524)
    at async pendingLayoutCall (https://app-companion-430619.appspot.com/assets/util-BcnQOj-A.js:451:95822)
    at async https://app-companion-430619.appspot.com/assets/util-BcnQOj-A.js:451:96045 @ https://app-companion-430619.appspot.com/assets/util-BcnQOj-A.js:177
[ 1723625ms] [ERROR] Error in updateScreensWithSessions: Error: Failed to load image from data URI (…).
    at YG (https://app-companion-430619.appspot.com/assets/util-BcnQOj-A.js:451:38614)
    at async bK (https://app-companion-430619.appspot.com/assets/util-BcnQOj-A.js:451:42901)
    at async PK.collectSessionOutputNodes (https://app-companion-430619.appspot.com/assets/util-BcnQOj-A.js:451:63298)
    at async PK.layoutSession (https://app-companion-430619.appspot.com/assets/util-BcnQOj-A.js:451:64415)
    at async PK.layoutSessionsV2 (https://app-companion-430619.appspot.com/assets/util-BcnQOj-A.js:451:65372)
    at async Object.updateScreensWithSessionsInternal (https://app-companion-430619.appspot.com/assets/util-BcnQOj-A.js:451:94524)
    at async pendingLayoutCall (https://app-companion-430619.appspot.com/assets/util-BcnQOj-A.js:451:95822)
    at async https://app-companion-430619.appspot.com/assets/util-BcnQOj-A.js:451:96045 @ https://app-companion-430619.appspot.com/assets/util-BcnQOj-A.js:177
[ 1724616ms] [ERROR] Error in updateScreensWithSessions: Error: Failed to load image from data URI (…).
    at YG (https://app-companion-430619.appspot.com/assets/util-BcnQOj-A.js:451:38614)
    at async bK (https://app-companion-430619.appspot.com/assets/util-BcnQOj-A.js:451:42901)
    at async PK.collectSessionOutputNodes (https://app-companion-430619.appspot.com/assets/util-BcnQOj-A.js:451:63298)
    at async PK.layoutSession (https://app-companion-430619.appspot.com/assets/util-BcnQOj-A.js:451:64415)
    at async PK.layoutSessionsV2 (https://app-companion-430619.appspot.com/assets/util-BcnQOj-A.js:451:65372)
    at async Object.updateScreensWithSessionsInternal (https://app-companion-430619.appspot.com/assets/util-BcnQOj-A.js:451:94524)
    at async pendingLayoutCall (https://app-companion-430619.appspot.com/assets/util-BcnQOj-A.js:451:95822)
    at async https://app-companion-430619.appspot.com/assets/util-BcnQOj-A.js:451:96045 @ https://app-companion-430619.appspot.com/assets/util-BcnQOj-A.js:177
[ 1725553ms] [ERROR] Error in updateScreensWithSessions: Error: Failed to load image from data URI (…).
    at YG (https://app-companion-430619.appspot.com/assets/util-BcnQOj-A.js:451:38614)
    at async bK (https://app-companion-430619.appspot.com/assets/util-BcnQOj-A.js:451:42901)
    at async PK.collectSessionOutputNodes (https://app-companion-430619.appspot.com/assets/util-BcnQOj-A.js:451:63298)
    at async PK.layoutSession (https://app-companion-430619.appspot.com/assets/util-BcnQOj-A.js:451:64415)
    at async PK.layoutSessionsV2 (https://app-companion-430619.appspot.com/assets/util-BcnQOj-A.js:451:65372)
    at async Object.updateScreensWithSessionsInternal (https://app-companion-430619.appspot.com/assets/util-BcnQOj-A.js:451:94524)
    at async pendingLayoutCall (https://app-companion-430619.appspot.com/assets/util-BcnQOj-A.js:451:95822)
    at async https://app-companion-430619.appspot.com/assets/util-BcnQOj-A.js:451:96045 @ https://app-companion-430619.appspot.com/assets/util-BcnQOj-A.js:177
[ 1726788ms] [ERROR] Error in updateScreensWithSessions: Error: Failed to load image from data URI (…).
    at YG (https://app-companion-430619.appspot.com/assets/util-BcnQOj-A.js:451:38614)
    at async bK (https://app-companion-430619.appspot.com/assets/util-BcnQOj-A.js:451:42901)
    at async PK.collectSessionOutputNodes (https://app-companion-430619.appspot.com/assets/util-BcnQOj-A.js:451:63298)
    at async PK.layoutSession (https://app-companion-430619.appspot.com/assets/util-BcnQOj-A.js:451:64415)
    at async PK.layoutSessionsV2 (https://app-companion-430619.appspot.com/assets/util-BcnQOj-A.js:451:65372)
    at async Object.updateScreensWithSessionsInternal (https://app-companion-430619.appspot.com/assets/util-BcnQOj-A.js:451:94524)
    at async pendingLayoutCall (https://app-companion-430619.appspot.com/assets/util-BcnQOj-A.js:451:95822)
    at async https://app-companion-430619.appspot.com/assets/util-BcnQOj-A.js:451:96045 @ https://app-companion-430619.appspot.com/assets/util-BcnQOj-A.js:177
[ 1727952ms] [ERROR] Error in updateScreensWithSessions: Error: Failed to load image from data URI (…).
    at YG (https://app-companion-430619.appspot.com/assets/util-BcnQOj-A.js:451:38614)
    at async bK (https://app-companion-430619.appspot.com/assets/util-BcnQOj-A.js:451:42901)
    at async PK.collectSessionOutputNodes (https://app-companion-430619.appspot.com/assets/util-BcnQOj-A.js:451:63298)
    at async PK.layoutSession (https://app-companion-430619.appspot.com/assets/util-BcnQOj-A.js:451:64415)
    at async PK.layoutSessionsV2 (https://app-companion-430619.appspot.com/assets/util-BcnQOj-A.js:451:65372)
    at async Object.updateScreensWithSessionsInternal (https://app-companion-430619.appspot.com/assets/util-BcnQOj-A.js:451:94524)
    at async pendingLayoutCall (https://app-companion-430619.appspot.com/assets/util-BcnQOj-A.js:451:95822)
    at async https://app-companion-430619.appspot.com/assets/util-BcnQOj-A.js:451:96045 @ https://app-companion-430619.appspot.com/assets/util-BcnQOj-A.js:177
[ 1728886ms] [ERROR] Error in updateScreensWithSessions: Error: Failed to load image from data URI (…).
    at YG (https://app-companion-430619.appspot.com/assets/util-BcnQOj-A.js:451:38614)
    at async bK (https://app-companion-430619.appspot.com/assets/util-BcnQOj-A.js:451:42901)
    at async PK.collectSessionOutputNodes (https://app-companion-430619.appspot.com/assets/util-BcnQOj-A.js:451:63298)
    at async PK.layoutSession (https://app-companion-430619.appspot.com/assets/util-BcnQOj-A.js:451:64415)
    at async PK.layoutSessionsV2 (https://app-companion-430619.appspot.com/assets/util-BcnQOj-A.js:451:65372)
    at async Object.updateScreensWithSessionsInternal (https://app-companion-430619.appspot.com/assets/util-BcnQOj-A.js:451:94524)
    at async pendingLayoutCall (https://app-companion-430619.appspot.com/assets/util-BcnQOj-A.js:451:95822)
    at async https://app-companion-430619.appspot.com/assets/util-BcnQOj-A.js:451:96045 @ https://app-companion-430619.appspot.com/assets/util-BcnQOj-A.js:177
[ 1729826ms] [ERROR] Error in updateScreensWithSessions: Error: Failed to load image from data URI (…).
    at YG (https://app-companion-430619.appspot.com/assets/util-BcnQOj-A.js:451:38614)
    at async bK (https://app-companion-430619.appspot.com/assets/util-BcnQOj-A.js:451:42901)
    at async PK.collectSessionOutputNodes (https://app-companion-430619.appspot.com/assets/util-BcnQOj-A.js:451:63298)
    at async PK.layoutSession (https://app-companion-430619.appspot.com/assets/util-BcnQOj-A.js:451:64415)
    at async PK.layoutSessionsV2 (https://app-companion-430619.appspot.com/assets/util-BcnQOj-A.js:451:65372)
    at async Object.updateScreensWithSessionsInternal (https://app-companion-430619.appspot.com/assets/util-BcnQOj-A.js:451:94524)
    at async pendingLayoutCall (https://app-companion-430619.appspot.com/assets/util-BcnQOj-A.js:451:95822)
    at async https://app-companion-430619.appspot.com/assets/util-BcnQOj-A.js:451:96045 @ https://app-companion-430619.appspot.com/assets/util-BcnQOj-A.js:177
[ 1730694ms] [ERROR] Error in updateScreensWithSessions: Error: Failed to load image from data URI (…).
    at YG (https://app-companion-430619.appspot.com/assets/util-BcnQOj-A.js:451:38614)
    at async bK (https://app-companion-430619.appspot.com/assets/util-BcnQOj-A.js:451:42901)
    at async PK.collectSessionOutputNodes (https://app-companion-430619.appspot.com/assets/util-BcnQOj-A.js:451:63298)
    at async PK.layoutSession (https://app-companion-430619.appspot.com/assets/util-BcnQOj-A.js:451:64415)
    at async PK.layoutSessionsV2 (https://app-companion-430619.appspot.com/assets/util-BcnQOj-A.js:451:65372)
    at async Object.updateScreensWithSessionsInternal (https://app-companion-430619.appspot.com/assets/util-BcnQOj-A.js:451:94524)
    at async pendingLayoutCall (https://app-companion-430619.appspot.com/assets/util-BcnQOj-A.js:451:95822)
    at async https://app-companion-430619.appspot.com/assets/util-BcnQOj-A.js:451:96045 @ https://app-companion-430619.appspot.com/assets/util-BcnQOj-A.js:177
[ 1731537ms] [ERROR] Error in updateScreensWithSessions: Error: Failed to load image from data URI (…).
    at YG (https://app-companion-430619.appspot.com/assets/util-BcnQOj-A.js:451:38614)
    at async bK (https://app-companion-430619.appspot.com/assets/util-BcnQOj-A.js:451:42901)
    at async PK.collectSessionOutputNodes (https://app-companion-430619.appspot.com/assets/util-BcnQOj-A.js:451:63298)
    at async PK.layoutSession (https://app-companion-430619.appspot.com/assets/util-BcnQOj-A.js:451:64415)
    at async PK.layoutSessionsV2 (https://app-companion-430619.appspot.com/assets/util-BcnQOj-A.js:451:65372)
    at async Object.updateScreensWithSessionsInternal (https://app-companion-430619.appspot.com/assets/util-BcnQOj-A.js:451:94524)
    at async pendingLayoutCall (https://app-companion-430619.appspot.com/assets/util-BcnQOj-A.js:451:95822)
    at async https://app-companion-430619.appspot.com/assets/util-BcnQOj-A.js:451:96045 @ https://app-companion-430619.appspot.com/assets/util-BcnQOj-A.js:177
[ 1733302ms] [ERROR] Error in updateScreensWithSessions: Error: Failed to load image from data URI (…).
    at YG (https://app-companion-430619.appspot.com/assets/util-BcnQOj-A.js:451:38614)
    at async bK (https://app-companion-430619.appspot.com/assets/util-BcnQOj-A.js:451:42901)
    at async PK.collectSessionOutputNodes (https://app-companion-430619.appspot.com/assets/util-BcnQOj-A.js:451:63298)
    at async PK.layoutSession (https://app-companion-430619.appspot.com/assets/util-BcnQOj-A.js:451:64415)
    at async PK.layoutSessionsV2 (https://app-companion-430619.appspot.com/assets/util-BcnQOj-A.js:451:65372)
    at async Object.updateScreensWithSessionsInternal (https://app-companion-430619.appspot.com/assets/util-BcnQOj-A.js:451:94524)
    at async pendingLayoutCall (https://app-companion-430619.appspot.com/assets/util-BcnQOj-A.js:451:95822)
    at async https://app-companion-430619.appspot.com/assets/util-BcnQOj-A.js:451:96045 @ https://app-companion-430619.appspot.com/assets/util-BcnQOj-A.js:177
[ 1746075ms] [ERROR] Error in updateScreensWithSessions: Error: Failed to load image from data URI (…).
    at YG (https://app-companion-430619.appspot.com/assets/util-BcnQOj-A.js:451:38614)
    at async bK (https://app-companion-430619.appspot.com/assets/util-BcnQOj-A.js:451:42901)
    at async PK.collectSessionOutputNodes (https://app-companion-430619.appspot.com/assets/util-BcnQOj-A.js:451:63298)
    at async PK.layoutSession (https://app-companion-430619.appspot.com/assets/util-BcnQOj-A.js:451:64415)
    at async PK.layoutSessionsV2 (https://app-companion-430619.appspot.com/assets/util-BcnQOj-A.js:451:65372)
    at async Object.updateScreensWithSessionsInternal (https://app-companion-430619.appspot.com/assets/util-BcnQOj-A.js:451:94524)
    at async pendingLayoutCall (https://app-companion-430619.appspot.com/assets/util-BcnQOj-A.js:451:95822)
    at async https://app-companion-430619.appspot.com/assets/util-BcnQOj-A.js:451:96045 @ https://app-companion-430619.appspot.com/assets/util-BcnQOj-A.js:177
[ 1746587ms] [ERROR] Error in updateScreensWithSessions: Error: Failed to load image from data URI (…).
    at YG (https://app-companion-430619.appspot.com/assets/util-BcnQOj-A.js:451:38614)
    at async bK (https://app-companion-430619.appspot.com/assets/util-BcnQOj-A.js:451:42901)
    at async PK.collectSessionOutputNodes (https://app-companion-430619.appspot.com/assets/util-BcnQOj-A.js:451:63298)
    at async PK.layoutSession (https://app-companion-430619.appspot.com/assets/util-BcnQOj-A.js:451:64415)
    at async PK.layoutSessionsV2 (https://app-companion-430619.appspot.com/assets/util-BcnQOj-A.js:451:65372)
    at async Object.updateScreensWithSessionsInternal (https://app-companion-430619.appspot.com/assets/util-BcnQOj-A.js:451:94524)
    at async pendingLayoutCall (https://app-companion-430619.appspot.com/assets/util-BcnQOj-A.js:451:95822)
    at async https://app-companion-430619.appspot.com/assets/util-BcnQOj-A.js:451:96045 @ https://app-companion-430619.appspot.com/assets/util-BcnQOj-A.js:177
[ 1751700ms] [ERROR] Error in updateScreensWithSessions: Error: Failed to load image from data URI (…).
    at YG (https://app-companion-430619.appspot.com/assets/util-BcnQOj-A.js:451:38614)
    at async bK (https://app-companion-430619.appspot.com/assets/util-BcnQOj-A.js:451:42901)
    at async PK.collectSessionOutputNodes (https://app-companion-430619.appspot.com/assets/util-BcnQOj-A.js:451:63298)
    at async PK.layoutSession (https://app-companion-430619.appspot.com/assets/util-BcnQOj-A.js:451:64415)
    at async PK.layoutSessionsV2 (https://app-companion-430619.appspot.com/assets/util-BcnQOj-A.js:451:65372)
    at async Object.updateScreensWithSessionsInternal (https://app-companion-430619.appspot.com/assets/util-BcnQOj-A.js:451:94524)
    at async pendingLayoutCall (https://app-companion-430619.appspot.com/assets/util-BcnQOj-A.js:451:95822)
    at async https://app-companion-430619.appspot.com/assets/util-BcnQOj-A.js:451:96045 @ https://app-companion-430619.appspot.com/assets/util-BcnQOj-A.js:177
[ 1752086ms] [ERROR] Error in updateScreensWithSessions: Error: Failed to load image from data URI (…).
    at YG (https://app-companion-430619.appspot.com/assets/util-BcnQOj-A.js:451:38614)
    at async bK (https://app-companion-430619.appspot.com/assets/util-BcnQOj-A.js:451:42901)
    at async PK.collectSessionOutputNodes (https://app-companion-430619.appspot.com/assets/util-BcnQOj-A.js:451:63298)
    at async PK.layoutSession (https://app-companion-430619.appspot.com/assets/util-BcnQOj-A.js:451:64415)
    at async PK.layoutSessionsV2 (https://app-companion-430619.appspot.com/assets/util-BcnQOj-A.js:451:65372)
    at async Object.updateScreensWithSessionsInternal (https://app-companion-430619.appspot.com/assets/util-BcnQOj-A.js:451:94524)
    at async pendingLayoutCall (https://app-companion-430619.appspot.com/assets/util-BcnQOj-A.js:451:95822)
    at async https://app-companion-430619.appspot.com/assets/util-BcnQOj-A.js:451:96045 @ https://app-companion-430619.appspot.com/assets/util-BcnQOj-A.js:177
[ 1753831ms] [ERROR] Error in updateScreensWithSessions: Error: Failed to load image from data URI (…).
    at YG (https://app-companion-430619.appspot.com/assets/util-BcnQOj-A.js:451:38614)
    at async bK (https://app-companion-430619.appspot.com/assets/util-BcnQOj-A.js:451:42901)
    at async PK.collectSessionOutputNodes (https://app-companion-430619.appspot.com/assets/util-BcnQOj-A.js:451:63298)
    at async PK.layoutSession (https://app-companion-430619.appspot.com/assets/util-BcnQOj-A.js:451:64415)
    at async PK.layoutSessionsV2 (https://app-companion-430619.appspot.com/assets/util-BcnQOj-A.js:451:65372)
    at async Object.updateScreensWithSessionsInternal (https://app-companion-430619.appspot.com/assets/util-BcnQOj-A.js:451:94524)
    at async pendingLayoutCall (https://app-companion-430619.appspot.com/assets/util-BcnQOj-A.js:451:95822)
    at async https://app-companion-430619.appspot.com/assets/util-BcnQOj-A.js:451:96045 @ https://app-companion-430619.appspot.com/assets/util-BcnQOj-A.js:177
[ 1801834ms] [ERROR] Error in updateScreensWithSessions: Error: Failed to load image from data URI (…).
    at YG (https://app-companion-430619.appspot.com/assets/util-BcnQOj-A.js:451:38614)
    at async bK (https://app-companion-430619.appspot.com/assets/util-BcnQOj-A.js:451:42901)
    at async PK.collectSessionOutputNodes (https://app-companion-430619.appspot.com/assets/util-BcnQOj-A.js:451:63298)
    at async PK.layoutSession (https://app-companion-430619.appspot.com/assets/util-BcnQOj-A.js:451:64415)
    at async PK.layoutSessionsV2 (https://app-companion-430619.appspot.com/assets/util-BcnQOj-A.js:451:65372)
    at async Object.updateScreensWithSessionsInternal (https://app-companion-430619.appspot.com/assets/util-BcnQOj-A.js:451:94524)
    at async pendingLayoutCall (https://app-companion-430619.appspot.com/assets/util-BcnQOj-A.js:451:95822)
    at async https://app-companion-430619.appspot.com/assets/util-BcnQOj-A.js:451:96045 @ https://app-companion-430619.appspot.com/assets/util-BcnQOj-A.js:177
[ 1805781ms] [ERROR] Error in updateScreensWithSessions: Error: Failed to load image from data URI (…).
    at YG (https://app-companion-430619.appspot.com/assets/util-BcnQOj-A.js:451:38614)
    at async bK (https://app-companion-430619.appspot.com/assets/util-BcnQOj-A.js:451:42901)
    at async PK.collectSessionOutputNodes (https://app-companion-430619.appspot.com/assets/util-BcnQOj-A.js:451:63298)
    at async PK.layoutSession (https://app-companion-430619.appspot.com/assets/util-BcnQOj-A.js:451:64415)
    at async PK.layoutSessionsV2 (https://app-companion-430619.appspot.com/assets/util-BcnQOj-A.js:451:65372)
    at async Object.updateScreensWithSessionsInternal (https://app-companion-430619.appspot.com/assets/util-BcnQOj-A.js:451:94524)
    at async pendingLayoutCall (https://app-companion-430619.appspot.com/assets/util-BcnQOj-A.js:451:95822)
    at async https://app-companion-430619.appspot.com/assets/util-BcnQOj-A.js:451:96045 @ https://app-companion-430619.appspot.com/assets/util-BcnQOj-A.js:177
[ 1813790ms] [ERROR] Error in updateScreensWithSessions: Error: Failed to load image from data URI (…).
    at YG (https://app-companion-430619.appspot.com/assets/util-BcnQOj-A.js:451:38614)
    at async bK (https://app-companion-430619.appspot.com/assets/util-BcnQOj-A.js:451:42901)
    at async PK.collectSessionOutputNodes (https://app-companion-430619.appspot.com/assets/util-BcnQOj-A.js:451:63298)
    at async PK.layoutSession (https://app-companion-430619.appspot.com/assets/util-BcnQOj-A.js:451:64415)
    at async PK.layoutSessionsV2 (https://app-companion-430619.appspot.com/assets/util-BcnQOj-A.js:451:65372)
    at async Object.updateScreensWithSessionsInternal (https://app-companion-430619.appspot.com/assets/util-BcnQOj-A.js:451:94524)
    at async pendingLayoutCall (https://app-companion-430619.appspot.com/assets/util-BcnQOj-A.js:451:95822)
    at async https://app-companion-430619.appspot.com/assets/util-BcnQOj-A.js:451:96045 @ https://app-companion-430619.appspot.com/assets/util-BcnQOj-A.js:177
[ 1814136ms] [ERROR] Error in updateScreensWithSessions: Error: Failed to load image from data URI (…).
    at YG (https://app-companion-430619.appspot.com/assets/util-BcnQOj-A.js:451:38614)
    at async bK (https://app-companion-430619.appspot.com/assets/util-BcnQOj-A.js:451:42901)
    at async PK.collectSessionOutputNodes (https://app-companion-430619.appspot.com/assets/util-BcnQOj-A.js:451:63298)
    at async PK.layoutSession (https://app-companion-430619.appspot.com/assets/util-BcnQOj-A.js:451:64415)
    at async PK.layoutSessionsV2 (https://app-companion-430619.appspot.com/assets/util-BcnQOj-A.js:451:65372)
    at async Object.updateScreensWithSessionsInternal (https://app-companion-430619.appspot.com/assets/util-BcnQOj-A.js:451:94524)
    at async pendingLayoutCall (https://app-companion-430619.appspot.com/assets/util-BcnQOj-A.js:451:95822)
    at async https://app-companion-430619.appspot.com/assets/util-BcnQOj-A.js:451:96045 @ https://app-companion-430619.appspot.com/assets/util-BcnQOj-A.js:177
[ 1814400ms] [ERROR] Error in updateScreensWithSessions: Error: Failed to load image from data URI (…).
    at YG (https://app-companion-430619.appspot.com/assets/util-BcnQOj-A.js:451:38614)
    at async bK (https://app-companion-430619.appspot.com/assets/util-BcnQOj-A.js:451:42901)
    at async PK.collectSessionOutputNodes (https://app-companion-430619.appspot.com/assets/util-BcnQOj-A.js:451:63298)
    at async PK.layoutSession (https://app-companion-430619.appspot.com/assets/util-BcnQOj-A.js:451:64415)
    at async PK.layoutSessionsV2 (https://app-companion-430619.appspot.com/assets/util-BcnQOj-A.js:451:65372)
    at async Object.updateScreensWithSessionsInternal (https://app-companion-430619.appspot.com/assets/util-BcnQOj-A.js:451:94524)
    at async pendingLayoutCall (https://app-companion-430619.appspot.com/assets/util-BcnQOj-A.js:451:95822)
    at async https://app-companion-430619.appspot.com/assets/util-BcnQOj-A.js:451:96045 @ https://app-companion-430619.appspot.com/assets/util-BcnQOj-A.js:177
[ 1825838ms] [ERROR] Error in updateScreensWithSessions: Error: Failed to load image from data URI (…).
    at YG (https://app-companion-430619.appspot.com/assets/util-BcnQOj-A.js:451:38614)
    at async bK (https://app-companion-430619.appspot.com/assets/util-BcnQOj-A.js:451:42901)
    at async PK.collectSessionOutputNodes (https://app-companion-430619.appspot.com/assets/util-BcnQOj-A.js:451:63298)
    at async PK.layoutSession (https://app-companion-430619.appspot.com/assets/util-BcnQOj-A.js:451:64415)
    at async PK.layoutSessionsV2 (https://app-companion-430619.appspot.com/assets/util-BcnQOj-A.js:451:65372)
    at async Object.updateScreensWithSessionsInternal (https://app-companion-430619.appspot.com/assets/util-BcnQOj-A.js:451:94524)
    at async pendingLayoutCall (https://app-companion-430619.appspot.com/assets/util-BcnQOj-A.js:451:95822)
    at async https://app-companion-430619.appspot.com/assets/util-BcnQOj-A.js:451:96045 @ https://app-companion-430619.appspot.com/assets/util-BcnQOj-A.js:177
[ 1826241ms] [ERROR] Error in updateScreensWithSessions: Error: Failed to load image from data URI (…).
    at YG (https://app-companion-430619.appspot.com/assets/util-BcnQOj-A.js:451:38614)
    at async bK (https://app-companion-430619.appspot.com/assets/util-BcnQOj-A.js:451:42901)
    at async PK.collectSessionOutputNodes (https://app-companion-430619.appspot.com/assets/util-BcnQOj-A.js:451:63298)
    at async PK.layoutSession (https://app-companion-430619.appspot.com/assets/util-BcnQOj-A.js:451:64415)
    at async PK.layoutSessionsV2 (https://app-companion-430619.appspot.com/assets/util-BcnQOj-A.js:451:65372)
    at async Object.updateScreensWithSessionsInternal (https://app-companion-430619.appspot.com/assets/util-BcnQOj-A.js:451:94524)
    at async pendingLayoutCall (https://app-companion-430619.appspot.com/assets/util-BcnQOj-A.js:451:95822)
    at async https://app-companion-430619.appspot.com/assets/util-BcnQOj-A.js:451:96045 @ https://app-companion-430619.appspot.com/assets/util-BcnQOj-A.js:177
[ 1830305ms] [ERROR] Error in updateScreensWithSessions: Error: Failed to load image from data URI (…).
    at YG (https://app-companion-430619.appspot.com/assets/util-BcnQOj-A.js:451:38614)
    at async bK (https://app-companion-430619.appspot.com/assets/util-BcnQOj-A.js:451:42901)
    at async PK.collectSessionOutputNodes (https://app-companion-430619.appspot.com/assets/util-BcnQOj-A.js:451:63298)
    at async PK.layoutSession (https://app-companion-430619.appspot.com/assets/util-BcnQOj-A.js:451:64415)
    at async PK.layoutSessionsV2 (https://app-companion-430619.appspot.com/assets/util-BcnQOj-A.js:451:65372)
    at async Object.updateScreensWithSessionsInternal (https://app-companion-430619.appspot.com/assets/util-BcnQOj-A.js:451:94524)
    at async pendingLayoutCall (https://app-companion-430619.appspot.com/assets/util-BcnQOj-A.js:451:95822)
    at async https://app-companion-430619.appspot.com/assets/util-BcnQOj-A.js:451:96045 @ https://app-companion-430619.appspot.com/assets/util-BcnQOj-A.js:177
[ 1833563ms] [ERROR] Error in updateScreensWithSessions: Error: Failed to load image from data URI (…).
    at YG (https://app-companion-430619.appspot.com/assets/util-BcnQOj-A.js:451:38614)
    at async bK (https://app-companion-430619.appspot.com/assets/util-BcnQOj-A.js:451:42901)
    at async PK.collectSessionOutputNodes (https://app-companion-430619.appspot.com/assets/util-BcnQOj-A.js:451:63298)
    at async PK.layoutSession (https://app-companion-430619.appspot.com/assets/util-BcnQOj-A.js:451:64415)
    at async PK.layoutSessionsV2 (https://app-companion-430619.appspot.com/assets/util-BcnQOj-A.js:451:65372)
    at async Object.updateScreensWithSessionsInternal (https://app-companion-430619.appspot.com/assets/util-BcnQOj-A.js:451:94524)
    at async pendingLayoutCall (https://app-companion-430619.appspot.com/assets/util-BcnQOj-A.js:451:95822)
    at async https://app-companion-430619.appspot.com/assets/util-BcnQOj-A.js:451:96045 @ https://app-companion-430619.appspot.com/assets/util-BcnQOj-A.js:177
[ 1840427ms] [ERROR] Error in updateScreensWithSessions: Error: Failed to load image from data URI (…).
    at YG (https://app-companion-430619.appspot.com/assets/util-BcnQOj-A.js:451:38614)
    at async bK (https://app-companion-430619.appspot.com/assets/util-BcnQOj-A.js:451:42901)
    at async PK.collectSessionOutputNodes (https://app-companion-430619.appspot.com/assets/util-BcnQOj-A.js:451:63298)
    at async PK.layoutSession (https://app-companion-430619.appspot.com/assets/util-BcnQOj-A.js:451:64415)
    at async PK.layoutSessionsV2 (https://app-companion-430619.appspot.com/assets/util-BcnQOj-A.js:451:65372)
    at async Object.updateScreensWithSessionsInternal (https://app-companion-430619.appspot.com/assets/util-BcnQOj-A.js:451:94524)
    at async pendingLayoutCall (https://app-companion-430619.appspot.com/assets/util-BcnQOj-A.js:451:95822)
    at async https://app-companion-430619.appspot.com/assets/util-BcnQOj-A.js:451:96045 @ https://app-companion-430619.appspot.com/assets/util-BcnQOj-A.js:177
[ 1840899ms] [ERROR] Error in updateScreensWithSessions: Error: Failed to load image from data URI (…).
    at YG (https://app-companion-430619.appspot.com/assets/util-BcnQOj-A.js:451:38614)
    at async bK (https://app-companion-430619.appspot.com/assets/util-BcnQOj-A.js:451:42901)
    at async PK.collectSessionOutputNodes (https://app-companion-430619.appspot.com/assets/util-BcnQOj-A.js:451:63298)
    at async PK.layoutSession (https://app-companion-430619.appspot.com/assets/util-BcnQOj-A.js:451:64415)
    at async PK.layoutSessionsV2 (https://app-companion-430619.appspot.com/assets/util-BcnQOj-A.js:451:65372)
    at async Object.updateScreensWithSessionsInternal (https://app-companion-430619.appspot.com/assets/util-BcnQOj-A.js:451:94524)
    at async pendingLayoutCall (https://app-companion-430619.appspot.com/assets/util-BcnQOj-A.js:451:95822)
    at async https://app-companion-430619.appspot.com/assets/util-BcnQOj-A.js:451:96045 @ https://app-companion-430619.appspot.com/assets/util-BcnQOj-A.js:177
[ 1841365ms] [ERROR] Error in updateScreensWithSessions: Error: Failed to load image from data URI (…).
    at YG (https://app-companion-430619.appspot.com/assets/util-BcnQOj-A.js:451:38614)
    at async bK (https://app-companion-430619.appspot.com/assets/util-BcnQOj-A.js:451:42901)
    at async PK.collectSessionOutputNodes (https://app-companion-430619.appspot.com/assets/util-BcnQOj-A.js:451:63298)
    at async PK.layoutSession (https://app-companion-430619.appspot.com/assets/util-BcnQOj-A.js:451:64415)
    at async PK.layoutSessionsV2 (https://app-companion-430619.appspot.com/assets/util-BcnQOj-A.js:451:65372)
    at async Object.updateScreensWithSessionsInternal (https://app-companion-430619.appspot.com/assets/util-BcnQOj-A.js:451:94524)
    at async pendingLayoutCall (https://app-companion-430619.appspot.com/assets/util-BcnQOj-A.js:451:95822)
    at async https://app-companion-430619.appspot.com/assets/util-BcnQOj-A.js:451:96045 @ https://app-companion-430619.appspot.com/assets/util-BcnQOj-A.js:177
[ 1841777ms] [ERROR] Error in updateScreensWithSessions: Error: Failed to load image from data URI (…).
    at YG (https://app-companion-430619.appspot.com/assets/util-BcnQOj-A.js:451:38614)
    at async bK (https://app-companion-430619.appspot.com/assets/util-BcnQOj-A.js:451:42901)
    at async PK.collectSessionOutputNodes (https://app-companion-430619.appspot.com/assets/util-BcnQOj-A.js:451:63298)
    at async PK.layoutSession (https://app-companion-430619.appspot.com/assets/util-BcnQOj-A.js:451:64415)
    at async PK.layoutSessionsV2 (https://app-companion-430619.appspot.com/assets/util-BcnQOj-A.js:451:65372)
    at async Object.updateScreensWithSessionsInternal (https://app-companion-430619.appspot.com/assets/util-BcnQOj-A.js:451:94524)
    at async pendingLayoutCall (https://app-companion-430619.appspot.com/assets/util-BcnQOj-A.js:451:95822)
    at async https://app-companion-430619.appspot.com/assets/util-BcnQOj-A.js:451:96045 @ https://app-companion-430619.appspot.com/assets/util-BcnQOj-A.js:177
[ 1842490ms] [ERROR] Error in updateScreensWithSessions: Error: Failed to load image from data URI (…).
    at YG (https://app-companion-430619.appspot.com/assets/util-BcnQOj-A.js:451:38614)
    at async bK (https://app-companion-430619.appspot.com/assets/util-BcnQOj-A.js:451:42901)
    at async PK.collectSessionOutputNodes (https://app-companion-430619.appspot.com/assets/util-BcnQOj-A.js:451:63298)
    at async PK.layoutSession (https://app-companion-430619.appspot.com/assets/util-BcnQOj-A.js:451:64415)
    at async PK.layoutSessionsV2 (https://app-companion-430619.appspot.com/assets/util-BcnQOj-A.js:451:65372)
    at async Object.updateScreensWithSessionsInternal (https://app-companion-430619.appspot.com/assets/util-BcnQOj-A.js:451:94524)
    at async pendingLayoutCall (https://app-companion-430619.appspot.com/assets/util-BcnQOj-A.js:451:95822)
    at async https://app-companion-430619.appspot.com/assets/util-BcnQOj-A.js:451:96045 @ https://app-companion-430619.appspot.com/assets/util-BcnQOj-A.js:177
[ 1842778ms] [ERROR] Error in updateScreensWithSessions: Error: Failed to load image from data URI (…).
    at YG (https://app-companion-430619.appspot.com/assets/util-BcnQOj-A.js:451:38614)
    at async bK (https://app-companion-430619.appspot.com/assets/util-BcnQOj-A.js:451:42901)
    at async PK.collectSessionOutputNodes (https://app-companion-430619.appspot.com/assets/util-BcnQOj-A.js:451:63298)
    at async PK.layoutSession (https://app-companion-430619.appspot.com/assets/util-BcnQOj-A.js:451:64415)
    at async PK.layoutSessionsV2 (https://app-companion-430619.appspot.com/assets/util-BcnQOj-A.js:451:65372)
    at async Object.updateScreensWithSessionsInternal (https://app-companion-430619.appspot.com/assets/util-BcnQOj-A.js:451:94524)
    at async pendingLayoutCall (https://app-companion-430619.appspot.com/assets/util-BcnQOj-A.js:451:95822)
    at async https://app-companion-430619.appspot.com/assets/util-BcnQOj-A.js:451:96045 @ https://app-companion-430619.appspot.com/assets/util-BcnQOj-A.js:177
[ 1843350ms] [ERROR] Error in updateScreensWithSessions: Error: Failed to load image from data URI (…).
    at YG (https://app-companion-430619.appspot.com/assets/util-BcnQOj-A.js:451:38614)
    at async bK (https://app-companion-430619.appspot.com/assets/util-BcnQOj-A.js:451:42901)
    at async PK.collectSessionOutputNodes (https://app-companion-430619.appspot.com/assets/util-BcnQOj-A.js:451:63298)
    at async PK.layoutSession (https://app-companion-430619.appspot.com/assets/util-BcnQOj-A.js:451:64415)
    at async PK.layoutSessionsV2 (https://app-companion-430619.appspot.com/assets/util-BcnQOj-A.js:451:65372)
    at async Object.updateScreensWithSessionsInternal (https://app-companion-430619.appspot.com/assets/util-BcnQOj-A.js:451:94524)
    at async pendingLayoutCall (https://app-companion-430619.appspot.com/assets/util-BcnQOj-A.js:451:95822)
    at async https://app-companion-430619.appspot.com/assets/util-BcnQOj-A.js:451:96045 @ https://app-companion-430619.appspot.com/assets/util-BcnQOj-A.js:177
[ 1844137ms] [ERROR] Error in updateScreensWithSessions: Error: Failed to load image from data URI (…).
    at YG (https://app-companion-430619.appspot.com/assets/util-BcnQOj-A.js:451:38614)
    at async bK (https://app-companion-430619.appspot.com/assets/util-BcnQOj-A.js:451:42901)
    at async PK.collectSessionOutputNodes (https://app-companion-430619.appspot.com/assets/util-BcnQOj-A.js:451:63298)
    at async PK.layoutSession (https://app-companion-430619.appspot.com/assets/util-BcnQOj-A.js:451:64415)
    at async PK.layoutSessionsV2 (https://app-companion-430619.appspot.com/assets/util-BcnQOj-A.js:451:65372)
    at async Object.updateScreensWithSessionsInternal (https://app-companion-430619.appspot.com/assets/util-BcnQOj-A.js:451:94524)
    at async pendingLayoutCall (https://app-companion-430619.appspot.com/assets/util-BcnQOj-A.js:451:95822)
    at async https://app-companion-430619.appspot.com/assets/util-BcnQOj-A.js:451:96045 @ https://app-companion-430619.appspot.com/assets/util-BcnQOj-A.js:177
[ 1844769ms] [ERROR] Error in updateScreensWithSessions: Error: Failed to load image from data URI (…).
    at YG (https://app-companion-430619.appspot.com/assets/util-BcnQOj-A.js:451:38614)
    at async bK (https://app-companion-430619.appspot.com/assets/util-BcnQOj-A.js:451:42901)
    at async PK.collectSessionOutputNodes (https://app-companion-430619.appspot.com/assets/util-BcnQOj-A.js:451:63298)
    at async PK.layoutSession (https://app-companion-430619.appspot.com/assets/util-BcnQOj-A.js:451:64415)
    at async PK.layoutSessionsV2 (https://app-companion-430619.appspot.com/assets/util-BcnQOj-A.js:451:65372)
    at async Object.updateScreensWithSessionsInternal (https://app-companion-430619.appspot.com/assets/util-BcnQOj-A.js:451:94524)
    at async pendingLayoutCall (https://app-companion-430619.appspot.com/assets/util-BcnQOj-A.js:451:95822)
    at async https://app-companion-430619.appspot.com/assets/util-BcnQOj-A.js:451:96045 @ https://app-companion-430619.appspot.com/assets/util-BcnQOj-A.js:177
[ 1845944ms] [ERROR] Error in updateScreensWithSessions: Error: Failed to load image from data URI (…).
    at YG (https://app-companion-430619.appspot.com/assets/util-BcnQOj-A.js:451:38614)
    at async bK (https://app-companion-430619.appspot.com/assets/util-BcnQOj-A.js:451:42901)
    at async PK.collectSessionOutputNodes (https://app-companion-430619.appspot.com/assets/util-BcnQOj-A.js:451:63298)
    at async PK.layoutSession (https://app-companion-430619.appspot.com/assets/util-BcnQOj-A.js:451:64415)
    at async PK.layoutSessionsV2 (https://app-companion-430619.appspot.com/assets/util-BcnQOj-A.js:451:65372)
    at async Object.updateScreensWithSessionsInternal (https://app-companion-430619.appspot.com/assets/util-BcnQOj-A.js:451:94524)
    at async pendingLayoutCall (https://app-companion-430619.appspot.com/assets/util-BcnQOj-A.js:451:95822)
    at async https://app-companion-430619.appspot.com/assets/util-BcnQOj-A.js:451:96045 @ https://app-companion-430619.appspot.com/assets/util-BcnQOj-A.js:177
[ 1847186ms] [ERROR] Error in updateScreensWithSessions: Error: Failed to load image from data URI (…).
    at YG (https://app-companion-430619.appspot.com/assets/util-BcnQOj-A.js:451:38614)
    at async bK (https://app-companion-430619.appspot.com/assets/util-BcnQOj-A.js:451:42901)
    at async PK.collectSessionOutputNodes (https://app-companion-430619.appspot.com/assets/util-BcnQOj-A.js:451:63298)
    at async PK.layoutSession (https://app-companion-430619.appspot.com/assets/util-BcnQOj-A.js:451:64415)
    at async PK.layoutSessionsV2 (https://app-companion-430619.appspot.com/assets/util-BcnQOj-A.js:451:65372)
    at async Object.updateScreensWithSessionsInternal (https://app-companion-430619.appspot.com/assets/util-BcnQOj-A.js:451:94524)
    at async pendingLayoutCall (https://app-companion-430619.appspot.com/assets/util-BcnQOj-A.js:451:95822)
    at async https://app-companion-430619.appspot.com/assets/util-BcnQOj-A.js:451:96045 @ https://app-companion-430619.appspot.com/assets/util-BcnQOj-A.js:177
[ 1848054ms] [ERROR] Error in updateScreensWithSessions: Error: Failed to load image from data URI (…).
    at YG (https://app-companion-430619.appspot.com/assets/util-BcnQOj-A.js:451:38614)
    at async bK (https://app-companion-430619.appspot.com/assets/util-BcnQOj-A.js:451:42901)
    at async PK.collectSessionOutputNodes (https://app-companion-430619.appspot.com/assets/util-BcnQOj-A.js:451:63298)
    at async PK.layoutSession (https://app-companion-430619.appspot.com/assets/util-BcnQOj-A.js:451:64415)
    at async PK.layoutSessionsV2 (https://app-companion-430619.appspot.com/assets/util-BcnQOj-A.js:451:65372)
    at async Object.updateScreensWithSessionsInternal (https://app-companion-430619.appspot.com/assets/util-BcnQOj-A.js:451:94524)
    at async pendingLayoutCall (https://app-companion-430619.appspot.com/assets/util-BcnQOj-A.js:451:95822)
    at async https://app-companion-430619.appspot.com/assets/util-BcnQOj-A.js:451:96045 @ https://app-companion-430619.appspot.com/assets/util-BcnQOj-A.js:177
[ 1848946ms] [ERROR] Error in updateScreensWithSessions: Error: Failed to load image from data URI (…).
    at YG (https://app-companion-430619.appspot.com/assets/util-BcnQOj-A.js:451:38614)
    at async bK (https://app-companion-430619.appspot.com/assets/util-BcnQOj-A.js:451:42901)
    at async PK.collectSessionOutputNodes (https://app-companion-430619.appspot.com/assets/util-BcnQOj-A.js:451:63298)
    at async PK.layoutSession (https://app-companion-430619.appspot.com/assets/util-BcnQOj-A.js:451:64415)
    at async PK.layoutSessionsV2 (https://app-companion-430619.appspot.com/assets/util-BcnQOj-A.js:451:65372)
    at async Object.updateScreensWithSessionsInternal (https://app-companion-430619.appspot.com/assets/util-BcnQOj-A.js:451:94524)
    at async pendingLayoutCall (https://app-companion-430619.appspot.com/assets/util-BcnQOj-A.js:451:95822)
    at async https://app-companion-430619.appspot.com/assets/util-BcnQOj-A.js:451:96045 @ https://app-companion-430619.appspot.com/assets/util-BcnQOj-A.js:177
[ 1850235ms] [ERROR] Error in updateScreensWithSessions: Error: Failed to load image from data URI (…).
    at YG (https://app-companion-430619.appspot.com/assets/util-BcnQOj-A.js:451:38614)
    at async bK (https://app-companion-430619.appspot.com/assets/util-BcnQOj-A.js:451:42901)
    at async PK.collectSessionOutputNodes (https://app-companion-430619.appspot.com/assets/util-BcnQOj-A.js:451:63298)
    at async PK.layoutSession (https://app-companion-430619.appspot.com/assets/util-BcnQOj-A.js:451:64415)
    at async PK.layoutSessionsV2 (https://app-companion-430619.appspot.com/assets/util-BcnQOj-A.js:451:65372)
    at async Object.updateScreensWithSessionsInternal (https://app-companion-430619.appspot.com/assets/util-BcnQOj-A.js:451:94524)
    at async pendingLayoutCall (https://app-companion-430619.appspot.com/assets/util-BcnQOj-A.js:451:95822)
    at async https://app-companion-430619.appspot.com/assets/util-BcnQOj-A.js:451:96045 @ https://app-companion-430619.appspot.com/assets/util-BcnQOj-A.js:177
[ 1850881ms] [ERROR] Error in updateScreensWithSessions: Error: Failed to load image from data URI (…).
    at YG (https://app-companion-430619.appspot.com/assets/util-BcnQOj-A.js:451:38614)
    at async bK (https://app-companion-430619.appspot.com/assets/util-BcnQOj-A.js:451:42901)
    at async PK.collectSessionOutputNodes (https://app-companion-430619.appspot.com/assets/util-BcnQOj-A.js:451:63298)
    at async PK.layoutSession (https://app-companion-430619.appspot.com/assets/util-BcnQOj-A.js:451:64415)
    at async PK.layoutSessionsV2 (https://app-companion-430619.appspot.com/assets/util-BcnQOj-A.js:451:65372)
    at async Object.updateScreensWithSessionsInternal (https://app-companion-430619.appspot.com/assets/util-BcnQOj-A.js:451:94524)
    at async pendingLayoutCall (https://app-companion-430619.appspot.com/assets/util-BcnQOj-A.js:451:95822)
    at async https://app-companion-430619.appspot.com/assets/util-BcnQOj-A.js:451:96045 @ https://app-companion-430619.appspot.com/assets/util-BcnQOj-A.js:177
[ 1851443ms] [ERROR] Error in updateScreensWithSessions: Error: Failed to load image from data URI (…).
    at YG (https://app-companion-430619.appspot.com/assets/util-BcnQOj-A.js:451:38614)
    at async bK (https://app-companion-430619.appspot.com/assets/util-BcnQOj-A.js:451:42901)
    at async PK.collectSessionOutputNodes (https://app-companion-430619.appspot.com/assets/util-BcnQOj-A.js:451:63298)
    at async PK.layoutSession (https://app-companion-430619.appspot.com/assets/util-BcnQOj-A.js:451:64415)
    at async PK.layoutSessionsV2 (https://app-companion-430619.appspot.com/assets/util-BcnQOj-A.js:451:65372)
    at async Object.updateScreensWithSessionsInternal (https://app-companion-430619.appspot.com/assets/util-BcnQOj-A.js:451:94524)
    at async pendingLayoutCall (https://app-companion-430619.appspot.com/assets/util-BcnQOj-A.js:451:95822)
    at async https://app-companion-430619.appspot.com/assets/util-BcnQOj-A.js:451:96045 @ https://app-companion-430619.appspot.com/assets/util-BcnQOj-A.js:177
[ 1852538ms] [ERROR] Error in updateScreensWithSessions: Error: Failed to load image from data URI (…).
    at YG (https://app-companion-430619.appspot.com/assets/util-BcnQOj-A.js:451:38614)
    at async bK (https://app-companion-430619.appspot.com/assets/util-BcnQOj-A.js:451:42901)
    at async PK.collectSessionOutputNodes (https://app-companion-430619.appspot.com/assets/util-BcnQOj-A.js:451:63298)
    at async PK.layoutSession (https://app-companion-430619.appspot.com/assets/util-BcnQOj-A.js:451:64415)
    at async PK.layoutSessionsV2 (https://app-companion-430619.appspot.com/assets/util-BcnQOj-A.js:451:65372)
    at async Object.updateScreensWithSessionsInternal (https://app-companion-430619.appspot.com/assets/util-BcnQOj-A.js:451:94524)
    at async pendingLayoutCall (https://app-companion-430619.appspot.com/assets/util-BcnQOj-A.js:451:95822)
    at async https://app-companion-430619.appspot.com/assets/util-BcnQOj-A.js:451:96045 @ https://app-companion-430619.appspot.com/assets/util-BcnQOj-A.js:177
[ 1853302ms] [ERROR] Error in updateScreensWithSessions: Error: Failed to load image from data URI (…).
    at YG (https://app-companion-430619.appspot.com/assets/util-BcnQOj-A.js:451:38614)
    at async bK (https://app-companion-430619.appspot.com/assets/util-BcnQOj-A.js:451:42901)
    at async PK.collectSessionOutputNodes (https://app-companion-430619.appspot.com/assets/util-BcnQOj-A.js:451:63298)
    at async PK.layoutSession (https://app-companion-430619.appspot.com/assets/util-BcnQOj-A.js:451:64415)
    at async PK.layoutSessionsV2 (https://app-companion-430619.appspot.com/assets/util-BcnQOj-A.js:451:65372)
    at async Object.updateScreensWithSessionsInternal (https://app-companion-430619.appspot.com/assets/util-BcnQOj-A.js:451:94524)
    at async pendingLayoutCall (https://app-companion-430619.appspot.com/assets/util-BcnQOj-A.js:451:95822)
    at async https://app-companion-430619.appspot.com/assets/util-BcnQOj-A.js:451:96045 @ https://app-companion-430619.appspot.com/assets/util-BcnQOj-A.js:177
[ 1854350ms] [ERROR] Error in updateScreensWithSessions: Error: Failed to load image from data URI (…).
    at YG (https://app-companion-430619.appspot.com/assets/util-BcnQOj-A.js:451:38614)
    at async bK (https://app-companion-430619.appspot.com/assets/util-BcnQOj-A.js:451:42901)
    at async PK.collectSessionOutputNodes (https://app-companion-430619.appspot.com/assets/util-BcnQOj-A.js:451:63298)
    at async PK.layoutSession (https://app-companion-430619.appspot.com/assets/util-BcnQOj-A.js:451:64415)
    at async PK.layoutSessionsV2 (https://app-companion-430619.appspot.com/assets/util-BcnQOj-A.js:451:65372)
    at async Object.updateScreensWithSessionsInternal (https://app-companion-430619.appspot.com/assets/util-BcnQOj-A.js:451:94524)
    at async pendingLayoutCall (https://app-companion-430619.appspot.com/assets/util-BcnQOj-A.js:451:95822)
    at async https://app-companion-430619.appspot.com/assets/util-BcnQOj-A.js:451:96045 @ https://app-companion-430619.appspot.com/assets/util-BcnQOj-A.js:177
[ 1855204ms] [ERROR] Error in updateScreensWithSessions: Error: Failed to load image from data URI (…).
    at YG (https://app-companion-430619.appspot.com/assets/util-BcnQOj-A.js:451:38614)
    at async bK (https://app-companion-430619.appspot.com/assets/util-BcnQOj-A.js:451:42901)
    at async PK.collectSessionOutputNodes (https://app-companion-430619.appspot.com/assets/util-BcnQOj-A.js:451:63298)
    at async PK.layoutSession (https://app-companion-430619.appspot.com/assets/util-BcnQOj-A.js:451:64415)
    at async PK.layoutSessionsV2 (https://app-companion-430619.appspot.com/assets/util-BcnQOj-A.js:451:65372)
    at async Object.updateScreensWithSessionsInternal (https://app-companion-430619.appspot.com/assets/util-BcnQOj-A.js:451:94524)
    at async pendingLayoutCall (https://app-companion-430619.appspot.com/assets/util-BcnQOj-A.js:451:95822)
    at async https://app-companion-430619.appspot.com/assets/util-BcnQOj-A.js:451:96045 @ https://app-companion-430619.appspot.com/assets/util-BcnQOj-A.js:177
[ 1856154ms] [ERROR] Error in updateScreensWithSessions: Error: Failed to load image from data URI (…).
    at YG (https://app-companion-430619.appspot.com/assets/util-BcnQOj-A.js:451:38614)
    at async bK (https://app-companion-430619.appspot.com/assets/util-BcnQOj-A.js:451:42901)
    at async PK.collectSessionOutputNodes (https://app-companion-430619.appspot.com/assets/util-BcnQOj-A.js:451:63298)
    at async PK.layoutSession (https://app-companion-430619.appspot.com/assets/util-BcnQOj-A.js:451:64415)
    at async PK.layoutSessionsV2 (https://app-companion-430619.appspot.com/assets/util-BcnQOj-A.js:451:65372)
    at async Object.updateScreensWithSessionsInternal (https://app-companion-430619.appspot.com/assets/util-BcnQOj-A.js:451:94524)
    at async pendingLayoutCall (https://app-companion-430619.appspot.com/assets/util-BcnQOj-A.js:451:95822)
    at async https://app-companion-430619.appspot.com/assets/util-BcnQOj-A.js:451:96045 @ https://app-companion-430619.appspot.com/assets/util-BcnQOj-A.js:177
[ 1856912ms] [ERROR] Error in updateScreensWithSessions: Error: Failed to load image from data URI (…).
    at YG (https://app-companion-430619.appspot.com/assets/util-BcnQOj-A.js:451:38614)
    at async bK (https://app-companion-430619.appspot.com/assets/util-BcnQOj-A.js:451:42901)
    at async PK.collectSessionOutputNodes (https://app-companion-430619.appspot.com/assets/util-BcnQOj-A.js:451:63298)
    at async PK.layoutSession (https://app-companion-430619.appspot.com/assets/util-BcnQOj-A.js:451:64415)
    at async PK.layoutSessionsV2 (https://app-companion-430619.appspot.com/assets/util-BcnQOj-A.js:451:65372)
    at async Object.updateScreensWithSessionsInternal (https://app-companion-430619.appspot.com/assets/util-BcnQOj-A.js:451:94524)
    at async pendingLayoutCall (https://app-companion-430619.appspot.com/assets/util-BcnQOj-A.js:451:95822)
    at async https://app-companion-430619.appspot.com/assets/util-BcnQOj-A.js:451:96045 @ https://app-companion-430619.appspot.com/assets/util-BcnQOj-A.js:177
[ 1857983ms] [ERROR] Error in updateScreensWithSessions: Error: Failed to load image from data URI (…).
    at YG (https://app-companion-430619.appspot.com/assets/util-BcnQOj-A.js:451:38614)
    at async bK (https://app-companion-430619.appspot.com/assets/util-BcnQOj-A.js:451:42901)
    at async PK.collectSessionOutputNodes (https://app-companion-430619.appspot.com/assets/util-BcnQOj-A.js:451:63298)
    at async PK.layoutSession (https://app-companion-430619.appspot.com/assets/util-BcnQOj-A.js:451:64415)
    at async PK.layoutSessionsV2 (https://app-companion-430619.appspot.com/assets/util-BcnQOj-A.js:451:65372)
    at async Object.updateScreensWithSessionsInternal (https://app-companion-430619.appspot.com/assets/util-BcnQOj-A.js:451:94524)
    at async pendingLayoutCall (https://app-companion-430619.appspot.com/assets/util-BcnQOj-A.js:451:95822)
    at async https://app-companion-430619.appspot.com/assets/util-BcnQOj-A.js:451:96045 @ https://app-companion-430619.appspot.com/assets/util-BcnQOj-A.js:177
[ 1858836ms] [ERROR] Error in updateScreensWithSessions: Error: Failed to load image from data URI (…).
    at YG (https://app-companion-430619.appspot.com/assets/util-BcnQOj-A.js:451:38614)
    at async bK (https://app-companion-430619.appspot.com/assets/util-BcnQOj-A.js:451:42901)
    at async PK.collectSessionOutputNodes (https://app-companion-430619.appspot.com/assets/util-BcnQOj-A.js:451:63298)
    at async PK.layoutSession (https://app-companion-430619.appspot.com/assets/util-BcnQOj-A.js:451:64415)
    at async PK.layoutSessionsV2 (https://app-companion-430619.appspot.com/assets/util-BcnQOj-A.js:451:65372)
    at async Object.updateScreensWithSessionsInternal (https://app-companion-430619.appspot.com/assets/util-BcnQOj-A.js:451:94524)
    at async pendingLayoutCall (https://app-companion-430619.appspot.com/assets/util-BcnQOj-A.js:451:95822)
    at async https://app-companion-430619.appspot.com/assets/util-BcnQOj-A.js:451:96045 @ https://app-companion-430619.appspot.com/assets/util-BcnQOj-A.js:177
[ 1859723ms] [ERROR] Error in updateScreensWithSessions: Error: Failed to load image from data URI (…).
    at YG (https://app-companion-430619.appspot.com/assets/util-BcnQOj-A.js:451:38614)
    at async bK (https://app-companion-430619.appspot.com/assets/util-BcnQOj-A.js:451:42901)
    at async PK.collectSessionOutputNodes (https://app-companion-430619.appspot.com/assets/util-BcnQOj-A.js:451:63298)
    at async PK.layoutSession (https://app-companion-430619.appspot.com/assets/util-BcnQOj-A.js:451:64415)
    at async PK.layoutSessionsV2 (https://app-companion-430619.appspot.com/assets/util-BcnQOj-A.js:451:65372)
    at async Object.updateScreensWithSessionsInternal (https://app-companion-430619.appspot.com/assets/util-BcnQOj-A.js:451:94524)
    at async pendingLayoutCall (https://app-companion-430619.appspot.com/assets/util-BcnQOj-A.js:451:95822)
    at async https://app-companion-430619.appspot.com/assets/util-BcnQOj-A.js:451:96045 @ https://app-companion-430619.appspot.com/assets/util-BcnQOj-A.js:177
[ 1864392ms] [ERROR] Error in updateScreensWithSessions: Error: Failed to load image from data URI (…).
    at YG (https://app-companion-430619.appspot.com/assets/util-BcnQOj-A.js:451:38614)
    at async bK (https://app-companion-430619.appspot.com/assets/util-BcnQOj-A.js:451:42901)
    at async PK.collectSessionOutputNodes (https://app-companion-430619.appspot.com/assets/util-BcnQOj-A.js:451:63298)
    at async PK.layoutSession (https://app-companion-430619.appspot.com/assets/util-BcnQOj-A.js:451:64415)
    at async PK.layoutSessionsV2 (https://app-companion-430619.appspot.com/assets/util-BcnQOj-A.js:451:65372)
    at async Object.updateScreensWithSessionsInternal (https://app-companion-430619.appspot.com/assets/util-BcnQOj-A.js:451:94524)
    at async pendingLayoutCall (https://app-companion-430619.appspot.com/assets/util-BcnQOj-A.js:451:95822)
    at async https://app-companion-430619.appspot.com/assets/util-BcnQOj-A.js:451:96045 @ https://app-companion-430619.appspot.com/assets/util-BcnQOj-A.js:177
[ 1865030ms] [ERROR] Error in updateScreensWithSessions: Error: Failed to load image from data URI (…).
    at YG (https://app-companion-430619.appspot.com/assets/util-BcnQOj-A.js:451:38614)
    at async bK (https://app-companion-430619.appspot.com/assets/util-BcnQOj-A.js:451:42901)
    at async PK.collectSessionOutputNodes (https://app-companion-430619.appspot.com/assets/util-BcnQOj-A.js:451:63298)
    at async PK.layoutSession (https://app-companion-430619.appspot.com/assets/util-BcnQOj-A.js:451:64415)
    at async PK.layoutSessionsV2 (https://app-companion-430619.appspot.com/assets/util-BcnQOj-A.js:451:65372)
    at async Object.updateScreensWithSessionsInternal (https://app-companion-430619.appspot.com/assets/util-BcnQOj-A.js:451:94524)
    at async pendingLayoutCall (https://app-companion-430619.appspot.com/assets/util-BcnQOj-A.js:451:95822)
    at async https://app-companion-430619.appspot.com/assets/util-BcnQOj-A.js:451:96045 @ https://app-companion-430619.appspot.com/assets/util-BcnQOj-A.js:177
[ 1866229ms] [ERROR] Error in updateScreensWithSessions: Error: Failed to load image from data URI (…).
    at YG (https://app-companion-430619.appspot.com/assets/util-BcnQOj-A.js:451:38614)
    at async bK (https://app-companion-430619.appspot.com/assets/util-BcnQOj-A.js:451:42901)
    at async PK.collectSessionOutputNodes (https://app-companion-430619.appspot.com/assets/util-BcnQOj-A.js:451:63298)
    at async PK.layoutSession (https://app-companion-430619.appspot.com/assets/util-BcnQOj-A.js:451:64415)
    at async PK.layoutSessionsV2 (https://app-companion-430619.appspot.com/assets/util-BcnQOj-A.js:451:65372)
    at async Object.updateScreensWithSessionsInternal (https://app-companion-430619.appspot.com/assets/util-BcnQOj-A.js:451:94524)
    at async pendingLayoutCall (https://app-companion-430619.appspot.com/assets/util-BcnQOj-A.js:451:95822)
    at async https://app-companion-430619.appspot.com/assets/util-BcnQOj-A.js:451:96045 @ https://app-companion-430619.appspot.com/assets/util-BcnQOj-A.js:177
[ 1880403ms] [ERROR] Error in updateScreensWithSessions: Error: Failed to load image from data URI (…).
    at YG (https://app-companion-430619.appspot.com/assets/util-BcnQOj-A.js:451:38614)
    at async bK (https://app-companion-430619.appspot.com/assets/util-BcnQOj-A.js:451:42901)
    at async PK.collectSessionOutputNodes (https://app-companion-430619.appspot.com/assets/util-BcnQOj-A.js:451:63298)
    at async PK.layoutSession (https://app-companion-430619.appspot.com/assets/util-BcnQOj-A.js:451:64415)
    at async PK.layoutSessionsV2 (https://app-companion-430619.appspot.com/assets/util-BcnQOj-A.js:451:65372)
    at async Object.updateScreensWithSessionsInternal (https://app-companion-430619.appspot.com/assets/util-BcnQOj-A.js:451:94524)
    at async pendingLayoutCall (https://app-companion-430619.appspot.com/assets/util-BcnQOj-A.js:451:95822)
    at async https://app-companion-430619.appspot.com/assets/util-BcnQOj-A.js:451:96045 @ https://app-companion-430619.appspot.com/assets/util-BcnQOj-A.js:177
[ 1881027ms] [ERROR] Error in updateScreensWithSessions: Error: Failed to load image from data URI (…).
    at YG (https://app-companion-430619.appspot.com/assets/util-BcnQOj-A.js:451:38614)
    at async bK (https://app-companion-430619.appspot.com/assets/util-BcnQOj-A.js:451:42901)
    at async PK.collectSessionOutputNodes (https://app-companion-430619.appspot.com/assets/util-BcnQOj-A.js:451:63298)
    at async PK.layoutSession (https://app-companion-430619.appspot.com/assets/util-BcnQOj-A.js:451:64415)
    at async PK.layoutSessionsV2 (https://app-companion-430619.appspot.com/assets/util-BcnQOj-A.js:451:65372)
    at async Object.updateScreensWithSessionsInternal (https://app-companion-430619.appspot.com/assets/util-BcnQOj-A.js:451:94524)
    at async pendingLayoutCall (https://app-companion-430619.appspot.com/assets/util-BcnQOj-A.js:451:95822)
    at async https://app-companion-430619.appspot.com/assets/util-BcnQOj-A.js:451:96045 @ https://app-companion-430619.appspot.com/assets/util-BcnQOj-A.js:177
[ 1891081ms] [ERROR] Error in updateScreensWithSessions: Error: Failed to load image from data URI (…).
    at YG (https://app-companion-430619.appspot.com/assets/util-BcnQOj-A.js:451:38614)
    at async bK (https://app-companion-430619.appspot.com/assets/util-BcnQOj-A.js:451:42901)
    at async PK.collectSessionOutputNodes (https://app-companion-430619.appspot.com/assets/util-BcnQOj-A.js:451:63298)
    at async PK.layoutSession (https://app-companion-430619.appspot.com/assets/util-BcnQOj-A.js:451:64415)
    at async PK.layoutSessionsV2 (https://app-companion-430619.appspot.com/assets/util-BcnQOj-A.js:451:65372)
    at async Object.updateScreensWithSessionsInternal (https://app-companion-430619.appspot.com/assets/util-BcnQOj-A.js:451:94524)
    at async pendingLayoutCall (https://app-companion-430619.appspot.com/assets/util-BcnQOj-A.js:451:95822)
    at async https://app-companion-430619.appspot.com/assets/util-BcnQOj-A.js:451:96045 @ https://app-companion-430619.appspot.com/assets/util-BcnQOj-A.js:177
[ 1891623ms] [ERROR] Error in updateScreensWithSessions: Error: Failed to load image from data URI (…).
    at YG (https://app-companion-430619.appspot.com/assets/util-BcnQOj-A.js:451:38614)
    at async bK (https://app-companion-430619.appspot.com/assets/util-BcnQOj-A.js:451:42901)
    at async PK.collectSessionOutputNodes (https://app-companion-430619.appspot.com/assets/util-BcnQOj-A.js:451:63298)
    at async PK.layoutSession (https://app-companion-430619.appspot.com/assets/util-BcnQOj-A.js:451:64415)
    at async PK.layoutSessionsV2 (https://app-companion-430619.appspot.com/assets/util-BcnQOj-A.js:451:65372)
    at async Object.updateScreensWithSessionsInternal (https://app-companion-430619.appspot.com/assets/util-BcnQOj-A.js:451:94524)
    at async pendingLayoutCall (https://app-companion-430619.appspot.com/assets/util-BcnQOj-A.js:451:95822)
    at async https://app-companion-430619.appspot.com/assets/util-BcnQOj-A.js:451:96045 @ https://app-companion-430619.appspot.com/assets/util-BcnQOj-A.js:177
[ 1893646ms] [ERROR] Error in updateScreensWithSessions: Error: Failed to load image from data URI (…).
    at YG (https://app-companion-430619.appspot.com/assets/util-BcnQOj-A.js:451:38614)
    at async bK (https://app-companion-430619.appspot.com/assets/util-BcnQOj-A.js:451:42901)
    at async PK.collectSessionOutputNodes (https://app-companion-430619.appspot.com/assets/util-BcnQOj-A.js:451:63298)
    at async PK.layoutSession (https://app-companion-430619.appspot.com/assets/util-BcnQOj-A.js:451:64415)
    at async PK.layoutSessionsV2 (https://app-companion-430619.appspot.com/assets/util-BcnQOj-A.js:451:65372)
    at async Object.updateScreensWithSessionsInternal (https://app-companion-430619.appspot.com/assets/util-BcnQOj-A.js:451:94524)
    at async pendingLayoutCall (https://app-companion-430619.appspot.com/assets/util-BcnQOj-A.js:451:95822)
    at async https://app-companion-430619.appspot.com/assets/util-BcnQOj-A.js:451:96045 @ https://app-companion-430619.appspot.com/assets/util-BcnQOj-A.js:177
[ 1963286ms] [ERROR] Error in updateScreensWithSessions: Error: Failed to load image from data URI (…).
    at YG (https://app-companion-430619.appspot.com/assets/util-BcnQOj-A.js:451:38614)
    at async bK (https://app-companion-430619.appspot.com/assets/util-BcnQOj-A.js:451:42901)
    at async PK.collectSessionOutputNodes (https://app-companion-430619.appspot.com/assets/util-BcnQOj-A.js:451:63298)
    at async PK.layoutSession (https://app-companion-430619.appspot.com/assets/util-BcnQOj-A.js:451:64415)
    at async PK.layoutSessionsV2 (https://app-companion-430619.appspot.com/assets/util-BcnQOj-A.js:451:65372)
    at async Object.updateScreensWithSessionsInternal (https://app-companion-430619.appspot.com/assets/util-BcnQOj-A.js:451:94524)
    at async pendingLayoutCall (https://app-companion-430619.appspot.com/assets/util-BcnQOj-A.js:451:95822)
    at async https://app-companion-430619.appspot.com/assets/util-BcnQOj-A.js:451:96045 @ https://app-companion-430619.appspot.com/assets/util-BcnQOj-A.js:177
[ 1966773ms] [ERROR] Error in updateScreensWithSessions: Error: Failed to load image from data URI (…).
    at YG (https://app-companion-430619.appspot.com/assets/util-BcnQOj-A.js:451:38614)
    at async bK (https://app-companion-430619.appspot.com/assets/util-BcnQOj-A.js:451:42901)
    at async PK.collectSessionOutputNodes (https://app-companion-430619.appspot.com/assets/util-BcnQOj-A.js:451:63298)
    at async PK.layoutSession (https://app-companion-430619.appspot.com/assets/util-BcnQOj-A.js:451:64415)
    at async PK.layoutSessionsV2 (https://app-companion-430619.appspot.com/assets/util-BcnQOj-A.js:451:65372)
    at async Object.updateScreensWithSessionsInternal (https://app-companion-430619.appspot.com/assets/util-BcnQOj-A.js:451:94524)
    at async pendingLayoutCall (https://app-companion-430619.appspot.com/assets/util-BcnQOj-A.js:451:95822)
    at async https://app-companion-430619.appspot.com/assets/util-BcnQOj-A.js:451:96045 @ https://app-companion-430619.appspot.com/assets/util-BcnQOj-A.js:177
[ 1977327ms] [ERROR] Error in updateScreensWithSessions: Error: Failed to load image from data URI (…).
    at YG (https://app-companion-430619.appspot.com/assets/util-BcnQOj-A.js:451:38614)
    at async bK (https://app-companion-430619.appspot.com/assets/util-BcnQOj-A.js:451:42901)
    at async PK.collectSessionOutputNodes (https://app-companion-430619.appspot.com/assets/util-BcnQOj-A.js:451:63298)
    at async PK.layoutSession (https://app-companion-430619.appspot.com/assets/util-BcnQOj-A.js:451:64415)
    at async PK.layoutSessionsV2 (https://app-companion-430619.appspot.com/assets/util-BcnQOj-A.js:451:65372)
    at async Object.updateScreensWithSessionsInternal (https://app-companion-430619.appspot.com/assets/util-BcnQOj-A.js:451:94524)
    at async pendingLayoutCall (https://app-companion-430619.appspot.com/assets/util-BcnQOj-A.js:451:95822)
    at async https://app-companion-430619.appspot.com/assets/util-BcnQOj-A.js:451:96045 @ https://app-companion-430619.appspot.com/assets/util-BcnQOj-A.js:177
[ 1977918ms] [ERROR] Error in updateScreensWithSessions: Error: Failed to load image from data URI (…).
    at YG (https://app-companion-430619.appspot.com/assets/util-BcnQOj-A.js:451:38614)
    at async bK (https://app-companion-430619.appspot.com/assets/util-BcnQOj-A.js:451:42901)
    at async PK.collectSessionOutputNodes (https://app-companion-430619.appspot.com/assets/util-BcnQOj-A.js:451:63298)
    at async PK.layoutSession (https://app-companion-430619.appspot.com/assets/util-BcnQOj-A.js:451:64415)
    at async PK.layoutSessionsV2 (https://app-companion-430619.appspot.com/assets/util-BcnQOj-A.js:451:65372)
    at async Object.updateScreensWithSessionsInternal (https://app-companion-430619.appspot.com/assets/util-BcnQOj-A.js:451:94524)
    at async pendingLayoutCall (https://app-companion-430619.appspot.com/assets/util-BcnQOj-A.js:451:95822)
    at async https://app-companion-430619.appspot.com/assets/util-BcnQOj-A.js:451:96045 @ https://app-companion-430619.appspot.com/assets/util-BcnQOj-A.js:177
[ 1978666ms] [ERROR] Error in updateScreensWithSessions: Error: Failed to load image from data URI (…).
    at YG (https://app-companion-430619.appspot.com/assets/util-BcnQOj-A.js:451:38614)
    at async bK (https://app-companion-430619.appspot.com/assets/util-BcnQOj-A.js:451:42901)
    at async PK.collectSessionOutputNodes (https://app-companion-430619.appspot.com/assets/util-BcnQOj-A.js:451:63298)
    at async PK.layoutSession (https://app-companion-430619.appspot.com/assets/util-BcnQOj-A.js:451:64415)
    at async PK.layoutSessionsV2 (https://app-companion-430619.appspot.com/assets/util-BcnQOj-A.js:451:65372)
    at async Object.updateScreensWithSessionsInternal (https://app-companion-430619.appspot.com/assets/util-BcnQOj-A.js:451:94524)
    at async pendingLayoutCall (https://app-companion-430619.appspot.com/assets/util-BcnQOj-A.js:451:95822)
    at async https://app-companion-430619.appspot.com/assets/util-BcnQOj-A.js:451:96045 @ https://app-companion-430619.appspot.com/assets/util-BcnQOj-A.js:177
[ 1979339ms] [ERROR] Error in updateScreensWithSessions: Error: Failed to load image from data URI (…).
    at YG (https://app-companion-430619.appspot.com/assets/util-BcnQOj-A.js:451:38614)
    at async bK (https://app-companion-430619.appspot.com/assets/util-BcnQOj-A.js:451:42901)
    at async PK.collectSessionOutputNodes (https://app-companion-430619.appspot.com/assets/util-BcnQOj-A.js:451:63298)
    at async PK.layoutSession (https://app-companion-430619.appspot.com/assets/util-BcnQOj-A.js:451:64415)
    at async PK.layoutSessionsV2 (https://app-companion-430619.appspot.com/assets/util-BcnQOj-A.js:451:65372)
    at async Object.updateScreensWithSessionsInternal (https://app-companion-430619.appspot.com/assets/util-BcnQOj-A.js:451:94524)
    at async pendingLayoutCall (https://app-companion-430619.appspot.com/assets/util-BcnQOj-A.js:451:95822)
    at async https://app-companion-430619.appspot.com/assets/util-BcnQOj-A.js:451:96045 @ https://app-companion-430619.appspot.com/assets/util-BcnQOj-A.js:177
[ 1979877ms] [ERROR] Error in updateScreensWithSessions: Error: Failed to load image from data URI (…).
    at YG (https://app-companion-430619.appspot.com/assets/util-BcnQOj-A.js:451:38614)
    at async bK (https://app-companion-430619.appspot.com/assets/util-BcnQOj-A.js:451:42901)
    at async PK.collectSessionOutputNodes (https://app-companion-430619.appspot.com/assets/util-BcnQOj-A.js:451:63298)
    at async PK.layoutSession (https://app-companion-430619.appspot.com/assets/util-BcnQOj-A.js:451:64415)
    at async PK.layoutSessionsV2 (https://app-companion-430619.appspot.com/assets/util-BcnQOj-A.js:451:65372)
    at async Object.updateScreensWithSessionsInternal (https://app-companion-430619.appspot.com/assets/util-BcnQOj-A.js:451:94524)
    at async pendingLayoutCall (https://app-companion-430619.appspot.com/assets/util-BcnQOj-A.js:451:95822)
    at async https://app-companion-430619.appspot.com/assets/util-BcnQOj-A.js:451:96045 @ https://app-companion-430619.appspot.com/assets/util-BcnQOj-A.js:177
[ 1988270ms] [ERROR] Error in updateScreensWithSessions: Error: Failed to load image from data URI (…).
    at YG (https://app-companion-430619.appspot.com/assets/util-BcnQOj-A.js:451:38614)
    at async bK (https://app-companion-430619.appspot.com/assets/util-BcnQOj-A.js:451:42901)
    at async PK.collectSessionOutputNodes (https://app-companion-430619.appspot.com/assets/util-BcnQOj-A.js:451:63298)
    at async PK.layoutSession (https://app-companion-430619.appspot.com/assets/util-BcnQOj-A.js:451:64415)
    at async PK.layoutSessionsV2 (https://app-companion-430619.appspot.com/assets/util-BcnQOj-A.js:451:65372)
    at async Object.updateScreensWithSessionsInternal (https://app-companion-430619.appspot.com/assets/util-BcnQOj-A.js:451:94524)
    at async pendingLayoutCall (https://app-companion-430619.appspot.com/assets/util-BcnQOj-A.js:451:95822)
    at async https://app-companion-430619.appspot.com/assets/util-BcnQOj-A.js:451:96045 @ https://app-companion-430619.appspot.com/assets/util-BcnQOj-A.js:177
[ 1988830ms] [ERROR] Error in updateScreensWithSessions: Error: Failed to load image from data URI (…).
    at YG (https://app-companion-430619.appspot.com/assets/util-BcnQOj-A.js:451:38614)
    at async bK (https://app-companion-430619.appspot.com/assets/util-BcnQOj-A.js:451:42901)
    at async PK.collectSessionOutputNodes (https://app-companion-430619.appspot.com/assets/util-BcnQOj-A.js:451:63298)
    at async PK.layoutSession (https://app-companion-430619.appspot.com/assets/util-BcnQOj-A.js:451:64415)
    at async PK.layoutSessionsV2 (https://app-companion-430619.appspot.com/assets/util-BcnQOj-A.js:451:65372)
    at async Object.updateScreensWithSessionsInternal (https://app-companion-430619.appspot.com/assets/util-BcnQOj-A.js:451:94524)
    at async pendingLayoutCall (https://app-companion-430619.appspot.com/assets/util-BcnQOj-A.js:451:95822)
    at async https://app-companion-430619.appspot.com/assets/util-BcnQOj-A.js:451:96045 @ https://app-companion-430619.appspot.com/assets/util-BcnQOj-A.js:177
[ 1991936ms] [ERROR] Error in updateScreensWithSessions: Error: Failed to load image from data URI (…).
    at YG (https://app-companion-430619.appspot.com/assets/util-BcnQOj-A.js:451:38614)
    at async bK (https://app-companion-430619.appspot.com/assets/util-BcnQOj-A.js:451:42901)
    at async PK.collectSessionOutputNodes (https://app-companion-430619.appspot.com/assets/util-BcnQOj-A.js:451:63298)
    at async PK.layoutSession (https://app-companion-430619.appspot.com/assets/util-BcnQOj-A.js:451:64415)
    at async PK.layoutSessionsV2 (https://app-companion-430619.appspot.com/assets/util-BcnQOj-A.js:451:65372)
    at async Object.updateScreensWithSessionsInternal (https://app-companion-430619.appspot.com/assets/util-BcnQOj-A.js:451:94524)
    at async pendingLayoutCall (https://app-companion-430619.appspot.com/assets/util-BcnQOj-A.js:451:95822)
    at async https://app-companion-430619.appspot.com/assets/util-BcnQOj-A.js:451:96045 @ https://app-companion-430619.appspot.com/assets/util-BcnQOj-A.js:177
[ 1995049ms] [ERROR] Error in updateScreensWithSessions: Error: Failed to load image from data URI (…).
    at YG (https://app-companion-430619.appspot.com/assets/util-BcnQOj-A.js:451:38614)
    at async bK (https://app-companion-430619.appspot.com/assets/util-BcnQOj-A.js:451:42901)
    at async PK.collectSessionOutputNodes (https://app-companion-430619.appspot.com/assets/util-BcnQOj-A.js:451:63298)
    at async PK.layoutSession (https://app-companion-430619.appspot.com/assets/util-BcnQOj-A.js:451:64415)
    at async PK.layoutSessionsV2 (https://app-companion-430619.appspot.com/assets/util-BcnQOj-A.js:451:65372)
    at async Object.updateScreensWithSessionsInternal (https://app-companion-430619.appspot.com/assets/util-BcnQOj-A.js:451:94524)
    at async pendingLayoutCall (https://app-companion-430619.appspot.com/assets/util-BcnQOj-A.js:451:95822)
    at async https://app-companion-430619.appspot.com/assets/util-BcnQOj-A.js:451:96045 @ https://app-companion-430619.appspot.com/assets/util-BcnQOj-A.js:177
[ 1999873ms] [ERROR] Error in updateScreensWithSessions: Error: Failed to load image from data URI (…).
    at YG (https://app-companion-430619.appspot.com/assets/util-BcnQOj-A.js:451:38614)
    at async bK (https://app-companion-430619.appspot.com/assets/util-BcnQOj-A.js:451:42901)
    at async PK.collectSessionOutputNodes (https://app-companion-430619.appspot.com/assets/util-BcnQOj-A.js:451:63298)
    at async PK.layoutSession (https://app-companion-430619.appspot.com/assets/util-BcnQOj-A.js:451:64415)
    at async PK.layoutSessionsV2 (https://app-companion-430619.appspot.com/assets/util-BcnQOj-A.js:451:65372)
    at async Object.updateScreensWithSessionsInternal (https://app-companion-430619.appspot.com/assets/util-BcnQOj-A.js:451:94524)
    at async pendingLayoutCall (https://app-companion-430619.appspot.com/assets/util-BcnQOj-A.js:451:95822)
    at async https://app-companion-430619.appspot.com/assets/util-BcnQOj-A.js:451:96045 @ https://app-companion-430619.appspot.com/assets/util-BcnQOj-A.js:177
[ 2000395ms] [ERROR] Error in updateScreensWithSessions: Error: Failed to load image from data URI (…).
    at YG (https://app-companion-430619.appspot.com/assets/util-BcnQOj-A.js:451:38614)
    at async bK (https://app-companion-430619.appspot.com/assets/util-BcnQOj-A.js:451:42901)
    at async PK.collectSessionOutputNodes (https://app-companion-430619.appspot.com/assets/util-BcnQOj-A.js:451:63298)
    at async PK.layoutSession (https://app-companion-430619.appspot.com/assets/util-BcnQOj-A.js:451:64415)
    at async PK.layoutSessionsV2 (https://app-companion-430619.appspot.com/assets/util-BcnQOj-A.js:451:65372)
    at async Object.updateScreensWithSessionsInternal (https://app-companion-430619.appspot.com/assets/util-BcnQOj-A.js:451:94524)
    at async pendingLayoutCall (https://app-companion-430619.appspot.com/assets/util-BcnQOj-A.js:451:95822)
    at async https://app-companion-430619.appspot.com/assets/util-BcnQOj-A.js:451:96045 @ https://app-companion-430619.appspot.com/assets/util-BcnQOj-A.js:177
[ 2001023ms] [ERROR] Error in updateScreensWithSessions: Error: Failed to load image from data URI (…).
    at YG (https://app-companion-430619.appspot.com/assets/util-BcnQOj-A.js:451:38614)
    at async bK (https://app-companion-430619.appspot.com/assets/util-BcnQOj-A.js:451:42901)
    at async PK.collectSessionOutputNodes (https://app-companion-430619.appspot.com/assets/util-BcnQOj-A.js:451:63298)
    at async PK.layoutSession (https://app-companion-430619.appspot.com/assets/util-BcnQOj-A.js:451:64415)
    at async PK.layoutSessionsV2 (https://app-companion-430619.appspot.com/assets/util-BcnQOj-A.js:451:65372)
    at async Object.updateScreensWithSessionsInternal (https://app-companion-430619.appspot.com/assets/util-BcnQOj-A.js:451:94524)
    at async pendingLayoutCall (https://app-companion-430619.appspot.com/assets/util-BcnQOj-A.js:451:95822)
    at async https://app-companion-430619.appspot.com/assets/util-BcnQOj-A.js:451:96045 @ https://app-companion-430619.appspot.com/assets/util-BcnQOj-A.js:177
[ 2001655ms] [ERROR] Error in updateScreensWithSessions: Error: Failed to load image from data URI (…).
    at YG (https://app-companion-430619.appspot.com/assets/util-BcnQOj-A.js:451:38614)
    at async bK (https://app-companion-430619.appspot.com/assets/util-BcnQOj-A.js:451:42901)
    at async PK.collectSessionOutputNodes (https://app-companion-430619.appspot.com/assets/util-BcnQOj-A.js:451:63298)
    at async PK.layoutSession (https://app-companion-430619.appspot.com/assets/util-BcnQOj-A.js:451:64415)
    at async PK.layoutSessionsV2 (https://app-companion-430619.appspot.com/assets/util-BcnQOj-A.js:451:65372)
    at async Object.updateScreensWithSessionsInternal (https://app-companion-430619.appspot.com/assets/util-BcnQOj-A.js:451:94524)
    at async pendingLayoutCall (https://app-companion-430619.appspot.com/assets/util-BcnQOj-A.js:451:95822)
    at async https://app-companion-430619.appspot.com/assets/util-BcnQOj-A.js:451:96045 @ https://app-companion-430619.appspot.com/assets/util-BcnQOj-A.js:177
[ 2002646ms] [ERROR] Error in updateScreensWithSessions: Error: Failed to load image from data URI (…).
    at YG (https://app-companion-430619.appspot.com/assets/util-BcnQOj-A.js:451:38614)
    at async bK (https://app-companion-430619.appspot.com/assets/util-BcnQOj-A.js:451:42901)
    at async PK.collectSessionOutputNodes (https://app-companion-430619.appspot.com/assets/util-BcnQOj-A.js:451:63298)
    at async PK.layoutSession (https://app-companion-430619.appspot.com/assets/util-BcnQOj-A.js:451:64415)
    at async PK.layoutSessionsV2 (https://app-companion-430619.appspot.com/assets/util-BcnQOj-A.js:451:65372)
    at async Object.updateScreensWithSessionsInternal (https://app-companion-430619.appspot.com/assets/util-BcnQOj-A.js:451:94524)
    at async pendingLayoutCall (https://app-companion-430619.appspot.com/assets/util-BcnQOj-A.js:451:95822)
    at async https://app-companion-430619.appspot.com/assets/util-BcnQOj-A.js:451:96045 @ https://app-companion-430619.appspot.com/assets/util-BcnQOj-A.js:177
[ 2003539ms] [ERROR] Error in updateScreensWithSessions: Error: Failed to load image from data URI (…).
    at YG (https://app-companion-430619.appspot.com/assets/util-BcnQOj-A.js:451:38614)
    at async bK (https://app-companion-430619.appspot.com/assets/util-BcnQOj-A.js:451:42901)
    at async PK.collectSessionOutputNodes (https://app-companion-430619.appspot.com/assets/util-BcnQOj-A.js:451:63298)
    at async PK.layoutSession (https://app-companion-430619.appspot.com/assets/util-BcnQOj-A.js:451:64415)
    at async PK.layoutSessionsV2 (https://app-companion-430619.appspot.com/assets/util-BcnQOj-A.js:451:65372)
    at async Object.updateScreensWithSessionsInternal (https://app-companion-430619.appspot.com/assets/util-BcnQOj-A.js:451:94524)
    at async pendingLayoutCall (https://app-companion-430619.appspot.com/assets/util-BcnQOj-A.js:451:95822)
    at async https://app-companion-430619.appspot.com/assets/util-BcnQOj-A.js:451:96045 @ https://app-companion-430619.appspot.com/assets/util-BcnQOj-A.js:177
[ 2004118ms] [ERROR] Error in updateScreensWithSessions: Error: Failed to load image from data URI (…).
    at YG (https://app-companion-430619.appspot.com/assets/util-BcnQOj-A.js:451:38614)
    at async bK (https://app-companion-430619.appspot.com/assets/util-BcnQOj-A.js:451:42901)
    at async PK.collectSessionOutputNodes (https://app-companion-430619.appspot.com/assets/util-BcnQOj-A.js:451:63298)
    at async PK.layoutSession (https://app-companion-430619.appspot.com/assets/util-BcnQOj-A.js:451:64415)
    at async PK.layoutSessionsV2 (https://app-companion-430619.appspot.com/assets/util-BcnQOj-A.js:451:65372)
    at async Object.updateScreensWithSessionsInternal (https://app-companion-430619.appspot.com/assets/util-BcnQOj-A.js:451:94524)
    at async pendingLayoutCall (https://app-companion-430619.appspot.com/assets/util-BcnQOj-A.js:451:95822)
    at async https://app-companion-430619.appspot.com/assets/util-BcnQOj-A.js:451:96045 @ https://app-companion-430619.appspot.com/assets/util-BcnQOj-A.js:177
[ 2005184ms] [ERROR] Error in updateScreensWithSessions: Error: Failed to load image from data URI (…).
    at YG (https://app-companion-430619.appspot.com/assets/util-BcnQOj-A.js:451:38614)
    at async bK (https://app-companion-430619.appspot.com/assets/util-BcnQOj-A.js:451:42901)
    at async PK.collectSessionOutputNodes (https://app-companion-430619.appspot.com/assets/util-BcnQOj-A.js:451:63298)
    at async PK.layoutSession (https://app-companion-430619.appspot.com/assets/util-BcnQOj-A.js:451:64415)
    at async PK.layoutSessionsV2 (https://app-companion-430619.appspot.com/assets/util-BcnQOj-A.js:451:65372)
    at async Object.updateScreensWithSessionsInternal (https://app-companion-430619.appspot.com/assets/util-BcnQOj-A.js:451:94524)
    at async pendingLayoutCall (https://app-companion-430619.appspot.com/assets/util-BcnQOj-A.js:451:95822)
    at async https://app-companion-430619.appspot.com/assets/util-BcnQOj-A.js:451:96045 @ https://app-companion-430619.appspot.com/assets/util-BcnQOj-A.js:177
[ 2006327ms] [ERROR] Error in updateScreensWithSessions: Error: Failed to load image from data URI (…).
    at YG (https://app-companion-430619.appspot.com/assets/util-BcnQOj-A.js:451:38614)
    at async bK (https://app-companion-430619.appspot.com/assets/util-BcnQOj-A.js:451:42901)
    at async PK.collectSessionOutputNodes (https://app-companion-430619.appspot.com/assets/util-BcnQOj-A.js:451:63298)
    at async PK.layoutSession (https://app-companion-430619.appspot.com/assets/util-BcnQOj-A.js:451:64415)
    at async PK.layoutSessionsV2 (https://app-companion-430619.appspot.com/assets/util-BcnQOj-A.js:451:65372)
    at async Object.updateScreensWithSessionsInternal (https://app-companion-430619.appspot.com/assets/util-BcnQOj-A.js:451:94524)
    at async pendingLayoutCall (https://app-companion-430619.appspot.com/assets/util-BcnQOj-A.js:451:95822)
    at async https://app-companion-430619.appspot.com/assets/util-BcnQOj-A.js:451:96045 @ https://app-companion-430619.appspot.com/assets/util-BcnQOj-A.js:177
[ 2007086ms] [ERROR] Error in updateScreensWithSessions: Error: Failed to load image from data URI (…).
    at YG (https://app-companion-430619.appspot.com/assets/util-BcnQOj-A.js:451:38614)
    at async bK (https://app-companion-430619.appspot.com/assets/util-BcnQOj-A.js:451:42901)
    at async PK.collectSessionOutputNodes (https://app-companion-430619.appspot.com/assets/util-BcnQOj-A.js:451:63298)
    at async PK.layoutSession (https://app-companion-430619.appspot.com/assets/util-BcnQOj-A.js:451:64415)
    at async PK.layoutSessionsV2 (https://app-companion-430619.appspot.com/assets/util-BcnQOj-A.js:451:65372)
    at async Object.updateScreensWithSessionsInternal (https://app-companion-430619.appspot.com/assets/util-BcnQOj-A.js:451:94524)
    at async pendingLayoutCall (https://app-companion-430619.appspot.com/assets/util-BcnQOj-A.js:451:95822)
    at async https://app-companion-430619.appspot.com/assets/util-BcnQOj-A.js:451:96045 @ https://app-companion-430619.appspot.com/assets/util-BcnQOj-A.js:177
[ 2008215ms] [ERROR] Error in updateScreensWithSessions: Error: Failed to load image from data URI (…).
    at YG (https://app-companion-430619.appspot.com/assets/util-BcnQOj-A.js:451:38614)
    at async bK (https://app-companion-430619.appspot.com/assets/util-BcnQOj-A.js:451:42901)
    at async PK.collectSessionOutputNodes (https://app-companion-430619.appspot.com/assets/util-BcnQOj-A.js:451:63298)
    at async PK.layoutSession (https://app-companion-430619.appspot.com/assets/util-BcnQOj-A.js:451:64415)
    at async PK.layoutSessionsV2 (https://app-companion-430619.appspot.com/assets/util-BcnQOj-A.js:451:65372)
    at async Object.updateScreensWithSessionsInternal (https://app-companion-430619.appspot.com/assets/util-BcnQOj-A.js:451:94524)
    at async pendingLayoutCall (https://app-companion-430619.appspot.com/assets/util-BcnQOj-A.js:451:95822)
    at async https://app-companion-430619.appspot.com/assets/util-BcnQOj-A.js:451:96045 @ https://app-companion-430619.appspot.com/assets/util-BcnQOj-A.js:177
[ 2009249ms] [ERROR] Error in updateScreensWithSessions: Error: Failed to load image from data URI (…).
    at YG (https://app-companion-430619.appspot.com/assets/util-BcnQOj-A.js:451:38614)
    at async bK (https://app-companion-430619.appspot.com/assets/util-BcnQOj-A.js:451:42901)
    at async PK.collectSessionOutputNodes (https://app-companion-430619.appspot.com/assets/util-BcnQOj-A.js:451:63298)
    at async PK.layoutSession (https://app-companion-430619.appspot.com/assets/util-BcnQOj-A.js:451:64415)
    at async PK.layoutSessionsV2 (https://app-companion-430619.appspot.com/assets/util-BcnQOj-A.js:451:65372)
    at async Object.updateScreensWithSessionsInternal (https://app-companion-430619.appspot.com/assets/util-BcnQOj-A.js:451:94524)
    at async pendingLayoutCall (https://app-companion-430619.appspot.com/assets/util-BcnQOj-A.js:451:95822)
    at async https://app-companion-430619.appspot.com/assets/util-BcnQOj-A.js:451:96045 @ https://app-companion-430619.appspot.com/assets/util-BcnQOj-A.js:177
[ 2010218ms] [ERROR] Error in updateScreensWithSessions: Error: Failed to load image from data URI (…).
    at YG (https://app-companion-430619.appspot.com/assets/util-BcnQOj-A.js:451:38614)
    at async bK (https://app-companion-430619.appspot.com/assets/util-BcnQOj-A.js:451:42901)
    at async PK.collectSessionOutputNodes (https://app-companion-430619.appspot.com/assets/util-BcnQOj-A.js:451:63298)
    at async PK.layoutSession (https://app-companion-430619.appspot.com/assets/util-BcnQOj-A.js:451:64415)
    at async PK.layoutSessionsV2 (https://app-companion-430619.appspot.com/assets/util-BcnQOj-A.js:451:65372)
    at async Object.updateScreensWithSessionsInternal (https://app-companion-430619.appspot.com/assets/util-BcnQOj-A.js:451:94524)
    at async pendingLayoutCall (https://app-companion-430619.appspot.com/assets/util-BcnQOj-A.js:451:95822)
    at async https://app-companion-430619.appspot.com/assets/util-BcnQOj-A.js:451:96045 @ https://app-companion-430619.appspot.com/assets/util-BcnQOj-A.js:177
[ 2011175ms] [ERROR] Error in updateScreensWithSessions: Error: Failed to load image from data URI (…).
    at YG (https://app-companion-430619.appspot.com/assets/util-BcnQOj-A.js:451:38614)
    at async bK (https://app-companion-430619.appspot.com/assets/util-BcnQOj-A.js:451:42901)
    at async PK.collectSessionOutputNodes (https://app-companion-430619.appspot.com/assets/util-BcnQOj-A.js:451:63298)
    at async PK.layoutSession (https://app-companion-430619.appspot.com/assets/util-BcnQOj-A.js:451:64415)
    at async PK.layoutSessionsV2 (https://app-companion-430619.appspot.com/assets/util-BcnQOj-A.js:451:65372)
    at async Object.updateScreensWithSessionsInternal (https://app-companion-430619.appspot.com/assets/util-BcnQOj-A.js:451:94524)
    at async pendingLayoutCall (https://app-companion-430619.appspot.com/assets/util-BcnQOj-A.js:451:95822)
    at async https://app-companion-430619.appspot.com/assets/util-BcnQOj-A.js:451:96045 @ https://app-companion-430619.appspot.com/assets/util-BcnQOj-A.js:177
[ 2011913ms] [ERROR] Error in updateScreensWithSessions: Error: Failed to load image from data URI (…).
    at YG (https://app-companion-430619.appspot.com/assets/util-BcnQOj-A.js:451:38614)
    at async bK (https://app-companion-430619.appspot.com/assets/util-BcnQOj-A.js:451:42901)
    at async PK.collectSessionOutputNodes (https://app-companion-430619.appspot.com/assets/util-BcnQOj-A.js:451:63298)
    at async PK.layoutSession (https://app-companion-430619.appspot.com/assets/util-BcnQOj-A.js:451:64415)
    at async PK.layoutSessionsV2 (https://app-companion-430619.appspot.com/assets/util-BcnQOj-A.js:451:65372)
    at async Object.updateScreensWithSessionsInternal (https://app-companion-430619.appspot.com/assets/util-BcnQOj-A.js:451:94524)
    at async pendingLayoutCall (https://app-companion-430619.appspot.com/assets/util-BcnQOj-A.js:451:95822)
    at async https://app-companion-430619.appspot.com/assets/util-BcnQOj-A.js:451:96045 @ https://app-companion-430619.appspot.com/assets/util-BcnQOj-A.js:177
[ 2012931ms] [ERROR] Error in updateScreensWithSessions: Error: Failed to load image from data URI (…).
    at YG (https://app-companion-430619.appspot.com/assets/util-BcnQOj-A.js:451:38614)
    at async bK (https://app-companion-430619.appspot.com/assets/util-BcnQOj-A.js:451:42901)
    at async PK.collectSessionOutputNodes (https://app-companion-430619.appspot.com/assets/util-BcnQOj-A.js:451:63298)
    at async PK.layoutSession (https://app-companion-430619.appspot.com/assets/util-BcnQOj-A.js:451:64415)
    at async PK.layoutSessionsV2 (https://app-companion-430619.appspot.com/assets/util-BcnQOj-A.js:451:65372)
    at async Object.updateScreensWithSessionsInternal (https://app-companion-430619.appspot.com/assets/util-BcnQOj-A.js:451:94524)
    at async pendingLayoutCall (https://app-companion-430619.appspot.com/assets/util-BcnQOj-A.js:451:95822)
    at async https://app-companion-430619.appspot.com/assets/util-BcnQOj-A.js:451:96045 @ https://app-companion-430619.appspot.com/assets/util-BcnQOj-A.js:177
[ 2013645ms] [ERROR] Error in updateScreensWithSessions: Error: Failed to load image from data URI (…).
    at YG (https://app-companion-430619.appspot.com/assets/util-BcnQOj-A.js:451:38614)
    at async bK (https://app-companion-430619.appspot.com/assets/util-BcnQOj-A.js:451:42901)
    at async PK.collectSessionOutputNodes (https://app-companion-430619.appspot.com/assets/util-BcnQOj-A.js:451:63298)
    at async PK.layoutSession (https://app-companion-430619.appspot.com/assets/util-BcnQOj-A.js:451:64415)
    at async PK.layoutSessionsV2 (https://app-companion-430619.appspot.com/assets/util-BcnQOj-A.js:451:65372)
    at async Object.updateScreensWithSessionsInternal (https://app-companion-430619.appspot.com/assets/util-BcnQOj-A.js:451:94524)
    at async pendingLayoutCall (https://app-companion-430619.appspot.com/assets/util-BcnQOj-A.js:451:95822)
    at async https://app-companion-430619.appspot.com/assets/util-BcnQOj-A.js:451:96045 @ https://app-companion-430619.appspot.com/assets/util-BcnQOj-A.js:177
[ 2014525ms] [ERROR] Error in updateScreensWithSessions: Error: Failed to load image from data URI (…).
    at YG (https://app-companion-430619.appspot.com/assets/util-BcnQOj-A.js:451:38614)
    at async bK (https://app-companion-430619.appspot.com/assets/util-BcnQOj-A.js:451:42901)
    at async PK.collectSessionOutputNodes (https://app-companion-430619.appspot.com/assets/util-BcnQOj-A.js:451:63298)
    at async PK.layoutSession (https://app-companion-430619.appspot.com/assets/util-BcnQOj-A.js:451:64415)
    at async PK.layoutSessionsV2 (https://app-companion-430619.appspot.com/assets/util-BcnQOj-A.js:451:65372)
    at async Object.updateScreensWithSessionsInternal (https://app-companion-430619.appspot.com/assets/util-BcnQOj-A.js:451:94524)
    at async pendingLayoutCall (https://app-companion-430619.appspot.com/assets/util-BcnQOj-A.js:451:95822)
    at async https://app-companion-430619.appspot.com/assets/util-BcnQOj-A.js:451:96045 @ https://app-companion-430619.appspot.com/assets/util-BcnQOj-A.js:177
[ 2015483ms] [ERROR] Error in updateScreensWithSessions: Error: Failed to load image from data URI (…).
    at YG (https://app-companion-430619.appspot.com/assets/util-BcnQOj-A.js:451:38614)
    at async bK (https://app-companion-430619.appspot.com/assets/util-BcnQOj-A.js:451:42901)
    at async PK.collectSessionOutputNodes (https://app-companion-430619.appspot.com/assets/util-BcnQOj-A.js:451:63298)
    at async PK.layoutSession (https://app-companion-430619.appspot.com/assets/util-BcnQOj-A.js:451:64415)
    at async PK.layoutSessionsV2 (https://app-companion-430619.appspot.com/assets/util-BcnQOj-A.js:451:65372)
    at async Object.updateScreensWithSessionsInternal (https://app-companion-430619.appspot.com/assets/util-BcnQOj-A.js:451:94524)
    at async pendingLayoutCall (https://app-companion-430619.appspot.com/assets/util-BcnQOj-A.js:451:95822)
    at async https://app-companion-430619.appspot.com/assets/util-BcnQOj-A.js:451:96045 @ https://app-companion-430619.appspot.com/assets/util-BcnQOj-A.js:177
[ 2016484ms] [ERROR] Error in updateScreensWithSessions: Error: Failed to load image from data URI (…).
    at YG (https://app-companion-430619.appspot.com/assets/util-BcnQOj-A.js:451:38614)
    at async bK (https://app-companion-430619.appspot.com/assets/util-BcnQOj-A.js:451:42901)
    at async PK.collectSessionOutputNodes (https://app-companion-430619.appspot.com/assets/util-BcnQOj-A.js:451:63298)
    at async PK.layoutSession (https://app-companion-430619.appspot.com/assets/util-BcnQOj-A.js:451:64415)
    at async PK.layoutSessionsV2 (https://app-companion-430619.appspot.com/assets/util-BcnQOj-A.js:451:65372)
    at async Object.updateScreensWithSessionsInternal (https://app-companion-430619.appspot.com/assets/util-BcnQOj-A.js:451:94524)
    at async pendingLayoutCall (https://app-companion-430619.appspot.com/assets/util-BcnQOj-A.js:451:95822)
    at async https://app-companion-430619.appspot.com/assets/util-BcnQOj-A.js:451:96045 @ https://app-companion-430619.appspot.com/assets/util-BcnQOj-A.js:177
[ 2017359ms] [ERROR] Error in updateScreensWithSessions: Error: Failed to load image from data URI (…).
    at YG (https://app-companion-430619.appspot.com/assets/util-BcnQOj-A.js:451:38614)
    at async bK (https://app-companion-430619.appspot.com/assets/util-BcnQOj-A.js:451:42901)
    at async PK.collectSessionOutputNodes (https://app-companion-430619.appspot.com/assets/util-BcnQOj-A.js:451:63298)
    at async PK.layoutSession (https://app-companion-430619.appspot.com/assets/util-BcnQOj-A.js:451:64415)
    at async PK.layoutSessionsV2 (https://app-companion-430619.appspot.com/assets/util-BcnQOj-A.js:451:65372)
    at async Object.updateScreensWithSessionsInternal (https://app-companion-430619.appspot.com/assets/util-BcnQOj-A.js:451:94524)
    at async pendingLayoutCall (https://app-companion-430619.appspot.com/assets/util-BcnQOj-A.js:451:95822)
    at async https://app-companion-430619.appspot.com/assets/util-BcnQOj-A.js:451:96045 @ https://app-companion-430619.appspot.com/assets/util-BcnQOj-A.js:177
[ 2018105ms] [ERROR] Error in updateScreensWithSessions: Error: Failed to load image from data URI (…).
    at YG (https://app-companion-430619.appspot.com/assets/util-BcnQOj-A.js:451:38614)
    at async bK (https://app-companion-430619.appspot.com/assets/util-BcnQOj-A.js:451:42901)
    at async PK.collectSessionOutputNodes (https://app-companion-430619.appspot.com/assets/util-BcnQOj-A.js:451:63298)
    at async PK.layoutSession (https://app-companion-430619.appspot.com/assets/util-BcnQOj-A.js:451:64415)
    at async PK.layoutSessionsV2 (https://app-companion-430619.appspot.com/assets/util-BcnQOj-A.js:451:65372)
    at async Object.updateScreensWithSessionsInternal (https://app-companion-430619.appspot.com/assets/util-BcnQOj-A.js:451:94524)
    at async pendingLayoutCall (https://app-companion-430619.appspot.com/assets/util-BcnQOj-A.js:451:95822)
    at async https://app-companion-430619.appspot.com/assets/util-BcnQOj-A.js:451:96045 @ https://app-companion-430619.appspot.com/assets/util-BcnQOj-A.js:177
[ 2022143ms] [ERROR] Error in updateScreensWithSessions: Error: Failed to load image from data URI (…).
    at YG (https://app-companion-430619.appspot.com/assets/util-BcnQOj-A.js:451:38614)
    at async bK (https://app-companion-430619.appspot.com/assets/util-BcnQOj-A.js:451:42901)
    at async PK.collectSessionOutputNodes (https://app-companion-430619.appspot.com/assets/util-BcnQOj-A.js:451:63298)
    at async PK.layoutSession (https://app-companion-430619.appspot.com/assets/util-BcnQOj-A.js:451:64415)
    at async PK.layoutSessionsV2 (https://app-companion-430619.appspot.com/assets/util-BcnQOj-A.js:451:65372)
    at async Object.updateScreensWithSessionsInternal (https://app-companion-430619.appspot.com/assets/util-BcnQOj-A.js:451:94524)
    at async pendingLayoutCall (https://app-companion-430619.appspot.com/assets/util-BcnQOj-A.js:451:95822)
    at async https://app-companion-430619.appspot.com/assets/util-BcnQOj-A.js:451:96045 @ https://app-companion-430619.appspot.com/assets/util-BcnQOj-A.js:177
[ 2023159ms] [ERROR] Error in updateScreensWithSessions: Error: Failed to load image from data URI (…).
    at YG (https://app-companion-430619.appspot.com/assets/util-BcnQOj-A.js:451:38614)
    at async bK (https://app-companion-430619.appspot.com/assets/util-BcnQOj-A.js:451:42901)
    at async PK.collectSessionOutputNodes (https://app-companion-430619.appspot.com/assets/util-BcnQOj-A.js:451:63298)
    at async PK.layoutSession (https://app-companion-430619.appspot.com/assets/util-BcnQOj-A.js:451:64415)
    at async PK.layoutSessionsV2 (https://app-companion-430619.appspot.com/assets/util-BcnQOj-A.js:451:65372)
    at async Object.updateScreensWithSessionsInternal (https://app-companion-430619.appspot.com/assets/util-BcnQOj-A.js:451:94524)
    at async pendingLayoutCall (https://app-companion-430619.appspot.com/assets/util-BcnQOj-A.js:451:95822)
    at async https://app-companion-430619.appspot.com/assets/util-BcnQOj-A.js:451:96045 @ https://app-companion-430619.appspot.com/assets/util-BcnQOj-A.js:177
[ 2023768ms] [ERROR] Error in updateScreensWithSessions: Error: Failed to load image from data URI (…).
    at YG (https://app-companion-430619.appspot.com/assets/util-BcnQOj-A.js:451:38614)
    at async bK (https://app-companion-430619.appspot.com/assets/util-BcnQOj-A.js:451:42901)
    at async PK.collectSessionOutputNodes (https://app-companion-430619.appspot.com/assets/util-BcnQOj-A.js:451:63298)
    at async PK.layoutSession (https://app-companion-430619.appspot.com/assets/util-BcnQOj-A.js:451:64415)
    at async PK.layoutSessionsV2 (https://app-companion-430619.appspot.com/assets/util-BcnQOj-A.js:451:65372)
    at async Object.updateScreensWithSessionsInternal (https://app-companion-430619.appspot.com/assets/util-BcnQOj-A.js:451:94524)
    at async pendingLayoutCall (https://app-companion-430619.appspot.com/assets/util-BcnQOj-A.js:451:95822)
    at async https://app-companion-430619.appspot.com/assets/util-BcnQOj-A.js:451:96045 @ https://app-companion-430619.appspot.com/assets/util-BcnQOj-A.js:177
[ 2024467ms] [ERROR] Error in updateScreensWithSessions: Error: Failed to load image from data URI (…).
    at YG (https://app-companion-430619.appspot.com/assets/util-BcnQOj-A.js:451:38614)
    at async bK (https://app-companion-430619.appspot.com/assets/util-BcnQOj-A.js:451:42901)
    at async PK.collectSessionOutputNodes (https://app-companion-430619.appspot.com/assets/util-BcnQOj-A.js:451:63298)
    at async PK.layoutSession (https://app-companion-430619.appspot.com/assets/util-BcnQOj-A.js:451:64415)
    at async PK.layoutSessionsV2 (https://app-companion-430619.appspot.com/assets/util-BcnQOj-A.js:451:65372)
    at async Object.updateScreensWithSessionsInternal (https://app-companion-430619.appspot.com/assets/util-BcnQOj-A.js:451:94524)
    at async pendingLayoutCall (https://app-companion-430619.appspot.com/assets/util-BcnQOj-A.js:451:95822)
    at async https://app-companion-430619.appspot.com/assets/util-BcnQOj-A.js:451:96045 @ https://app-companion-430619.appspot.com/assets/util-BcnQOj-A.js:177
[ 2037651ms] [ERROR] Error in updateScreensWithSessions: Error: Failed to load image from data URI (…).
    at YG (https://app-companion-430619.appspot.com/assets/util-BcnQOj-A.js:451:38614)
    at async bK (https://app-companion-430619.appspot.com/assets/util-BcnQOj-A.js:451:42901)
    at async PK.collectSessionOutputNodes (https://app-companion-430619.appspot.com/assets/util-BcnQOj-A.js:451:63298)
    at async PK.layoutSession (https://app-companion-430619.appspot.com/assets/util-BcnQOj-A.js:451:64415)
    at async PK.layoutSessionsV2 (https://app-companion-430619.appspot.com/assets/util-BcnQOj-A.js:451:65372)
    at async Object.updateScreensWithSessionsInternal (https://app-companion-430619.appspot.com/assets/util-BcnQOj-A.js:451:94524)
    at async pendingLayoutCall (https://app-companion-430619.appspot.com/assets/util-BcnQOj-A.js:451:95822)
    at async https://app-companion-430619.appspot.com/assets/util-BcnQOj-A.js:451:96045 @ https://app-companion-430619.appspot.com/assets/util-BcnQOj-A.js:177
[ 2038233ms] [ERROR] Error in updateScreensWithSessions: Error: Failed to load image from data URI (…).
    at YG (https://app-companion-430619.appspot.com/assets/util-BcnQOj-A.js:451:38614)
    at async bK (https://app-companion-430619.appspot.com/assets/util-BcnQOj-A.js:451:42901)
    at async PK.collectSessionOutputNodes (https://app-companion-430619.appspot.com/assets/util-BcnQOj-A.js:451:63298)
    at async PK.layoutSession (https://app-companion-430619.appspot.com/assets/util-BcnQOj-A.js:451:64415)
    at async PK.layoutSessionsV2 (https://app-companion-430619.appspot.com/assets/util-BcnQOj-A.js:451:65372)
    at async Object.updateScreensWithSessionsInternal (https://app-companion-430619.appspot.com/assets/util-BcnQOj-A.js:451:94524)
    at async pendingLayoutCall (https://app-companion-430619.appspot.com/assets/util-BcnQOj-A.js:451:95822)
    at async https://app-companion-430619.appspot.com/assets/util-BcnQOj-A.js:451:96045 @ https://app-companion-430619.appspot.com/assets/util-BcnQOj-A.js:177
[ 2045562ms] [ERROR] Error in updateScreensWithSessions: Error: Failed to load image from data URI (…).
    at YG (https://app-companion-430619.appspot.com/assets/util-BcnQOj-A.js:451:38614)
    at async bK (https://app-companion-430619.appspot.com/assets/util-BcnQOj-A.js:451:42901)
    at async PK.collectSessionOutputNodes (https://app-companion-430619.appspot.com/assets/util-BcnQOj-A.js:451:63298)
    at async PK.layoutSession (https://app-companion-430619.appspot.com/assets/util-BcnQOj-A.js:451:64415)
    at async PK.layoutSessionsV2 (https://app-companion-430619.appspot.com/assets/util-BcnQOj-A.js:451:65372)
    at async Object.updateScreensWithSessionsInternal (https://app-companion-430619.appspot.com/assets/util-BcnQOj-A.js:451:94524)
    at async pendingLayoutCall (https://app-companion-430619.appspot.com/assets/util-BcnQOj-A.js:451:95822)
    at async https://app-companion-430619.appspot.com/assets/util-BcnQOj-A.js:451:96045 @ https://app-companion-430619.appspot.com/assets/util-BcnQOj-A.js:177
[ 2046228ms] [ERROR] Error in updateScreensWithSessions: Error: Failed to load image from data URI (…).
    at YG (https://app-companion-430619.appspot.com/assets/util-BcnQOj-A.js:451:38614)
    at async bK (https://app-companion-430619.appspot.com/assets/util-BcnQOj-A.js:451:42901)
    at async PK.collectSessionOutputNodes (https://app-companion-430619.appspot.com/assets/util-BcnQOj-A.js:451:63298)
    at async PK.layoutSession (https://app-companion-430619.appspot.com/assets/util-BcnQOj-A.js:451:64415)
    at async PK.layoutSessionsV2 (https://app-companion-430619.appspot.com/assets/util-BcnQOj-A.js:451:65372)
    at async Object.updateScreensWithSessionsInternal (https://app-companion-430619.appspot.com/assets/util-BcnQOj-A.js:451:94524)
    at async pendingLayoutCall (https://app-companion-430619.appspot.com/assets/util-BcnQOj-A.js:451:95822)
    at async https://app-companion-430619.appspot.com/assets/util-BcnQOj-A.js:451:96045 @ https://app-companion-430619.appspot.com/assets/util-BcnQOj-A.js:177
[ 2047566ms] [ERROR] Error in updateScreensWithSessions: Error: Failed to load image from data URI (…).
    at YG (https://app-companion-430619.appspot.com/assets/util-BcnQOj-A.js:451:38614)
    at async bK (https://app-companion-430619.appspot.com/assets/util-BcnQOj-A.js:451:42901)
    at async PK.collectSessionOutputNodes (https://app-companion-430619.appspot.com/assets/util-BcnQOj-A.js:451:63298)
    at async PK.layoutSession (https://app-companion-430619.appspot.com/assets/util-BcnQOj-A.js:451:64415)
    at async PK.layoutSessionsV2 (https://app-companion-430619.appspot.com/assets/util-BcnQOj-A.js:451:65372)
    at async Object.updateScreensWithSessionsInternal (https://app-companion-430619.appspot.com/assets/util-BcnQOj-A.js:451:94524)
    at async pendingLayoutCall (https://app-companion-430619.appspot.com/assets/util-BcnQOj-A.js:451:95822)
    at async https://app-companion-430619.appspot.com/assets/util-BcnQOj-A.js:451:96045 @ https://app-companion-430619.appspot.com/assets/util-BcnQOj-A.js:177
[ 2168910ms] [ERROR] Error in updateScreensWithSessions: Error: Failed to load image from data URI (…).
    at YG (https://app-companion-430619.appspot.com/assets/util-BcnQOj-A.js:451:38614)
    at async bK (https://app-companion-430619.appspot.com/assets/util-BcnQOj-A.js:451:42901)
    at async PK.collectSessionOutputNodes (https://app-companion-430619.appspot.com/assets/util-BcnQOj-A.js:451:63298)
    at async PK.layoutSession (https://app-companion-430619.appspot.com/assets/util-BcnQOj-A.js:451:64415)
    at async PK.layoutSessionsV2 (https://app-companion-430619.appspot.com/assets/util-BcnQOj-A.js:451:65372)
    at async Object.updateScreensWithSessionsInternal (https://app-companion-430619.appspot.com/assets/util-BcnQOj-A.js:451:94524)
    at async pendingLayoutCall (https://app-companion-430619.appspot.com/assets/util-BcnQOj-A.js:451:95822)
    at async https://app-companion-430619.appspot.com/assets/util-BcnQOj-A.js:451:96045 @ https://app-companion-430619.appspot.com/assets/util-BcnQOj-A.js:177
[ 2172897ms] [ERROR] Error in updateScreensWithSessions: Error: Failed to load image from data URI (…).
    at YG (https://app-companion-430619.appspot.com/assets/util-BcnQOj-A.js:451:38614)
    at async bK (https://app-companion-430619.appspot.com/assets/util-BcnQOj-A.js:451:42901)
    at async PK.collectSessionOutputNodes (https://app-companion-430619.appspot.com/assets/util-BcnQOj-A.js:451:63298)
    at async PK.layoutSession (https://app-companion-430619.appspot.com/assets/util-BcnQOj-A.js:451:64415)
    at async PK.layoutSessionsV2 (https://app-companion-430619.appspot.com/assets/util-BcnQOj-A.js:451:65372)
    at async Object.updateScreensWithSessionsInternal (https://app-companion-430619.appspot.com/assets/util-BcnQOj-A.js:451:94524)
    at async pendingLayoutCall (https://app-companion-430619.appspot.com/assets/util-BcnQOj-A.js:451:95822)
    at async https://app-companion-430619.appspot.com/assets/util-BcnQOj-A.js:451:96045 @ https://app-companion-430619.appspot.com/assets/util-BcnQOj-A.js:177
[ 2188650ms] [ERROR] Error in updateScreensWithSessions: Error: Failed to load image from data URI (…).
    at YG (https://app-companion-430619.appspot.com/assets/util-BcnQOj-A.js:451:38614)
    at async bK (https://app-companion-430619.appspot.com/assets/util-BcnQOj-A.js:451:42901)
    at async PK.collectSessionOutputNodes (https://app-companion-430619.appspot.com/assets/util-BcnQOj-A.js:451:63298)
    at async PK.layoutSession (https://app-companion-430619.appspot.com/assets/util-BcnQOj-A.js:451:64415)
    at async PK.layoutSessionsV2 (https://app-companion-430619.appspot.com/assets/util-BcnQOj-A.js:451:65372)
    at async Object.updateScreensWithSessionsInternal (https://app-companion-430619.appspot.com/assets/util-BcnQOj-A.js:451:94524)
    at async pendingLayoutCall (https://app-companion-430619.appspot.com/assets/util-BcnQOj-A.js:451:95822)
    at async https://app-companion-430619.appspot.com/assets/util-BcnQOj-A.js:451:96045 @ https://app-companion-430619.appspot.com/assets/util-BcnQOj-A.js:177
[ 2189178ms] [ERROR] Error in updateScreensWithSessions: Error: Failed to load image from data URI (…).
    at YG (https://app-companion-430619.appspot.com/assets/util-BcnQOj-A.js:451:38614)
    at async bK (https://app-companion-430619.appspot.com/assets/util-BcnQOj-A.js:451:42901)
    at async PK.collectSessionOutputNodes (https://app-companion-430619.appspot.com/assets/util-BcnQOj-A.js:451:63298)
    at async PK.layoutSession (https://app-companion-430619.appspot.com/assets/util-BcnQOj-A.js:451:64415)
    at async PK.layoutSessionsV2 (https://app-companion-430619.appspot.com/assets/util-BcnQOj-A.js:451:65372)
    at async Object.updateScreensWithSessionsInternal (https://app-companion-430619.appspot.com/assets/util-BcnQOj-A.js:451:94524)
    at async pendingLayoutCall (https://app-companion-430619.appspot.com/assets/util-BcnQOj-A.js:451:95822)
    at async https://app-companion-430619.appspot.com/assets/util-BcnQOj-A.js:451:96045 @ https://app-companion-430619.appspot.com/assets/util-BcnQOj-A.js:177
[ 2189875ms] [ERROR] Error in updateScreensWithSessions: Error: Failed to load image from data URI (…).
    at YG (https://app-companion-430619.appspot.com/assets/util-BcnQOj-A.js:451:38614)
    at async bK (https://app-companion-430619.appspot.com/assets/util-BcnQOj-A.js:451:42901)
    at async PK.collectSessionOutputNodes (https://app-companion-430619.appspot.com/assets/util-BcnQOj-A.js:451:63298)
    at async PK.layoutSession (https://app-companion-430619.appspot.com/assets/util-BcnQOj-A.js:451:64415)
    at async PK.layoutSessionsV2 (https://app-companion-430619.appspot.com/assets/util-BcnQOj-A.js:451:65372)
    at async Object.updateScreensWithSessionsInternal (https://app-companion-430619.appspot.com/assets/util-BcnQOj-A.js:451:94524)
    at async pendingLayoutCall (https://app-companion-430619.appspot.com/assets/util-BcnQOj-A.js:451:95822)
    at async https://app-companion-430619.appspot.com/assets/util-BcnQOj-A.js:451:96045 @ https://app-companion-430619.appspot.com/assets/util-BcnQOj-A.js:177
[ 2190546ms] [ERROR] Error in updateScreensWithSessions: Error: Failed to load image from data URI (…).
    at YG (https://app-companion-430619.appspot.com/assets/util-BcnQOj-A.js:451:38614)
    at async bK (https://app-companion-430619.appspot.com/assets/util-BcnQOj-A.js:451:42901)
    at async PK.collectSessionOutputNodes (https://app-companion-430619.appspot.com/assets/util-BcnQOj-A.js:451:63298)
    at async PK.layoutSession (https://app-companion-430619.appspot.com/assets/util-BcnQOj-A.js:451:64415)
    at async PK.layoutSessionsV2 (https://app-companion-430619.appspot.com/assets/util-BcnQOj-A.js:451:65372)
    at async Object.updateScreensWithSessionsInternal (https://app-companion-430619.appspot.com/assets/util-BcnQOj-A.js:451:94524)
    at async pendingLayoutCall (https://app-companion-430619.appspot.com/assets/util-BcnQOj-A.js:451:95822)
    at async https://app-companion-430619.appspot.com/assets/util-BcnQOj-A.js:451:96045 @ https://app-companion-430619.appspot.com/assets/util-BcnQOj-A.js:177
[ 2190971ms] [ERROR] Error in updateScreensWithSessions: Error: Failed to load image from data URI (…).
    at YG (https://app-companion-430619.appspot.com/assets/util-BcnQOj-A.js:451:38614)
    at async bK (https://app-companion-430619.appspot.com/assets/util-BcnQOj-A.js:451:42901)
    at async PK.collectSessionOutputNodes (https://app-companion-430619.appspot.com/assets/util-BcnQOj-A.js:451:63298)
    at async PK.layoutSession (https://app-companion-430619.appspot.com/assets/util-BcnQOj-A.js:451:64415)
    at async PK.layoutSessionsV2 (https://app-companion-430619.appspot.com/assets/util-BcnQOj-A.js:451:65372)
    at async Object.updateScreensWithSessionsInternal (https://app-companion-430619.appspot.com/assets/util-BcnQOj-A.js:451:94524)
    at async pendingLayoutCall (https://app-companion-430619.appspot.com/assets/util-BcnQOj-A.js:451:95822)
    at async https://app-companion-430619.appspot.com/assets/util-BcnQOj-A.js:451:96045 @ https://app-companion-430619.appspot.com/assets/util-BcnQOj-A.js:177
[ 2199171ms] [ERROR] Error in updateScreensWithSessions: Error: Failed to load image from data URI (…).
    at YG (https://app-companion-430619.appspot.com/assets/util-BcnQOj-A.js:451:38614)
    at async bK (https://app-companion-430619.appspot.com/assets/util-BcnQOj-A.js:451:42901)
    at async PK.collectSessionOutputNodes (https://app-companion-430619.appspot.com/assets/util-BcnQOj-A.js:451:63298)
    at async PK.layoutSession (https://app-companion-430619.appspot.com/assets/util-BcnQOj-A.js:451:64415)
    at async PK.layoutSessionsV2 (https://app-companion-430619.appspot.com/assets/util-BcnQOj-A.js:451:65372)
    at async Object.updateScreensWithSessionsInternal (https://app-companion-430619.appspot.com/assets/util-BcnQOj-A.js:451:94524)
    at async pendingLayoutCall (https://app-companion-430619.appspot.com/assets/util-BcnQOj-A.js:451:95822)
    at async https://app-companion-430619.appspot.com/assets/util-BcnQOj-A.js:451:96045 @ https://app-companion-430619.appspot.com/assets/util-BcnQOj-A.js:177
[ 2199831ms] [ERROR] Error in updateScreensWithSessions: Error: Failed to load image from data URI (…).
    at YG (https://app-companion-430619.appspot.com/assets/util-BcnQOj-A.js:451:38614)
    at async bK (https://app-companion-430619.appspot.com/assets/util-BcnQOj-A.js:451:42901)
    at async PK.collectSessionOutputNodes (https://app-companion-430619.appspot.com/assets/util-BcnQOj-A.js:451:63298)
    at async PK.layoutSession (https://app-companion-430619.appspot.com/assets/util-BcnQOj-A.js:451:64415)
    at async PK.layoutSessionsV2 (https://app-companion-430619.appspot.com/assets/util-BcnQOj-A.js:451:65372)
    at async Object.updateScreensWithSessionsInternal (https://app-companion-430619.appspot.com/assets/util-BcnQOj-A.js:451:94524)
    at async pendingLayoutCall (https://app-companion-430619.appspot.com/assets/util-BcnQOj-A.js:451:95822)
    at async https://app-companion-430619.appspot.com/assets/util-BcnQOj-A.js:451:96045 @ https://app-companion-430619.appspot.com/assets/util-BcnQOj-A.js:177
[ 2205952ms] [ERROR] Error in updateScreensWithSessions: Error: Failed to load image from data URI (…).
    at YG (https://app-companion-430619.appspot.com/assets/util-BcnQOj-A.js:451:38614)
    at async bK (https://app-companion-430619.appspot.com/assets/util-BcnQOj-A.js:451:42901)
    at async PK.collectSessionOutputNodes (https://app-companion-430619.appspot.com/assets/util-BcnQOj-A.js:451:63298)
    at async PK.layoutSession (https://app-companion-430619.appspot.com/assets/util-BcnQOj-A.js:451:64415)
    at async PK.layoutSessionsV2 (https://app-companion-430619.appspot.com/assets/util-BcnQOj-A.js:451:65372)
    at async Object.updateScreensWithSessionsInternal (https://app-companion-430619.appspot.com/assets/util-BcnQOj-A.js:451:94524)
    at async pendingLayoutCall (https://app-companion-430619.appspot.com/assets/util-BcnQOj-A.js:451:95822)
    at async https://app-companion-430619.appspot.com/assets/util-BcnQOj-A.js:451:96045 @ https://app-companion-430619.appspot.com/assets/util-BcnQOj-A.js:177
[ 2209612ms] [ERROR] Error in updateScreensWithSessions: Error: Failed to load image from data URI (…).
    at YG (https://app-companion-430619.appspot.com/assets/util-BcnQOj-A.js:451:38614)
    at async bK (https://app-companion-430619.appspot.com/assets/util-BcnQOj-A.js:451:42901)
    at async PK.collectSessionOutputNodes (https://app-companion-430619.appspot.com/assets/util-BcnQOj-A.js:451:63298)
    at async PK.layoutSession (https://app-companion-430619.appspot.com/assets/util-BcnQOj-A.js:451:64415)
    at async PK.layoutSessionsV2 (https://app-companion-430619.appspot.com/assets/util-BcnQOj-A.js:451:65372)
    at async Object.updateScreensWithSessionsInternal (https://app-companion-430619.appspot.com/assets/util-BcnQOj-A.js:451:94524)
    at async pendingLayoutCall (https://app-companion-430619.appspot.com/assets/util-BcnQOj-A.js:451:95822)
    at async https://app-companion-430619.appspot.com/assets/util-BcnQOj-A.js:451:96045 @ https://app-companion-430619.appspot.com/assets/util-BcnQOj-A.js:177
[ 2218435ms] [ERROR] Error in updateScreensWithSessions: Error: Failed to load image from data URI (…).
    at YG (https://app-companion-430619.appspot.com/assets/util-BcnQOj-A.js:451:38614)
    at async bK (https://app-companion-430619.appspot.com/assets/util-BcnQOj-A.js:451:42901)
    at async PK.collectSessionOutputNodes (https://app-companion-430619.appspot.com/assets/util-BcnQOj-A.js:451:63298)
    at async PK.layoutSession (https://app-companion-430619.appspot.com/assets/util-BcnQOj-A.js:451:64415)
    at async PK.layoutSessionsV2 (https://app-companion-430619.appspot.com/assets/util-BcnQOj-A.js:451:65372)
    at async Object.updateScreensWithSessionsInternal (https://app-companion-430619.appspot.com/assets/util-BcnQOj-A.js:451:94524)
    at async pendingLayoutCall (https://app-companion-430619.appspot.com/assets/util-BcnQOj-A.js:451:95822)
    at async https://app-companion-430619.appspot.com/assets/util-BcnQOj-A.js:451:96045 @ https://app-companion-430619.appspot.com/assets/util-BcnQOj-A.js:177
[ 2219363ms] [ERROR] Error in updateScreensWithSessions: Error: Failed to load image from data URI (…).
    at YG (https://app-companion-430619.appspot.com/assets/util-BcnQOj-A.js:451:38614)
    at async bK (https://app-companion-430619.appspot.com/assets/util-BcnQOj-A.js:451:42901)
    at async PK.collectSessionOutputNodes (https://app-companion-430619.appspot.com/assets/util-BcnQOj-A.js:451:63298)
    at async PK.layoutSession (https://app-companion-430619.appspot.com/assets/util-BcnQOj-A.js:451:64415)
    at async PK.layoutSessionsV2 (https://app-companion-430619.appspot.com/assets/util-BcnQOj-A.js:451:65372)
    at async Object.updateScreensWithSessionsInternal (https://app-companion-430619.appspot.com/assets/util-BcnQOj-A.js:451:94524)
    at async pendingLayoutCall (https://app-companion-430619.appspot.com/assets/util-BcnQOj-A.js:451:95822)
    at async https://app-companion-430619.appspot.com/assets/util-BcnQOj-A.js:451:96045 @ https://app-companion-430619.appspot.com/assets/util-BcnQOj-A.js:177
[ 2219811ms] [ERROR] Error in updateScreensWithSessions: Error: Failed to load image from data URI (…).
    at YG (https://app-companion-430619.appspot.com/assets/util-BcnQOj-A.js:451:38614)
    at async bK (https://app-companion-430619.appspot.com/assets/util-BcnQOj-A.js:451:42901)
    at async PK.collectSessionOutputNodes (https://app-companion-430619.appspot.com/assets/util-BcnQOj-A.js:451:63298)
    at async PK.layoutSession (https://app-companion-430619.appspot.com/assets/util-BcnQOj-A.js:451:64415)
    at async PK.layoutSessionsV2 (https://app-companion-430619.appspot.com/assets/util-BcnQOj-A.js:451:65372)
    at async Object.updateScreensWithSessionsInternal (https://app-companion-430619.appspot.com/assets/util-BcnQOj-A.js:451:94524)
    at async pendingLayoutCall (https://app-companion-430619.appspot.com/assets/util-BcnQOj-A.js:451:95822)
    at async https://app-companion-430619.appspot.com/assets/util-BcnQOj-A.js:451:96045 @ https://app-companion-430619.appspot.com/assets/util-BcnQOj-A.js:177
[ 2220340ms] [ERROR] Error in updateScreensWithSessions: Error: Failed to load image from data URI (…).
    at YG (https://app-companion-430619.appspot.com/assets/util-BcnQOj-A.js:451:38614)
    at async bK (https://app-companion-430619.appspot.com/assets/util-BcnQOj-A.js:451:42901)
    at async PK.collectSessionOutputNodes (https://app-companion-430619.appspot.com/assets/util-BcnQOj-A.js:451:63298)
    at async PK.layoutSession (https://app-companion-430619.appspot.com/assets/util-BcnQOj-A.js:451:64415)
    at async PK.layoutSessionsV2 (https://app-companion-430619.appspot.com/assets/util-BcnQOj-A.js:451:65372)
    at async Object.updateScreensWithSessionsInternal (https://app-companion-430619.appspot.com/assets/util-BcnQOj-A.js:451:94524)
    at async pendingLayoutCall (https://app-companion-430619.appspot.com/assets/util-BcnQOj-A.js:451:95822)
    at async https://app-companion-430619.appspot.com/assets/util-BcnQOj-A.js:451:96045 @ https://app-companion-430619.appspot.com/assets/util-BcnQOj-A.js:177
[ 2220894ms] [ERROR] Error in updateScreensWithSessions: Error: Failed to load image from data URI (…).
    at YG (https://app-companion-430619.appspot.com/assets/util-BcnQOj-A.js:451:38614)
    at async bK (https://app-companion-430619.appspot.com/assets/util-BcnQOj-A.js:451:42901)
    at async PK.collectSessionOutputNodes (https://app-companion-430619.appspot.com/assets/util-BcnQOj-A.js:451:63298)
    at async PK.layoutSession (https://app-companion-430619.appspot.com/assets/util-BcnQOj-A.js:451:64415)
    at async PK.layoutSessionsV2 (https://app-companion-430619.appspot.com/assets/util-BcnQOj-A.js:451:65372)
    at async Object.updateScreensWithSessionsInternal (https://app-companion-430619.appspot.com/assets/util-BcnQOj-A.js:451:94524)
    at async pendingLayoutCall (https://app-companion-430619.appspot.com/assets/util-BcnQOj-A.js:451:95822)
    at async https://app-companion-430619.appspot.com/assets/util-BcnQOj-A.js:451:96045 @ https://app-companion-430619.appspot.com/assets/util-BcnQOj-A.js:177
[ 2221511ms] [ERROR] Error in updateScreensWithSessions: Error: Failed to load image from data URI (…).
    at YG (https://app-companion-430619.appspot.com/assets/util-BcnQOj-A.js:451:38614)
    at async bK (https://app-companion-430619.appspot.com/assets/util-BcnQOj-A.js:451:42901)
    at async PK.collectSessionOutputNodes (https://app-companion-430619.appspot.com/assets/util-BcnQOj-A.js:451:63298)
    at async PK.layoutSession (https://app-companion-430619.appspot.com/assets/util-BcnQOj-A.js:451:64415)
    at async PK.layoutSessionsV2 (https://app-companion-430619.appspot.com/assets/util-BcnQOj-A.js:451:65372)
    at async Object.updateScreensWithSessionsInternal (https://app-companion-430619.appspot.com/assets/util-BcnQOj-A.js:451:94524)
    at async pendingLayoutCall (https://app-companion-430619.appspot.com/assets/util-BcnQOj-A.js:451:95822)
    at async https://app-companion-430619.appspot.com/assets/util-BcnQOj-A.js:451:96045 @ https://app-companion-430619.appspot.com/assets/util-BcnQOj-A.js:177
[ 2222535ms] [ERROR] Error in updateScreensWithSessions: Error: Failed to load image from data URI (…).
    at YG (https://app-companion-430619.appspot.com/assets/util-BcnQOj-A.js:451:38614)
    at async bK (https://app-companion-430619.appspot.com/assets/util-BcnQOj-A.js:451:42901)
    at async PK.collectSessionOutputNodes (https://app-companion-430619.appspot.com/assets/util-BcnQOj-A.js:451:63298)
    at async PK.layoutSession (https://app-companion-430619.appspot.com/assets/util-BcnQOj-A.js:451:64415)
    at async PK.layoutSessionsV2 (https://app-companion-430619.appspot.com/assets/util-BcnQOj-A.js:451:65372)
    at async Object.updateScreensWithSessionsInternal (https://app-companion-430619.appspot.com/assets/util-BcnQOj-A.js:451:94524)
    at async pendingLayoutCall (https://app-companion-430619.appspot.com/assets/util-BcnQOj-A.js:451:95822)
    at async https://app-companion-430619.appspot.com/assets/util-BcnQOj-A.js:451:96045 @ https://app-companion-430619.appspot.com/assets/util-BcnQOj-A.js:177
[ 2223539ms] [ERROR] Error in updateScreensWithSessions: Error: Failed to load image from data URI (…).
    at YG (https://app-companion-430619.appspot.com/assets/util-BcnQOj-A.js:451:38614)
    at async bK (https://app-companion-430619.appspot.com/assets/util-BcnQOj-A.js:451:42901)
    at async PK.collectSessionOutputNodes (https://app-companion-430619.appspot.com/assets/util-BcnQOj-A.js:451:63298)
    at async PK.layoutSession (https://app-companion-430619.appspot.com/assets/util-BcnQOj-A.js:451:64415)
    at async PK.layoutSessionsV2 (https://app-companion-430619.appspot.com/assets/util-BcnQOj-A.js:451:65372)
    at async Object.updateScreensWithSessionsInternal (https://app-companion-430619.appspot.com/assets/util-BcnQOj-A.js:451:94524)
    at async pendingLayoutCall (https://app-companion-430619.appspot.com/assets/util-BcnQOj-A.js:451:95822)
    at async https://app-companion-430619.appspot.com/assets/util-BcnQOj-A.js:451:96045 @ https://app-companion-430619.appspot.com/assets/util-BcnQOj-A.js:177
[ 2224727ms] [ERROR] Error in updateScreensWithSessions: Error: Failed to load image from data URI (…).
    at YG (https://app-companion-430619.appspot.com/assets/util-BcnQOj-A.js:451:38614)
    at async bK (https://app-companion-430619.appspot.com/assets/util-BcnQOj-A.js:451:42901)
    at async PK.collectSessionOutputNodes (https://app-companion-430619.appspot.com/assets/util-BcnQOj-A.js:451:63298)
    at async PK.layoutSession (https://app-companion-430619.appspot.com/assets/util-BcnQOj-A.js:451:64415)
    at async PK.layoutSessionsV2 (https://app-companion-430619.appspot.com/assets/util-BcnQOj-A.js:451:65372)
    at async Object.updateScreensWithSessionsInternal (https://app-companion-430619.appspot.com/assets/util-BcnQOj-A.js:451:94524)
    at async pendingLayoutCall (https://app-companion-430619.appspot.com/assets/util-BcnQOj-A.js:451:95822)
    at async https://app-companion-430619.appspot.com/assets/util-BcnQOj-A.js:451:96045 @ https://app-companion-430619.appspot.com/assets/util-BcnQOj-A.js:177
[ 2225959ms] [ERROR] Error in updateScreensWithSessions: Error: Failed to load image from data URI (…).
    at YG (https://app-companion-430619.appspot.com/assets/util-BcnQOj-A.js:451:38614)
    at async bK (https://app-companion-430619.appspot.com/assets/util-BcnQOj-A.js:451:42901)
    at async PK.collectSessionOutputNodes (https://app-companion-430619.appspot.com/assets/util-BcnQOj-A.js:451:63298)
    at async PK.layoutSession (https://app-companion-430619.appspot.com/assets/util-BcnQOj-A.js:451:64415)
    at async PK.layoutSessionsV2 (https://app-companion-430619.appspot.com/assets/util-BcnQOj-A.js:451:65372)
    at async Object.updateScreensWithSessionsInternal (https://app-companion-430619.appspot.com/assets/util-BcnQOj-A.js:451:94524)
    at async pendingLayoutCall (https://app-companion-430619.appspot.com/assets/util-BcnQOj-A.js:451:95822)
    at async https://app-companion-430619.appspot.com/assets/util-BcnQOj-A.js:451:96045 @ https://app-companion-430619.appspot.com/assets/util-BcnQOj-A.js:177
[ 2226839ms] [ERROR] Error in updateScreensWithSessions: Error: Failed to load image from data URI (…).
    at YG (https://app-companion-430619.appspot.com/assets/util-BcnQOj-A.js:451:38614)
    at async bK (https://app-companion-430619.appspot.com/assets/util-BcnQOj-A.js:451:42901)
    at async PK.collectSessionOutputNodes (https://app-companion-430619.appspot.com/assets/util-BcnQOj-A.js:451:63298)
    at async PK.layoutSession (https://app-companion-430619.appspot.com/assets/util-BcnQOj-A.js:451:64415)
    at async PK.layoutSessionsV2 (https://app-companion-430619.appspot.com/assets/util-BcnQOj-A.js:451:65372)
    at async Object.updateScreensWithSessionsInternal (https://app-companion-430619.appspot.com/assets/util-BcnQOj-A.js:451:94524)
    at async pendingLayoutCall (https://app-companion-430619.appspot.com/assets/util-BcnQOj-A.js:451:95822)
    at async https://app-companion-430619.appspot.com/assets/util-BcnQOj-A.js:451:96045 @ https://app-companion-430619.appspot.com/assets/util-BcnQOj-A.js:177
[ 2228172ms] [ERROR] Error in updateScreensWithSessions: Error: Failed to load image from data URI (…).
    at YG (https://app-companion-430619.appspot.com/assets/util-BcnQOj-A.js:451:38614)
    at async bK (https://app-companion-430619.appspot.com/assets/util-BcnQOj-A.js:451:42901)
    at async PK.collectSessionOutputNodes (https://app-companion-430619.appspot.com/assets/util-BcnQOj-A.js:451:63298)
    at async PK.layoutSession (https://app-companion-430619.appspot.com/assets/util-BcnQOj-A.js:451:64415)
    at async PK.layoutSessionsV2 (https://app-companion-430619.appspot.com/assets/util-BcnQOj-A.js:451:65372)
    at async Object.updateScreensWithSessionsInternal (https://app-companion-430619.appspot.com/assets/util-BcnQOj-A.js:451:94524)
    at async pendingLayoutCall (https://app-companion-430619.appspot.com/assets/util-BcnQOj-A.js:451:95822)
    at async https://app-companion-430619.appspot.com/assets/util-BcnQOj-A.js:451:96045 @ https://app-companion-430619.appspot.com/assets/util-BcnQOj-A.js:177
[ 2229065ms] [ERROR] Error in updateScreensWithSessions: Error: Failed to load image from data URI (…).
    at YG (https://app-companion-430619.appspot.com/assets/util-BcnQOj-A.js:451:38614)
    at async bK (https://app-companion-430619.appspot.com/assets/util-BcnQOj-A.js:451:42901)
    at async PK.collectSessionOutputNodes (https://app-companion-430619.appspot.com/assets/util-BcnQOj-A.js:451:63298)
    at async PK.layoutSession (https://app-companion-430619.appspot.com/assets/util-BcnQOj-A.js:451:64415)
    at async PK.layoutSessionsV2 (https://app-companion-430619.appspot.com/assets/util-BcnQOj-A.js:451:65372)
    at async Object.updateScreensWithSessionsInternal (https://app-companion-430619.appspot.com/assets/util-BcnQOj-A.js:451:94524)
    at async pendingLayoutCall (https://app-companion-430619.appspot.com/assets/util-BcnQOj-A.js:451:95822)
    at async https://app-companion-430619.appspot.com/assets/util-BcnQOj-A.js:451:96045 @ https://app-companion-430619.appspot.com/assets/util-BcnQOj-A.js:177
[ 2229678ms] [ERROR] Error in updateScreensWithSessions: Error: Failed to load image from data URI (…).
    at YG (https://app-companion-430619.appspot.com/assets/util-BcnQOj-A.js:451:38614)
    at async bK (https://app-companion-430619.appspot.com/assets/util-BcnQOj-A.js:451:42901)
    at async PK.collectSessionOutputNodes (https://app-companion-430619.appspot.com/assets/util-BcnQOj-A.js:451:63298)
    at async PK.layoutSession (https://app-companion-430619.appspot.com/assets/util-BcnQOj-A.js:451:64415)
    at async PK.layoutSessionsV2 (https://app-companion-430619.appspot.com/assets/util-BcnQOj-A.js:451:65372)
    at async Object.updateScreensWithSessionsInternal (https://app-companion-430619.appspot.com/assets/util-BcnQOj-A.js:451:94524)
    at async pendingLayoutCall (https://app-companion-430619.appspot.com/assets/util-BcnQOj-A.js:451:95822)
    at async https://app-companion-430619.appspot.com/assets/util-BcnQOj-A.js:451:96045 @ https://app-companion-430619.appspot.com/assets/util-BcnQOj-A.js:177
[ 2230377ms] [ERROR] Error in updateScreensWithSessions: Error: Failed to load image from data URI (…).
    at YG (https://app-companion-430619.appspot.com/assets/util-BcnQOj-A.js:451:38614)
    at async bK (https://app-companion-430619.appspot.com/assets/util-BcnQOj-A.js:451:42901)
    at async PK.collectSessionOutputNodes (https://app-companion-430619.appspot.com/assets/util-BcnQOj-A.js:451:63298)
    at async PK.layoutSession (https://app-companion-430619.appspot.com/assets/util-BcnQOj-A.js:451:64415)
    at async PK.layoutSessionsV2 (https://app-companion-430619.appspot.com/assets/util-BcnQOj-A.js:451:65372)
    at async Object.updateScreensWithSessionsInternal (https://app-companion-430619.appspot.com/assets/util-BcnQOj-A.js:451:94524)
    at async pendingLayoutCall (https://app-companion-430619.appspot.com/assets/util-BcnQOj-A.js:451:95822)
    at async https://app-companion-430619.appspot.com/assets/util-BcnQOj-A.js:451:96045 @ https://app-companion-430619.appspot.com/assets/util-BcnQOj-A.js:177
[ 2231279ms] [ERROR] Error in updateScreensWithSessions: Error: Failed to load image from data URI (…).
    at YG (https://app-companion-430619.appspot.com/assets/util-BcnQOj-A.js:451:38614)
    at async bK (https://app-companion-430619.appspot.com/assets/util-BcnQOj-A.js:451:42901)
    at async PK.collectSessionOutputNodes (https://app-companion-430619.appspot.com/assets/util-BcnQOj-A.js:451:63298)
    at async PK.layoutSession (https://app-companion-430619.appspot.com/assets/util-BcnQOj-A.js:451:64415)
    at async PK.layoutSessionsV2 (https://app-companion-430619.appspot.com/assets/util-BcnQOj-A.js:451:65372)
    at async Object.updateScreensWithSessionsInternal (https://app-companion-430619.appspot.com/assets/util-BcnQOj-A.js:451:94524)
    at async pendingLayoutCall (https://app-companion-430619.appspot.com/assets/util-BcnQOj-A.js:451:95822)
    at async https://app-companion-430619.appspot.com/assets/util-BcnQOj-A.js:451:96045 @ https://app-companion-430619.appspot.com/assets/util-BcnQOj-A.js:177
[ 2232209ms] [ERROR] Error in updateScreensWithSessions: Error: Failed to load image from data URI (…).
    at YG (https://app-companion-430619.appspot.com/assets/util-BcnQOj-A.js:451:38614)
    at async bK (https://app-companion-430619.appspot.com/assets/util-BcnQOj-A.js:451:42901)
    at async PK.collectSessionOutputNodes (https://app-companion-430619.appspot.com/assets/util-BcnQOj-A.js:451:63298)
    at async PK.layoutSession (https://app-companion-430619.appspot.com/assets/util-BcnQOj-A.js:451:64415)
    at async PK.layoutSessionsV2 (https://app-companion-430619.appspot.com/assets/util-BcnQOj-A.js:451:65372)
    at async Object.updateScreensWithSessionsInternal (https://app-companion-430619.appspot.com/assets/util-BcnQOj-A.js:451:94524)
    at async pendingLayoutCall (https://app-companion-430619.appspot.com/assets/util-BcnQOj-A.js:451:95822)
    at async https://app-companion-430619.appspot.com/assets/util-BcnQOj-A.js:451:96045 @ https://app-companion-430619.appspot.com/assets/util-BcnQOj-A.js:177
[ 2233080ms] [ERROR] Error in updateScreensWithSessions: Error: Failed to load image from data URI (…).
    at YG (https://app-companion-430619.appspot.com/assets/util-BcnQOj-A.js:451:38614)
    at async bK (https://app-companion-430619.appspot.com/assets/util-BcnQOj-A.js:451:42901)
    at async PK.collectSessionOutputNodes (https://app-companion-430619.appspot.com/assets/util-BcnQOj-A.js:451:63298)
    at async PK.layoutSession (https://app-companion-430619.appspot.com/assets/util-BcnQOj-A.js:451:64415)
    at async PK.layoutSessionsV2 (https://app-companion-430619.appspot.com/assets/util-BcnQOj-A.js:451:65372)
    at async Object.updateScreensWithSessionsInternal (https://app-companion-430619.appspot.com/assets/util-BcnQOj-A.js:451:94524)
    at async pendingLayoutCall (https://app-companion-430619.appspot.com/assets/util-BcnQOj-A.js:451:95822)
    at async https://app-companion-430619.appspot.com/assets/util-BcnQOj-A.js:451:96045 @ https://app-companion-430619.appspot.com/assets/util-BcnQOj-A.js:177
[ 2233997ms] [ERROR] Error in updateScreensWithSessions: Error: Failed to load image from data URI (…).
    at YG (https://app-companion-430619.appspot.com/assets/util-BcnQOj-A.js:451:38614)
    at async bK (https://app-companion-430619.appspot.com/assets/util-BcnQOj-A.js:451:42901)
    at async PK.collectSessionOutputNodes (https://app-companion-430619.appspot.com/assets/util-BcnQOj-A.js:451:63298)
    at async PK.layoutSession (https://app-companion-430619.appspot.com/assets/util-BcnQOj-A.js:451:64415)
    at async PK.layoutSessionsV2 (https://app-companion-430619.appspot.com/assets/util-BcnQOj-A.js:451:65372)
    at async Object.updateScreensWithSessionsInternal (https://app-companion-430619.appspot.com/assets/util-BcnQOj-A.js:451:94524)
    at async pendingLayoutCall (https://app-companion-430619.appspot.com/assets/util-BcnQOj-A.js:451:95822)
    at async https://app-companion-430619.appspot.com/assets/util-BcnQOj-A.js:451:96045 @ https://app-companion-430619.appspot.com/assets/util-BcnQOj-A.js:177
[ 2234971ms] [ERROR] Error in updateScreensWithSessions: Error: Failed to load image from data URI (…).
    at YG (https://app-companion-430619.appspot.com/assets/util-BcnQOj-A.js:451:38614)
    at async bK (https://app-companion-430619.appspot.com/assets/util-BcnQOj-A.js:451:42901)
    at async PK.collectSessionOutputNodes (https://app-companion-430619.appspot.com/assets/util-BcnQOj-A.js:451:63298)
    at async PK.layoutSession (https://app-companion-430619.appspot.com/assets/util-BcnQOj-A.js:451:64415)
    at async PK.layoutSessionsV2 (https://app-companion-430619.appspot.com/assets/util-BcnQOj-A.js:451:65372)
    at async Object.updateScreensWithSessionsInternal (https://app-companion-430619.appspot.com/assets/util-BcnQOj-A.js:451:94524)
    at async pendingLayoutCall (https://app-companion-430619.appspot.com/assets/util-BcnQOj-A.js:451:95822)
    at async https://app-companion-430619.appspot.com/assets/util-BcnQOj-A.js:451:96045 @ https://app-companion-430619.appspot.com/assets/util-BcnQOj-A.js:177
[ 2236048ms] [ERROR] Error in updateScreensWithSessions: Error: Failed to load image from data URI (…).
    at YG (https://app-companion-430619.appspot.com/assets/util-BcnQOj-A.js:451:38614)
    at async bK (https://app-companion-430619.appspot.com/assets/util-BcnQOj-A.js:451:42901)
    at async PK.collectSessionOutputNodes (https://app-companion-430619.appspot.com/assets/util-BcnQOj-A.js:451:63298)
    at async PK.layoutSession (https://app-companion-430619.appspot.com/assets/util-BcnQOj-A.js:451:64415)
    at async PK.layoutSessionsV2 (https://app-companion-430619.appspot.com/assets/util-BcnQOj-A.js:451:65372)
    at async Object.updateScreensWithSessionsInternal (https://app-companion-430619.appspot.com/assets/util-BcnQOj-A.js:451:94524)
    at async pendingLayoutCall (https://app-companion-430619.appspot.com/assets/util-BcnQOj-A.js:451:95822)
    at async https://app-companion-430619.appspot.com/assets/util-BcnQOj-A.js:451:96045 @ https://app-companion-430619.appspot.com/assets/util-BcnQOj-A.js:177
[ 2236830ms] [ERROR] Error in updateScreensWithSessions: Error: Failed to load image from data URI (…).
    at YG (https://app-companion-430619.appspot.com/assets/util-BcnQOj-A.js:451:38614)
    at async bK (https://app-companion-430619.appspot.com/assets/util-BcnQOj-A.js:451:42901)
    at async PK.collectSessionOutputNodes (https://app-companion-430619.appspot.com/assets/util-BcnQOj-A.js:451:63298)
    at async PK.layoutSession (https://app-companion-430619.appspot.com/assets/util-BcnQOj-A.js:451:64415)
    at async PK.layoutSessionsV2 (https://app-companion-430619.appspot.com/assets/util-BcnQOj-A.js:451:65372)
    at async Object.updateScreensWithSessionsInternal (https://app-companion-430619.appspot.com/assets/util-BcnQOj-A.js:451:94524)
    at async pendingLayoutCall (https://app-companion-430619.appspot.com/assets/util-BcnQOj-A.js:451:95822)
    at async https://app-companion-430619.appspot.com/assets/util-BcnQOj-A.js:451:96045 @ https://app-companion-430619.appspot.com/assets/util-BcnQOj-A.js:177
[ 2238771ms] [ERROR] Error in updateScreensWithSessions: Error: Failed to load image from data URI (…).
    at YG (https://app-companion-430619.appspot.com/assets/util-BcnQOj-A.js:451:38614)
    at async bK (https://app-companion-430619.appspot.com/assets/util-BcnQOj-A.js:451:42901)
    at async PK.collectSessionOutputNodes (https://app-companion-430619.appspot.com/assets/util-BcnQOj-A.js:451:63298)
    at async PK.layoutSession (https://app-companion-430619.appspot.com/assets/util-BcnQOj-A.js:451:64415)
    at async PK.layoutSessionsV2 (https://app-companion-430619.appspot.com/assets/util-BcnQOj-A.js:451:65372)
    at async Object.updateScreensWithSessionsInternal (https://app-companion-430619.appspot.com/assets/util-BcnQOj-A.js:451:94524)
    at async pendingLayoutCall (https://app-companion-430619.appspot.com/assets/util-BcnQOj-A.js:451:95822)
    at async https://app-companion-430619.appspot.com/assets/util-BcnQOj-A.js:451:96045 @ https://app-companion-430619.appspot.com/assets/util-BcnQOj-A.js:177
[ 2244771ms] [ERROR] Error in updateScreensWithSessions: Error: Failed to load image from data URI (…).
    at YG (https://app-companion-430619.appspot.com/assets/util-BcnQOj-A.js:451:38614)
    at async bK (https://app-companion-430619.appspot.com/assets/util-BcnQOj-A.js:451:42901)
    at async PK.collectSessionOutputNodes (https://app-companion-430619.appspot.com/assets/util-BcnQOj-A.js:451:63298)
    at async PK.layoutSession (https://app-companion-430619.appspot.com/assets/util-BcnQOj-A.js:451:64415)
    at async PK.layoutSessionsV2 (https://app-companion-430619.appspot.com/assets/util-BcnQOj-A.js:451:65372)
    at async Object.updateScreensWithSessionsInternal (https://app-companion-430619.appspot.com/assets/util-BcnQOj-A.js:451:94524)
    at async pendingLayoutCall (https://app-companion-430619.appspot.com/assets/util-BcnQOj-A.js:451:95822)
    at async https://app-companion-430619.appspot.com/assets/util-BcnQOj-A.js:451:96045 @ https://app-companion-430619.appspot.com/assets/util-BcnQOj-A.js:177
[ 2245529ms] [ERROR] Error in updateScreensWithSessions: Error: Failed to load image from data URI (…).
    at YG (https://app-companion-430619.appspot.com/assets/util-BcnQOj-A.js:451:38614)
    at async bK (https://app-companion-430619.appspot.com/assets/util-BcnQOj-A.js:451:42901)
    at async PK.collectSessionOutputNodes (https://app-companion-430619.appspot.com/assets/util-BcnQOj-A.js:451:63298)
    at async PK.layoutSession (https://app-companion-430619.appspot.com/assets/util-BcnQOj-A.js:451:64415)
    at async PK.layoutSessionsV2 (https://app-companion-430619.appspot.com/assets/util-BcnQOj-A.js:451:65372)
    at async Object.updateScreensWithSessionsInternal (https://app-companion-430619.appspot.com/assets/util-BcnQOj-A.js:451:94524)
    at async pendingLayoutCall (https://app-companion-430619.appspot.com/assets/util-BcnQOj-A.js:451:95822)
    at async https://app-companion-430619.appspot.com/assets/util-BcnQOj-A.js:451:96045 @ https://app-companion-430619.appspot.com/assets/util-BcnQOj-A.js:177
[ 2251159ms] [ERROR] Error in updateScreensWithSessions: Error: Failed to load image from data URI (…).
    at YG (https://app-companion-430619.appspot.com/assets/util-BcnQOj-A.js:451:38614)
    at async bK (https://app-companion-430619.appspot.com/assets/util-BcnQOj-A.js:451:42901)
    at async PK.collectSessionOutputNodes (https://app-companion-430619.appspot.com/assets/util-BcnQOj-A.js:451:63298)
    at async PK.layoutSession (https://app-companion-430619.appspot.com/assets/util-BcnQOj-A.js:451:64415)
    at async PK.layoutSessionsV2 (https://app-companion-430619.appspot.com/assets/util-BcnQOj-A.js:451:65372)
    at async Object.updateScreensWithSessionsInternal (https://app-companion-430619.appspot.com/assets/util-BcnQOj-A.js:451:94524)
    at async pendingLayoutCall (https://app-companion-430619.appspot.com/assets/util-BcnQOj-A.js:451:95822)
    at async https://app-companion-430619.appspot.com/assets/util-BcnQOj-A.js:451:96045 @ https://app-companion-430619.appspot.com/assets/util-BcnQOj-A.js:177
[ 2251497ms] [ERROR] Error in updateScreensWithSessions: Error: Failed to load image from data URI (…).
    at YG (https://app-companion-430619.appspot.com/assets/util-BcnQOj-A.js:451:38614)
    at async bK (https://app-companion-430619.appspot.com/assets/util-BcnQOj-A.js:451:42901)
    at async PK.collectSessionOutputNodes (https://app-companion-430619.appspot.com/assets/util-BcnQOj-A.js:451:63298)
    at async PK.layoutSession (https://app-companion-430619.appspot.com/assets/util-BcnQOj-A.js:451:64415)
    at async PK.layoutSessionsV2 (https://app-companion-430619.appspot.com/assets/util-BcnQOj-A.js:451:65372)
    at async Object.updateScreensWithSessionsInternal (https://app-companion-430619.appspot.com/assets/util-BcnQOj-A.js:451:94524)
    at async pendingLayoutCall (https://app-companion-430619.appspot.com/assets/util-BcnQOj-A.js:451:95822)
    at async https://app-companion-430619.appspot.com/assets/util-BcnQOj-A.js:451:96045 @ https://app-companion-430619.appspot.com/assets/util-BcnQOj-A.js:177
[ 2252873ms] [ERROR] Error in updateScreensWithSessions: Error: Failed to load image from data URI (…).
    at YG (https://app-companion-430619.appspot.com/assets/util-BcnQOj-A.js:451:38614)
    at async bK (https://app-companion-430619.appspot.com/assets/util-BcnQOj-A.js:451:42901)
    at async PK.collectSessionOutputNodes (https://app-companion-430619.appspot.com/assets/util-BcnQOj-A.js:451:63298)
    at async PK.layoutSession (https://app-companion-430619.appspot.com/assets/util-BcnQOj-A.js:451:64415)
    at async PK.layoutSessionsV2 (https://app-companion-430619.appspot.com/assets/util-BcnQOj-A.js:451:65372)
    at async Object.updateScreensWithSessionsInternal (https://app-companion-430619.appspot.com/assets/util-BcnQOj-A.js:451:94524)
    at async pendingLayoutCall (https://app-companion-430619.appspot.com/assets/util-BcnQOj-A.js:451:95822)
    at async https://app-companion-430619.appspot.com/assets/util-BcnQOj-A.js:451:96045 @ https://app-companion-430619.appspot.com/assets/util-BcnQOj-A.js:177
[ 2650548ms] [ERROR] Error in updateScreensWithSessions: Error: Failed to load image from data URI (…).
    at YG (https://app-companion-430619.appspot.com/assets/util-BcnQOj-A.js:451:38614)
    at async bK (https://app-companion-430619.appspot.com/assets/util-BcnQOj-A.js:451:42901)
    at async PK.collectSessionOutputNodes (https://app-companion-430619.appspot.com/assets/util-BcnQOj-A.js:451:63298)
    at async PK.layoutSession (https://app-companion-430619.appspot.com/assets/util-BcnQOj-A.js:451:64415)
    at async PK.layoutSessionsV2 (https://app-companion-430619.appspot.com/assets/util-BcnQOj-A.js:451:65372)
    at async Object.updateScreensWithSessionsInternal (https://app-companion-430619.appspot.com/assets/util-BcnQOj-A.js:451:94524)
    at async pendingLayoutCall (https://app-companion-430619.appspot.com/assets/util-BcnQOj-A.js:451:95822)
    at async https://app-companion-430619.appspot.com/assets/util-BcnQOj-A.js:451:96045 @ https://app-companion-430619.appspot.com/assets/util-BcnQOj-A.js:177
[ 2707820ms] [ERROR] Error in updateScreensWithSessions: Error: Failed to load image from data URI (…).
    at YG (https://app-companion-430619.appspot.com/assets/util-BcnQOj-A.js:451:38614)
    at async bK (https://app-companion-430619.appspot.com/assets/util-BcnQOj-A.js:451:42901)
    at async PK.collectSessionOutputNodes (https://app-companion-430619.appspot.com/assets/util-BcnQOj-A.js:451:63298)
    at async PK.layoutSession (https://app-companion-430619.appspot.com/assets/util-BcnQOj-A.js:451:64415)
    at async PK.layoutSessionsV2 (https://app-companion-430619.appspot.com/assets/util-BcnQOj-A.js:451:65372)
    at async Object.updateScreensWithSessionsInternal (https://app-companion-430619.appspot.com/assets/util-BcnQOj-A.js:451:94524)
    at async pendingLayoutCall (https://app-companion-430619.appspot.com/assets/util-BcnQOj-A.js:451:95822)
    at async https://app-companion-430619.appspot.com/assets/util-BcnQOj-A.js:451:96045 @ https://app-companion-430619.appspot.com/assets/util-BcnQOj-A.js:177
[ 2708386ms] [WARNING] cdn.tailwindcss.com should not be used in production. To use Tailwind CSS in production, install it as a PostCSS plugin or use the Tailwind CLI: https://tailwindcss.com/docs/installation @ https://cdn.tailwindcss.com/?plugins=forms,container-queries:63
[ 2708414ms] [WARNING] cdn.tailwindcss.com should not be used in production. To use Tailwind CSS in production, install it as a PostCSS plugin or use the Tailwind CLI: https://tailwindcss.com/docs/installation @ https://cdn.tailwindcss.com/?plugins=forms,container-queries:63
[ 2708422ms] [WARNING] cdn.tailwindcss.com should not be used in production. To use Tailwind CSS in production, install it as a PostCSS plugin or use the Tailwind CLI: https://tailwindcss.com/docs/installation @ https://cdn.tailwindcss.com/?plugins=forms,container-queries:63
[ 2708431ms] [WARNING] cdn.tailwindcss.com should not be used in production. To use Tailwind CSS in production, install it as a PostCSS plugin or use the Tailwind CLI: https://tailwindcss.com/docs/installation @ https://cdn.tailwindcss.com/?plugins=forms,container-queries:63
[ 2708438ms] [WARNING] cdn.tailwindcss.com should not be used in production. To use Tailwind CSS in production, install it as a PostCSS plugin or use the Tailwind CLI: https://tailwindcss.com/docs/installation @ https://cdn.tailwindcss.com/?plugins=forms,container-queries:63
[ 2708678ms] [WARNING] cdn.tailwindcss.com should not be used in production. To use Tailwind CSS in production, install it as a PostCSS plugin or use the Tailwind CLI: https://tailwindcss.com/docs/installation @ https://cdn.tailwindcss.com/?plugins=forms,container-queries:63
[ 2711600ms] [WARNING] cdn.tailwindcss.com should not be used in production. To use Tailwind CSS in production, install it as a PostCSS plugin or use the Tailwind CLI: https://tailwindcss.com/docs/installation @ https://cdn.tailwindcss.com/?plugins=forms,container-queries:63
[ 2711626ms] [WARNING] cdn.tailwindcss.com should not be used in production. To use Tailwind CSS in production, install it as a PostCSS plugin or use the Tailwind CLI: https://tailwindcss.com/docs/installation @ https://cdn.tailwindcss.com/?plugins=forms,container-queries:63
[ 2711909ms] [WARNING] cdn.tailwindcss.com should not be used in production. To use Tailwind CSS in production, install it as a PostCSS plugin or use the Tailwind CLI: https://tailwindcss.com/docs/installation @ https://cdn.tailwindcss.com/?plugins=forms,container-queries:63
[ 2712116ms] [WARNING] cdn.tailwindcss.com should not be used in production. To use Tailwind CSS in production, install it as a PostCSS plugin or use the Tailwind CLI: https://tailwindcss.com/docs/installation @ https://cdn.tailwindcss.com/?plugins=forms,container-queries:63
[ 2712442ms] [WARNING] cdn.tailwindcss.com should not be used in production. To use Tailwind CSS in production, install it as a PostCSS plugin or use the Tailwind CLI: https://tailwindcss.com/docs/installation @ https://cdn.tailwindcss.com/?plugins=forms,container-queries:63
[ 2712987ms] [WARNING] cdn.tailwindcss.com should not be used in production. To use Tailwind CSS in production, install it as a PostCSS plugin or use the Tailwind CLI: https://tailwindcss.com/docs/installation @ https://cdn.tailwindcss.com/?plugins=forms,container-queries:63
[ 2713053ms] [WARNING] cdn.tailwindcss.com should not be used in production. To use Tailwind CSS in production, install it as a PostCSS plugin or use the Tailwind CLI: https://tailwindcss.com/docs/installation @ https://cdn.tailwindcss.com/?plugins=forms,container-queries:63
[ 2713620ms] [WARNING] cdn.tailwindcss.com should not be used in production. To use Tailwind CSS in production, install it as a PostCSS plugin or use the Tailwind CLI: https://tailwindcss.com/docs/installation @ https://cdn.tailwindcss.com/?plugins=forms,container-queries:63
[ 2714462ms] [WARNING] cdn.tailwindcss.com should not be used in production. To use Tailwind CSS in production, install it as a PostCSS plugin or use the Tailwind CLI: https://tailwindcss.com/docs/installation @ https://cdn.tailwindcss.com/?plugins=forms,container-queries:63
[ 2715030ms] [WARNING] cdn.tailwindcss.com should not be used in production. To use Tailwind CSS in production, install it as a PostCSS plugin or use the Tailwind CLI: https://tailwindcss.com/docs/installation @ https://cdn.tailwindcss.com/?plugins=forms,container-queries:63
[ 2715622ms] [WARNING] cdn.tailwindcss.com should not be used in production. To use Tailwind CSS in production, install it as a PostCSS plugin or use the Tailwind CLI: https://tailwindcss.com/docs/installation @ https://cdn.tailwindcss.com/?plugins=forms,container-queries:63
[ 2715666ms] [WARNING] cdn.tailwindcss.com should not be used in production. To use Tailwind CSS in production, install it as a PostCSS plugin or use the Tailwind CLI: https://tailwindcss.com/docs/installation @ https://cdn.tailwindcss.com/?plugins=forms,container-queries:63
[ 2715784ms] [WARNING] cdn.tailwindcss.com should not be used in production. To use Tailwind CSS in production, install it as a PostCSS plugin or use the Tailwind CLI: https://tailwindcss.com/docs/installation @ https://cdn.tailwindcss.com/?plugins=forms,container-queries:63
[ 2716076ms] [WARNING] cdn.tailwindcss.com should not be used in production. To use Tailwind CSS in production, install it as a PostCSS plugin or use the Tailwind CLI: https://tailwindcss.com/docs/installation @ https://cdn.tailwindcss.com/?plugins=forms,container-queries:63
[ 2716141ms] [WARNING] cdn.tailwindcss.com should not be used in production. To use Tailwind CSS in production, install it as a PostCSS plugin or use the Tailwind CLI: https://tailwindcss.com/docs/installation @ https://cdn.tailwindcss.com/?plugins=forms,container-queries:63
[ 2716163ms] [WARNING] cdn.tailwindcss.com should not be used in production. To use Tailwind CSS in production, install it as a PostCSS plugin or use the Tailwind CLI: https://tailwindcss.com/docs/installation @ https://cdn.tailwindcss.com/?plugins=forms,container-queries:63
[ 2716455ms] [WARNING] cdn.tailwindcss.com should not be used in production. To use Tailwind CSS in production, install it as a PostCSS plugin or use the Tailwind CLI: https://tailwindcss.com/docs/installation @ https://cdn.tailwindcss.com/?plugins=forms,container-queries:63
[ 2716650ms] [WARNING] cdn.tailwindcss.com should not be used in production. To use Tailwind CSS in production, install it as a PostCSS plugin or use the Tailwind CLI: https://tailwindcss.com/docs/installation @ https://cdn.tailwindcss.com/?plugins=forms,container-queries:63
[ 2717141ms] [WARNING] cdn.tailwindcss.com should not be used in production. To use Tailwind CSS in production, install it as a PostCSS plugin or use the Tailwind CLI: https://tailwindcss.com/docs/installation @ https://cdn.tailwindcss.com/?plugins=forms,container-queries:63
[ 2717304ms] [WARNING] cdn.tailwindcss.com should not be used in production. To use Tailwind CSS in production, install it as a PostCSS plugin or use the Tailwind CLI: https://tailwindcss.com/docs/installation @ https://cdn.tailwindcss.com/?plugins=forms,container-queries:63
[ 2717571ms] [WARNING] cdn.tailwindcss.com should not be used in production. To use Tailwind CSS in production, install it as a PostCSS plugin or use the Tailwind CLI: https://tailwindcss.com/docs/installation @ https://cdn.tailwindcss.com/?plugins=forms,container-queries:63
[ 2717864ms] [WARNING] cdn.tailwindcss.com should not be used in production. To use Tailwind CSS in production, install it as a PostCSS plugin or use the Tailwind CLI: https://tailwindcss.com/docs/installation @ https://cdn.tailwindcss.com/?plugins=forms,container-queries:63
[ 2717869ms] [WARNING] cdn.tailwindcss.com should not be used in production. To use Tailwind CSS in production, install it as a PostCSS plugin or use the Tailwind CLI: https://tailwindcss.com/docs/installation @ https://cdn.tailwindcss.com/?plugins=forms,container-queries:63
[ 2717913ms] [WARNING] cdn.tailwindcss.com should not be used in production. To use Tailwind CSS in production, install it as a PostCSS plugin or use the Tailwind CLI: https://tailwindcss.com/docs/installation @ https://cdn.tailwindcss.com/?plugins=forms,container-queries:63
[ 2718352ms] [WARNING] cdn.tailwindcss.com should not be used in production. To use Tailwind CSS in production, install it as a PostCSS plugin or use the Tailwind CLI: https://tailwindcss.com/docs/installation @ https://cdn.tailwindcss.com/?plugins=forms,container-queries:63
[ 2858263ms] [WARNING] cdn.tailwindcss.com should not be used in production. To use Tailwind CSS in production, install it as a PostCSS plugin or use the Tailwind CLI: https://tailwindcss.com/docs/installation @ https://cdn.tailwindcss.com/?plugins=forms,container-queries:63
[ 2858293ms] [WARNING] cdn.tailwindcss.com should not be used in production. To use Tailwind CSS in production, install it as a PostCSS plugin or use the Tailwind CLI: https://tailwindcss.com/docs/installation @ https://cdn.tailwindcss.com/?plugins=forms,container-queries:63
[ 2858813ms] [WARNING] cdn.tailwindcss.com should not be used in production. To use Tailwind CSS in production, install it as a PostCSS plugin or use the Tailwind CLI: https://tailwindcss.com/docs/installation @ https://cdn.tailwindcss.com/?plugins=forms,container-queries:63
[ 2858826ms] [WARNING] cdn.tailwindcss.com should not be used in production. To use Tailwind CSS in production, install it as a PostCSS plugin or use the Tailwind CLI: https://tailwindcss.com/docs/installation @ https://cdn.tailwindcss.com/?plugins=forms,container-queries:63
[ 2858842ms] [WARNING] cdn.tailwindcss.com should not be used in production. To use Tailwind CSS in production, install it as a PostCSS plugin or use the Tailwind CLI: https://tailwindcss.com/docs/installation @ https://cdn.tailwindcss.com/?plugins=forms,container-queries:63
[ 2859646ms] [WARNING] cdn.tailwindcss.com should not be used in production. To use Tailwind CSS in production, install it as a PostCSS plugin or use the Tailwind CLI: https://tailwindcss.com/docs/installation @ https://cdn.tailwindcss.com/?plugins=forms,container-queries:63
[ 2860454ms] [WARNING] cdn.tailwindcss.com should not be used in production. To use Tailwind CSS in production, install it as a PostCSS plugin or use the Tailwind CLI: https://tailwindcss.com/docs/installation @ https://cdn.tailwindcss.com/?plugins=forms,container-queries:63
[ 2968339ms] [WARNING] cdn.tailwindcss.com should not be used in production. To use Tailwind CSS in production, install it as a PostCSS plugin or use the Tailwind CLI: https://tailwindcss.com/docs/installation @ https://cdn.tailwindcss.com/?plugins=forms,container-queries:63
[ 2969411ms] [WARNING] cdn.tailwindcss.com should not be used in production. To use Tailwind CSS in production, install it as a PostCSS plugin or use the Tailwind CLI: https://tailwindcss.com/docs/installation @ https://cdn.tailwindcss.com/?plugins=forms,container-queries:63
[ 2969514ms] [WARNING] cdn.tailwindcss.com should not be used in production. To use Tailwind CSS in production, install it as a PostCSS plugin or use the Tailwind CLI: https://tailwindcss.com/docs/installation @ https://cdn.tailwindcss.com/?plugins=forms,container-queries:63
[ 2969561ms] [WARNING] cdn.tailwindcss.com should not be used in production. To use Tailwind CSS in production, install it as a PostCSS plugin or use the Tailwind CLI: https://tailwindcss.com/docs/installation @ https://cdn.tailwindcss.com/?plugins=forms,container-queries:63
[ 2970794ms] [WARNING] cdn.tailwindcss.com should not be used in production. To use Tailwind CSS in production, install it as a PostCSS plugin or use the Tailwind CLI: https://tailwindcss.com/docs/installation @ https://cdn.tailwindcss.com/?plugins=forms,container-queries:63
[ 2970893ms] [WARNING] cdn.tailwindcss.com should not be used in production. To use Tailwind CSS in production, install it as a PostCSS plugin or use the Tailwind CLI: https://tailwindcss.com/docs/installation @ https://cdn.tailwindcss.com/?plugins=forms,container-queries:63
[ 2971139ms] [WARNING] cdn.tailwindcss.com should not be used in production. To use Tailwind CSS in production, install it as a PostCSS plugin or use the Tailwind CLI: https://tailwindcss.com/docs/installation @ https://cdn.tailwindcss.com/?plugins=forms,container-queries:63
[ 2971302ms] [WARNING] cdn.tailwindcss.com should not be used in production. To use Tailwind CSS in production, install it as a PostCSS plugin or use the Tailwind CLI: https://tailwindcss.com/docs/installation @ https://cdn.tailwindcss.com/?plugins=forms,container-queries:63
[ 2972533ms] [WARNING] cdn.tailwindcss.com should not be used in production. To use Tailwind CSS in production, install it as a PostCSS plugin or use the Tailwind CLI: https://tailwindcss.com/docs/installation @ https://cdn.tailwindcss.com/?plugins=forms,container-queries:63
[ 2973024ms] [WARNING] cdn.tailwindcss.com should not be used in production. To use Tailwind CSS in production, install it as a PostCSS plugin or use the Tailwind CLI: https://tailwindcss.com/docs/installation @ https://cdn.tailwindcss.com/?plugins=forms,container-queries:63
[ 2975174ms] [WARNING] cdn.tailwindcss.com should not be used in production. To use Tailwind CSS in production, install it as a PostCSS plugin or use the Tailwind CLI: https://tailwindcss.com/docs/installation @ https://cdn.tailwindcss.com/?plugins=forms,container-queries:63
[ 2975369ms] [WARNING] cdn.tailwindcss.com should not be used in production. To use Tailwind CSS in production, install it as a PostCSS plugin or use the Tailwind CLI: https://tailwindcss.com/docs/installation @ https://cdn.tailwindcss.com/?plugins=forms,container-queries:63
[ 2975376ms] [WARNING] cdn.tailwindcss.com should not be used in production. To use Tailwind CSS in production, install it as a PostCSS plugin or use the Tailwind CLI: https://tailwindcss.com/docs/installation @ https://cdn.tailwindcss.com/?plugins=forms,container-queries:63
[ 2976282ms] [WARNING] cdn.tailwindcss.com should not be used in production. To use Tailwind CSS in production, install it as a PostCSS plugin or use the Tailwind CLI: https://tailwindcss.com/docs/installation @ https://cdn.tailwindcss.com/?plugins=forms,container-queries:63
[ 2976293ms] [WARNING] cdn.tailwindcss.com should not be used in production. To use Tailwind CSS in production, install it as a PostCSS plugin or use the Tailwind CLI: https://tailwindcss.com/docs/installation @ https://cdn.tailwindcss.com/?plugins=forms,container-queries:63
[ 2976345ms] [WARNING] cdn.tailwindcss.com should not be used in production. To use Tailwind CSS in production, install it as a PostCSS plugin or use the Tailwind CLI: https://tailwindcss.com/docs/installation @ https://cdn.tailwindcss.com/?plugins=forms,container-queries:63
[ 2976496ms] [WARNING] cdn.tailwindcss.com should not be used in production. To use Tailwind CSS in production, install it as a PostCSS plugin or use the Tailwind CLI: https://tailwindcss.com/docs/installation @ https://cdn.tailwindcss.com/?plugins=forms,container-queries:63
[ 2977702ms] [WARNING] cdn.tailwindcss.com should not be used in production. To use Tailwind CSS in production, install it as a PostCSS plugin or use the Tailwind CLI: https://tailwindcss.com/docs/installation @ https://cdn.tailwindcss.com/?plugins=forms,container-queries:63
[ 2977723ms] [WARNING] cdn.tailwindcss.com should not be used in production. To use Tailwind CSS in production, install it as a PostCSS plugin or use the Tailwind CLI: https://tailwindcss.com/docs/installation @ https://cdn.tailwindcss.com/?plugins=forms,container-queries:63
[ 2979218ms] [WARNING] cdn.tailwindcss.com should not be used in production. To use Tailwind CSS in production, install it as a PostCSS plugin or use the Tailwind CLI: https://tailwindcss.com/docs/installation @ https://cdn.tailwindcss.com/?plugins=forms,container-queries:63
[ 2983670ms] [WARNING] cdn.tailwindcss.com should not be used in production. To use Tailwind CSS in production, install it as a PostCSS plugin or use the Tailwind CLI: https://tailwindcss.com/docs/installation @ https://cdn.tailwindcss.com/?plugins=forms,container-queries:63
[ 2983886ms] [WARNING] cdn.tailwindcss.com should not be used in production. To use Tailwind CSS in production, install it as a PostCSS plugin or use the Tailwind CLI: https://tailwindcss.com/docs/installation @ https://cdn.tailwindcss.com/?plugins=forms,container-queries:63
[ 2984481ms] [WARNING] cdn.tailwindcss.com should not be used in production. To use Tailwind CSS in production, install it as a PostCSS plugin or use the Tailwind CLI: https://tailwindcss.com/docs/installation @ https://cdn.tailwindcss.com/?plugins=forms,container-queries:63
[ 2985021ms] [WARNING] cdn.tailwindcss.com should not be used in production. To use Tailwind CSS in production, install it as a PostCSS plugin or use the Tailwind CLI: https://tailwindcss.com/docs/installation @ https://cdn.tailwindcss.com/?plugins=forms,container-queries:63
[ 2985039ms] [WARNING] cdn.tailwindcss.com should not be used in production. To use Tailwind CSS in production, install it as a PostCSS plugin or use the Tailwind CLI: https://tailwindcss.com/docs/installation @ https://cdn.tailwindcss.com/?plugins=forms,container-queries:63
[ 3300170ms] [ERROR] Error in updateScreensWithSessions: Error: Failed to load image from data URI (…).
    at YG (https://app-companion-430619.appspot.com/assets/util-BcnQOj-A.js:451:38614)
    at async bK (https://app-companion-430619.appspot.com/assets/util-BcnQOj-A.js:451:42901)
    at async PK.collectSessionOutputNodes (https://app-companion-430619.appspot.com/assets/util-BcnQOj-A.js:451:63298)
    at async PK.layoutSession (https://app-companion-430619.appspot.com/assets/util-BcnQOj-A.js:451:64415)
    at async PK.layoutSessionsV2 (https://app-companion-430619.appspot.com/assets/util-BcnQOj-A.js:451:65372)
    at async Object.updateScreensWithSessionsInternal (https://app-companion-430619.appspot.com/assets/util-BcnQOj-A.js:451:94524)
    at async pendingLayoutCall (https://app-companion-430619.appspot.com/assets/util-BcnQOj-A.js:451:95822)
    at async https://app-companion-430619.appspot.com/assets/util-BcnQOj-A.js:451:96045 @ https://app-companion-430619.appspot.com/assets/util-BcnQOj-A.js:177
[ 3300971ms] [WARNING] cdn.tailwindcss.com should not be used in production. To use Tailwind CSS in production, install it as a PostCSS plugin or use the Tailwind CLI: https://tailwindcss.com/docs/installation @ https://cdn.tailwindcss.com/?plugins=forms,container-queries:63
[ 3300987ms] [WARNING] cdn.tailwindcss.com should not be used in production. To use Tailwind CSS in production, install it as a PostCSS plugin or use the Tailwind CLI: https://tailwindcss.com/docs/installation @ https://cdn.tailwindcss.com/?plugins=forms,container-queries:63
[ 3301727ms] [WARNING] cdn.tailwindcss.com should not be used in production. To use Tailwind CSS in production, install it as a PostCSS plugin or use the Tailwind CLI: https://tailwindcss.com/docs/installation @ https://cdn.tailwindcss.com/?plugins=forms,container-queries:63
[ 3301895ms] [WARNING] cdn.tailwindcss.com should not be used in production. To use Tailwind CSS in production, install it as a PostCSS plugin or use the Tailwind CLI: https://tailwindcss.com/docs/installation @ https://cdn.tailwindcss.com/?plugins=forms,container-queries:63
[ 3302019ms] [WARNING] cdn.tailwindcss.com should not be used in production. To use Tailwind CSS in production, install it as a PostCSS plugin or use the Tailwind CLI: https://tailwindcss.com/docs/installation @ https://cdn.tailwindcss.com/?plugins=forms,container-queries:63
[ 3302041ms] [WARNING] cdn.tailwindcss.com should not be used in production. To use Tailwind CSS in production, install it as a PostCSS plugin or use the Tailwind CLI: https://tailwindcss.com/docs/installation @ https://cdn.tailwindcss.com/?plugins=forms,container-queries:63
[ 3310774ms] [WARNING] cdn.tailwindcss.com should not be used in production. To use Tailwind CSS in production, install it as a PostCSS plugin or use the Tailwind CLI: https://tailwindcss.com/docs/installation @ https://cdn.tailwindcss.com/?plugins=forms,container-queries:63
[ 3311141ms] [WARNING] cdn.tailwindcss.com should not be used in production. To use Tailwind CSS in production, install it as a PostCSS plugin or use the Tailwind CLI: https://tailwindcss.com/docs/installation @ https://cdn.tailwindcss.com/?plugins=forms,container-queries:63
[ 3311413ms] [WARNING] cdn.tailwindcss.com should not be used in production. To use Tailwind CSS in production, install it as a PostCSS plugin or use the Tailwind CLI: https://tailwindcss.com/docs/installation @ https://cdn.tailwindcss.com/?plugins=forms,container-queries:63
[ 3311421ms] [WARNING] cdn.tailwindcss.com should not be used in production. To use Tailwind CSS in production, install it as a PostCSS plugin or use the Tailwind CLI: https://tailwindcss.com/docs/installation @ https://cdn.tailwindcss.com/?plugins=forms,container-queries:63
[ 3311435ms] [WARNING] cdn.tailwindcss.com should not be used in production. To use Tailwind CSS in production, install it as a PostCSS plugin or use the Tailwind CLI: https://tailwindcss.com/docs/installation @ https://cdn.tailwindcss.com/?plugins=forms,container-queries:63
[ 3311949ms] [WARNING] cdn.tailwindcss.com should not be used in production. To use Tailwind CSS in production, install it as a PostCSS plugin or use the Tailwind CLI: https://tailwindcss.com/docs/installation @ https://cdn.tailwindcss.com/?plugins=forms,container-queries:63
[ 3312285ms] [WARNING] cdn.tailwindcss.com should not be used in production. To use Tailwind CSS in production, install it as a PostCSS plugin or use the Tailwind CLI: https://tailwindcss.com/docs/installation @ https://cdn.tailwindcss.com/?plugins=forms,container-queries:63
[ 3312301ms] [WARNING] cdn.tailwindcss.com should not be used in production. To use Tailwind CSS in production, install it as a PostCSS plugin or use the Tailwind CLI: https://tailwindcss.com/docs/installation @ https://cdn.tailwindcss.com/?plugins=forms,container-queries:63
[ 3312634ms] [WARNING] cdn.tailwindcss.com should not be used in production. To use Tailwind CSS in production, install it as a PostCSS plugin or use the Tailwind CLI: https://tailwindcss.com/docs/installation @ https://cdn.tailwindcss.com/?plugins=forms,container-queries:63
[ 3313075ms] [WARNING] cdn.tailwindcss.com should not be used in production. To use Tailwind CSS in production, install it as a PostCSS plugin or use the Tailwind CLI: https://tailwindcss.com/docs/installation @ https://cdn.tailwindcss.com/?plugins=forms,container-queries:63
[ 3313083ms] [WARNING] cdn.tailwindcss.com should not be used in production. To use Tailwind CSS in production, install it as a PostCSS plugin or use the Tailwind CLI: https://tailwindcss.com/docs/installation @ https://cdn.tailwindcss.com/?plugins=forms,container-queries:63
[ 3313090ms] [WARNING] cdn.tailwindcss.com should not be used in production. To use Tailwind CSS in production, install it as a PostCSS plugin or use the Tailwind CLI: https://tailwindcss.com/docs/installation @ https://cdn.tailwindcss.com/?plugins=forms,container-queries:63
[ 3313097ms] [WARNING] cdn.tailwindcss.com should not be used in production. To use Tailwind CSS in production, install it as a PostCSS plugin or use the Tailwind CLI: https://tailwindcss.com/docs/installation @ https://cdn.tailwindcss.com/?plugins=forms,container-queries:63
[ 3313104ms] [WARNING] cdn.tailwindcss.com should not be used in production. To use Tailwind CSS in production, install it as a PostCSS plugin or use the Tailwind CLI: https://tailwindcss.com/docs/installation @ https://cdn.tailwindcss.com/?plugins=forms,container-queries:63
[ 3313111ms] [WARNING] cdn.tailwindcss.com should not be used in production. To use Tailwind CSS in production, install it as a PostCSS plugin or use the Tailwind CLI: https://tailwindcss.com/docs/installation @ https://cdn.tailwindcss.com/?plugins=forms,container-queries:63
[ 3316568ms] [WARNING] cdn.tailwindcss.com should not be used in production. To use Tailwind CSS in production, install it as a PostCSS plugin or use the Tailwind CLI: https://tailwindcss.com/docs/installation @ https://cdn.tailwindcss.com/?plugins=forms,container-queries:63
[ 3316978ms] [WARNING] cdn.tailwindcss.com should not be used in production. To use Tailwind CSS in production, install it as a PostCSS plugin or use the Tailwind CLI: https://tailwindcss.com/docs/installation @ https://cdn.tailwindcss.com/?plugins=forms,container-queries:63
[ 3316992ms] [WARNING] cdn.tailwindcss.com should not be used in production. To use Tailwind CSS in production, install it as a PostCSS plugin or use the Tailwind CLI: https://tailwindcss.com/docs/installation @ https://cdn.tailwindcss.com/?plugins=forms,container-queries:63
[ 3317308ms] [WARNING] cdn.tailwindcss.com should not be used in production. To use Tailwind CSS in production, install it as a PostCSS plugin or use the Tailwind CLI: https://tailwindcss.com/docs/installation @ https://cdn.tailwindcss.com/?plugins=forms,container-queries:63
[ 3317314ms] [WARNING] cdn.tailwindcss.com should not be used in production. To use Tailwind CSS in production, install it as a PostCSS plugin or use the Tailwind CLI: https://tailwindcss.com/docs/installation @ https://cdn.tailwindcss.com/?plugins=forms,container-queries:63
[ 3317665ms] [WARNING] cdn.tailwindcss.com should not be used in production. To use Tailwind CSS in production, install it as a PostCSS plugin or use the Tailwind CLI: https://tailwindcss.com/docs/installation @ https://cdn.tailwindcss.com/?plugins=forms,container-queries:63
[ 3317674ms] [WARNING] cdn.tailwindcss.com should not be used in production. To use Tailwind CSS in production, install it as a PostCSS plugin or use the Tailwind CLI: https://tailwindcss.com/docs/installation @ https://cdn.tailwindcss.com/?plugins=forms,container-queries:63
[ 3317683ms] [WARNING] cdn.tailwindcss.com should not be used in production. To use Tailwind CSS in production, install it as a PostCSS plugin or use the Tailwind CLI: https://tailwindcss.com/docs/installation @ https://cdn.tailwindcss.com/?plugins=forms,container-queries:63
[ 3322920ms] [WARNING] cdn.tailwindcss.com should not be used in production. To use Tailwind CSS in production, install it as a PostCSS plugin or use the Tailwind CLI: https://tailwindcss.com/docs/installation @ https://cdn.tailwindcss.com/?plugins=forms,container-queries:63
[ 3794777ms] [WARNING] cdn.tailwindcss.com should not be used in production. To use Tailwind CSS in production, install it as a PostCSS plugin or use the Tailwind CLI: https://tailwindcss.com/docs/installation @ https://cdn.tailwindcss.com/?plugins=forms,container-queries:63
[ 3795186ms] [WARNING] cdn.tailwindcss.com should not be used in production. To use Tailwind CSS in production, install it as a PostCSS plugin or use the Tailwind CLI: https://tailwindcss.com/docs/installation @ https://cdn.tailwindcss.com/?plugins=forms,container-queries:63
[ 3796503ms] [WARNING] cdn.tailwindcss.com should not be used in production. To use Tailwind CSS in production, install it as a PostCSS plugin or use the Tailwind CLI: https://tailwindcss.com/docs/installation @ https://cdn.tailwindcss.com/?plugins=forms,container-queries:63
[ 3796803ms] [WARNING] cdn.tailwindcss.com should not be used in production. To use Tailwind CSS in production, install it as a PostCSS plugin or use the Tailwind CLI: https://tailwindcss.com/docs/installation @ https://cdn.tailwindcss.com/?plugins=forms,container-queries:63
[ 3796814ms] [WARNING] cdn.tailwindcss.com should not be used in production. To use Tailwind CSS in production, install it as a PostCSS plugin or use the Tailwind CLI: https://tailwindcss.com/docs/installation @ https://cdn.tailwindcss.com/?plugins=forms,container-queries:63
[ 3797768ms] [WARNING] cdn.tailwindcss.com should not be used in production. To use Tailwind CSS in production, install it as a PostCSS plugin or use the Tailwind CLI: https://tailwindcss.com/docs/installation @ https://cdn.tailwindcss.com/?plugins=forms,container-queries:63
[ 3797822ms] [WARNING] cdn.tailwindcss.com should not be used in production. To use Tailwind CSS in production, install it as a PostCSS plugin or use the Tailwind CLI: https://tailwindcss.com/docs/installation @ https://cdn.tailwindcss.com/?plugins=forms,container-queries:63
[ 3797829ms] [WARNING] cdn.tailwindcss.com should not be used in production. To use Tailwind CSS in production, install it as a PostCSS plugin or use the Tailwind CLI: https://tailwindcss.com/docs/installation @ https://cdn.tailwindcss.com/?plugins=forms,container-queries:63
[ 3804550ms] [WARNING] cdn.tailwindcss.com should not be used in production. To use Tailwind CSS in production, install it as a PostCSS plugin or use the Tailwind CLI: https://tailwindcss.com/docs/installation @ https://cdn.tailwindcss.com/?plugins=forms,container-queries:63
[ 3804943ms] [WARNING] cdn.tailwindcss.com should not be used in production. To use Tailwind CSS in production, install it as a PostCSS plugin or use the Tailwind CLI: https://tailwindcss.com/docs/installation @ https://cdn.tailwindcss.com/?plugins=forms,container-queries:63
[ 3804981ms] [WARNING] cdn.tailwindcss.com should not be used in production. To use Tailwind CSS in production, install it as a PostCSS plugin or use the Tailwind CLI: https://tailwindcss.com/docs/installation @ https://cdn.tailwindcss.com/?plugins=forms,container-queries:63
[ 3805243ms] [WARNING] cdn.tailwindcss.com should not be used in production. To use Tailwind CSS in production, install it as a PostCSS plugin or use the Tailwind CLI: https://tailwindcss.com/docs/installation @ https://cdn.tailwindcss.com/?plugins=forms,container-queries:63
[ 3805253ms] [WARNING] cdn.tailwindcss.com should not be used in production. To use Tailwind CSS in production, install it as a PostCSS plugin or use the Tailwind CLI: https://tailwindcss.com/docs/installation @ https://cdn.tailwindcss.com/?plugins=forms,container-queries:63
[ 3805263ms] [WARNING] cdn.tailwindcss.com should not be used in production. To use Tailwind CSS in production, install it as a PostCSS plugin or use the Tailwind CLI: https://tailwindcss.com/docs/installation @ https://cdn.tailwindcss.com/?plugins=forms,container-queries:63
[ 3805861ms] [WARNING] cdn.tailwindcss.com should not be used in production. To use Tailwind CSS in production, install it as a PostCSS plugin or use the Tailwind CLI: https://tailwindcss.com/docs/installation @ https://cdn.tailwindcss.com/?plugins=forms,container-queries:63
[ 3806535ms] [WARNING] cdn.tailwindcss.com should not be used in production. To use Tailwind CSS in production, install it as a PostCSS plugin or use the Tailwind CLI: https://tailwindcss.com/docs/installation @ https://cdn.tailwindcss.com/?plugins=forms,container-queries:63
[ 3806564ms] [WARNING] cdn.tailwindcss.com should not be used in production. To use Tailwind CSS in production, install it as a PostCSS plugin or use the Tailwind CLI: https://tailwindcss.com/docs/installation @ https://cdn.tailwindcss.com/?plugins=forms,container-queries:63
[ 3806635ms] [WARNING] cdn.tailwindcss.com should not be used in production. To use Tailwind CSS in production, install it as a PostCSS plugin or use the Tailwind CLI: https://tailwindcss.com/docs/installation @ https://cdn.tailwindcss.com/?plugins=forms,container-queries:63
[ 3809081ms] [WARNING] cdn.tailwindcss.com should not be used in production. To use Tailwind CSS in production, install it as a PostCSS plugin or use the Tailwind CLI: https://tailwindcss.com/docs/installation @ https://cdn.tailwindcss.com/?plugins=forms,container-queries:63
[ 3809315ms] [WARNING] cdn.tailwindcss.com should not be used in production. To use Tailwind CSS in production, install it as a PostCSS plugin or use the Tailwind CLI: https://tailwindcss.com/docs/installation @ https://cdn.tailwindcss.com/?plugins=forms,container-queries:63
[ 3858722ms] [ERROR] Error in updateScreensWithSessions: Error: Failed to load image from data URI (…).
    at YG (https://app-companion-430619.appspot.com/assets/util-BcnQOj-A.js:451:38614)
    at async bK (https://app-companion-430619.appspot.com/assets/util-BcnQOj-A.js:451:42901)
    at async PK.collectSessionOutputNodes (https://app-companion-430619.appspot.com/assets/util-BcnQOj-A.js:451:63298)
    at async PK.layoutSession (https://app-companion-430619.appspot.com/assets/util-BcnQOj-A.js:451:64415)
    at async PK.layoutSessionsV2 (https://app-companion-430619.appspot.com/assets/util-BcnQOj-A.js:451:65372)
    at async Object.updateScreensWithSessionsInternal (https://app-companion-430619.appspot.com/assets/util-BcnQOj-A.js:451:94524)
    at async pendingLayoutCall (https://app-companion-430619.appspot.com/assets/util-BcnQOj-A.js:451:95822)
    at async https://app-companion-430619.appspot.com/assets/util-BcnQOj-A.js:451:96045 @ https://app-companion-430619.appspot.com/assets/util-BcnQOj-A.js:177
[ 3862329ms] [ERROR] Error in updateScreensWithSessions: Error: Failed to load image from data URI (…).
    at YG (https://app-companion-430619.appspot.com/assets/util-BcnQOj-A.js:451:38614)
    at async bK (https://app-companion-430619.appspot.com/assets/util-BcnQOj-A.js:451:42901)
    at async PK.collectSessionOutputNodes (https://app-companion-430619.appspot.com/assets/util-BcnQOj-A.js:451:63298)
    at async PK.layoutSession (https://app-companion-430619.appspot.com/assets/util-BcnQOj-A.js:451:64415)
    at async PK.layoutSessionsV2 (https://app-companion-430619.appspot.com/assets/util-BcnQOj-A.js:451:65372)
    at async Object.updateScreensWithSessionsInternal (https://app-companion-430619.appspot.com/assets/util-BcnQOj-A.js:451:94524)
    at async pendingLayoutCall (https://app-companion-430619.appspot.com/assets/util-BcnQOj-A.js:451:95822)
    at async https://app-companion-430619.appspot.com/assets/util-BcnQOj-A.js:451:96045 @ https://app-companion-430619.appspot.com/assets/util-BcnQOj-A.js:177
[ 3875489ms] [ERROR] Error in updateScreensWithSessions: Error: Failed to load image from data URI (…).
    at YG (https://app-companion-430619.appspot.com/assets/util-BcnQOj-A.js:451:38614)
    at async bK (https://app-companion-430619.appspot.com/assets/util-BcnQOj-A.js:451:42901)
    at async PK.collectSessionOutputNodes (https://app-companion-430619.appspot.com/assets/util-BcnQOj-A.js:451:63298)
    at async PK.layoutSession (https://app-companion-430619.appspot.com/assets/util-BcnQOj-A.js:451:64415)
    at async PK.layoutSessionsV2 (https://app-companion-430619.appspot.com/assets/util-BcnQOj-A.js:451:65372)
    at async Object.updateScreensWithSessionsInternal (https://app-companion-430619.appspot.com/assets/util-BcnQOj-A.js:451:94524)
    at async pendingLayoutCall (https://app-companion-430619.appspot.com/assets/util-BcnQOj-A.js:451:95822)
    at async https://app-companion-430619.appspot.com/assets/util-BcnQOj-A.js:451:96045 @ https://app-companion-430619.appspot.com/assets/util-BcnQOj-A.js:177
[ 3875829ms] [ERROR] Error in updateScreensWithSessions: Error: Failed to load image from data URI (…).
    at YG (https://app-companion-430619.appspot.com/assets/util-BcnQOj-A.js:451:38614)
    at async bK (https://app-companion-430619.appspot.com/assets/util-BcnQOj-A.js:451:42901)
    at async PK.collectSessionOutputNodes (https://app-companion-430619.appspot.com/assets/util-BcnQOj-A.js:451:63298)
    at async PK.layoutSession (https://app-companion-430619.appspot.com/assets/util-BcnQOj-A.js:451:64415)
    at async PK.layoutSessionsV2 (https://app-companion-430619.appspot.com/assets/util-BcnQOj-A.js:451:65372)
    at async Object.updateScreensWithSessionsInternal (https://app-companion-430619.appspot.com/assets/util-BcnQOj-A.js:451:94524)
    at async pendingLayoutCall (https://app-companion-430619.appspot.com/assets/util-BcnQOj-A.js:451:95822)
    at async https://app-companion-430619.appspot.com/assets/util-BcnQOj-A.js:451:96045 @ https://app-companion-430619.appspot.com/assets/util-BcnQOj-A.js:177
[ 3878864ms] [ERROR] Error in updateScreensWithSessions: Error: Failed to load image from data URI (…).
    at YG (https://app-companion-430619.appspot.com/assets/util-BcnQOj-A.js:451:38614)
    at async bK (https://app-companion-430619.appspot.com/assets/util-BcnQOj-A.js:451:42901)
    at async PK.collectSessionOutputNodes (https://app-companion-430619.appspot.com/assets/util-BcnQOj-A.js:451:63298)
    at async PK.layoutSession (https://app-companion-430619.appspot.com/assets/util-BcnQOj-A.js:451:64415)
    at async PK.layoutSessionsV2 (https://app-companion-430619.appspot.com/assets/util-BcnQOj-A.js:451:65372)
    at async Object.updateScreensWithSessionsInternal (https://app-companion-430619.appspot.com/assets/util-BcnQOj-A.js:451:94524)
    at async pendingLayoutCall (https://app-companion-430619.appspot.com/assets/util-BcnQOj-A.js:451:95822)
    at async https://app-companion-430619.appspot.com/assets/util-BcnQOj-A.js:451:96045 @ https://app-companion-430619.appspot.com/assets/util-BcnQOj-A.js:177
[ 3879190ms] [ERROR] Error in updateScreensWithSessions: Error: Failed to load image from data URI (…).
    at YG (https://app-companion-430619.appspot.com/assets/util-BcnQOj-A.js:451:38614)
    at async bK (https://app-companion-430619.appspot.com/assets/util-BcnQOj-A.js:451:42901)
    at async PK.collectSessionOutputNodes (https://app-companion-430619.appspot.com/assets/util-BcnQOj-A.js:451:63298)
    at async PK.layoutSession (https://app-companion-430619.appspot.com/assets/util-BcnQOj-A.js:451:64415)
    at async PK.layoutSessionsV2 (https://app-companion-430619.appspot.com/assets/util-BcnQOj-A.js:451:65372)
    at async Object.updateScreensWithSessionsInternal (https://app-companion-430619.appspot.com/assets/util-BcnQOj-A.js:451:94524)
    at async pendingLayoutCall (https://app-companion-430619.appspot.com/assets/util-BcnQOj-A.js:451:95822)
    at async https://app-companion-430619.appspot.com/assets/util-BcnQOj-A.js:451:96045 @ https://app-companion-430619.appspot.com/assets/util-BcnQOj-A.js:177
[ 3889805ms] [ERROR] Error in updateScreensWithSessions: Error: Failed to load image from data URI (…).
    at YG (https://app-companion-430619.appspot.com/assets/util-BcnQOj-A.js:451:38614)
    at async bK (https://app-companion-430619.appspot.com/assets/util-BcnQOj-A.js:451:42901)
    at async PK.collectSessionOutputNodes (https://app-companion-430619.appspot.com/assets/util-BcnQOj-A.js:451:63298)
    at async PK.layoutSession (https://app-companion-430619.appspot.com/assets/util-BcnQOj-A.js:451:64415)
    at async PK.layoutSessionsV2 (https://app-companion-430619.appspot.com/assets/util-BcnQOj-A.js:451:65372)
    at async Object.updateScreensWithSessionsInternal (https://app-companion-430619.appspot.com/assets/util-BcnQOj-A.js:451:94524)
    at async pendingLayoutCall (https://app-companion-430619.appspot.com/assets/util-BcnQOj-A.js:451:95822)
    at async https://app-companion-430619.appspot.com/assets/util-BcnQOj-A.js:451:96045 @ https://app-companion-430619.appspot.com/assets/util-BcnQOj-A.js:177
[ 3890031ms] [ERROR] Error in updateScreensWithSessions: Error: Failed to load image from data URI (…).
    at YG (https://app-companion-430619.appspot.com/assets/util-BcnQOj-A.js:451:38614)
    at async bK (https://app-companion-430619.appspot.com/assets/util-BcnQOj-A.js:451:42901)
    at async PK.collectSessionOutputNodes (https://app-companion-430619.appspot.com/assets/util-BcnQOj-A.js:451:63298)
    at async PK.layoutSession (https://app-companion-430619.appspot.com/assets/util-BcnQOj-A.js:451:64415)
    at async PK.layoutSessionsV2 (https://app-companion-430619.appspot.com/assets/util-BcnQOj-A.js:451:65372)
    at async Object.updateScreensWithSessionsInternal (https://app-companion-430619.appspot.com/assets/util-BcnQOj-A.js:451:94524)
    at async pendingLayoutCall (https://app-companion-430619.appspot.com/assets/util-BcnQOj-A.js:451:95822)
    at async https://app-companion-430619.appspot.com/assets/util-BcnQOj-A.js:451:96045 @ https://app-companion-430619.appspot.com/assets/util-BcnQOj-A.js:177
[ 3891352ms] [ERROR] Error in updateScreensWithSessions: Error: Failed to load image from data URI (…).
    at YG (https://app-companion-430619.appspot.com/assets/util-BcnQOj-A.js:451:38614)
    at async bK (https://app-companion-430619.appspot.com/assets/util-BcnQOj-A.js:451:42901)
    at async PK.collectSessionOutputNodes (https://app-companion-430619.appspot.com/assets/util-BcnQOj-A.js:451:63298)
    at async PK.layoutSession (https://app-companion-430619.appspot.com/assets/util-BcnQOj-A.js:451:64415)
    at async PK.layoutSessionsV2 (https://app-companion-430619.appspot.com/assets/util-BcnQOj-A.js:451:65372)
    at async Object.updateScreensWithSessionsInternal (https://app-companion-430619.appspot.com/assets/util-BcnQOj-A.js:451:94524)
    at async pendingLayoutCall (https://app-companion-430619.appspot.com/assets/util-BcnQOj-A.js:451:95822)
    at async https://app-companion-430619.appspot.com/assets/util-BcnQOj-A.js:451:96045 @ https://app-companion-430619.appspot.com/assets/util-BcnQOj-A.js:177
[ 3928617ms] [WARNING] cdn.tailwindcss.com should not be used in production. To use Tailwind CSS in production, install it as a PostCSS plugin or use the Tailwind CLI: https://tailwindcss.com/docs/installation @ https://cdn.tailwindcss.com/?plugins=forms,container-queries:63
[ 3959459ms] [ERROR] Error in updateScreensWithSessions: Error: Failed to load image from data URI (…).
    at YG (https://app-companion-430619.appspot.com/assets/util-BcnQOj-A.js:451:38614)
    at async bK (https://app-companion-430619.appspot.com/assets/util-BcnQOj-A.js:451:42901)
    at async PK.collectSessionOutputNodes (https://app-companion-430619.appspot.com/assets/util-BcnQOj-A.js:451:63298)
    at async PK.layoutSession (https://app-companion-430619.appspot.com/assets/util-BcnQOj-A.js:451:64415)
    at async PK.layoutSessionsV2 (https://app-companion-430619.appspot.com/assets/util-BcnQOj-A.js:451:65372)
    at async Object.updateScreensWithSessionsInternal (https://app-companion-430619.appspot.com/assets/util-BcnQOj-A.js:451:94524)
    at async pendingLayoutCall (https://app-companion-430619.appspot.com/assets/util-BcnQOj-A.js:451:95822)
    at async https://app-companion-430619.appspot.com/assets/util-BcnQOj-A.js:451:96045 @ https://app-companion-430619.appspot.com/assets/util-BcnQOj-A.js:177
[ 3963128ms] [ERROR] Error in updateScreensWithSessions: Error: Failed to load image from data URI (…).
    at YG (https://app-companion-430619.appspot.com/assets/util-BcnQOj-A.js:451:38614)
    at async bK (https://app-companion-430619.appspot.com/assets/util-BcnQOj-A.js:451:42901)
    at async PK.collectSessionOutputNodes (https://app-companion-430619.appspot.com/assets/util-BcnQOj-A.js:451:63298)
    at async PK.layoutSession (https://app-companion-430619.appspot.com/assets/util-BcnQOj-A.js:451:64415)
    at async PK.layoutSessionsV2 (https://app-companion-430619.appspot.com/assets/util-BcnQOj-A.js:451:65372)
    at async Object.updateScreensWithSessionsInternal (https://app-companion-430619.appspot.com/assets/util-BcnQOj-A.js:451:94524)
    at async pendingLayoutCall (https://app-companion-430619.appspot.com/assets/util-BcnQOj-A.js:451:95822)
    at async https://app-companion-430619.appspot.com/assets/util-BcnQOj-A.js:451:96045 @ https://app-companion-430619.appspot.com/assets/util-BcnQOj-A.js:177
[ 3987363ms] [ERROR] Error in updateScreensWithSessions: Error: Failed to load image from data URI (…).
    at YG (https://app-companion-430619.appspot.com/assets/util-BcnQOj-A.js:451:38614)
    at async bK (https://app-companion-430619.appspot.com/assets/util-BcnQOj-A.js:451:42901)
    at async PK.collectSessionOutputNodes (https://app-companion-430619.appspot.com/assets/util-BcnQOj-A.js:451:63298)
    at async PK.layoutSession (https://app-companion-430619.appspot.com/assets/util-BcnQOj-A.js:451:64415)
    at async PK.layoutSessionsV2 (https://app-companion-430619.appspot.com/assets/util-BcnQOj-A.js:451:65372)
    at async Object.updateScreensWithSessionsInternal (https://app-companion-430619.appspot.com/assets/util-BcnQOj-A.js:451:94524)
    at async pendingLayoutCall (https://app-companion-430619.appspot.com/assets/util-BcnQOj-A.js:451:95822)
    at async https://app-companion-430619.appspot.com/assets/util-BcnQOj-A.js:451:96045 @ https://app-companion-430619.appspot.com/assets/util-BcnQOj-A.js:177
[ 3987697ms] [ERROR] Error in updateScreensWithSessions: Error: Failed to load image from data URI (…).
    at YG (https://app-companion-430619.appspot.com/assets/util-BcnQOj-A.js:451:38614)
    at async bK (https://app-companion-430619.appspot.com/assets/util-BcnQOj-A.js:451:42901)
    at async PK.collectSessionOutputNodes (https://app-companion-430619.appspot.com/assets/util-BcnQOj-A.js:451:63298)
    at async PK.layoutSession (https://app-companion-430619.appspot.com/assets/util-BcnQOj-A.js:451:64415)
    at async PK.layoutSessionsV2 (https://app-companion-430619.appspot.com/assets/util-BcnQOj-A.js:451:65372)
    at async Object.updateScreensWithSessionsInternal (https://app-companion-430619.appspot.com/assets/util-BcnQOj-A.js:451:94524)
    at async pendingLayoutCall (https://app-companion-430619.appspot.com/assets/util-BcnQOj-A.js:451:95822)
    at async https://app-companion-430619.appspot.com/assets/util-BcnQOj-A.js:451:96045 @ https://app-companion-430619.appspot.com/assets/util-BcnQOj-A.js:177
[ 3989140ms] [ERROR] Error in updateScreensWithSessions: Error: Failed to load image from data URI (…).
    at YG (https://app-companion-430619.appspot.com/assets/util-BcnQOj-A.js:451:38614)
    at async bK (https://app-companion-430619.appspot.com/assets/util-BcnQOj-A.js:451:42901)
    at async PK.collectSessionOutputNodes (https://app-companion-430619.appspot.com/assets/util-BcnQOj-A.js:451:63298)
    at async PK.layoutSession (https://app-companion-430619.appspot.com/assets/util-BcnQOj-A.js:451:64415)
    at async PK.layoutSessionsV2 (https://app-companion-430619.appspot.com/assets/util-BcnQOj-A.js:451:65372)
    at async Object.updateScreensWithSessionsInternal (https://app-companion-430619.appspot.com/assets/util-BcnQOj-A.js:451:94524)
    at async pendingLayoutCall (https://app-companion-430619.appspot.com/assets/util-BcnQOj-A.js:451:95822)
    at async https://app-companion-430619.appspot.com/assets/util-BcnQOj-A.js:451:96045 @ https://app-companion-430619.appspot.com/assets/util-BcnQOj-A.js:177
