[   67551ms] [ERROR] Failed to load resource: the server responded with a status of 413 () @ https://www.google-analytics.com/g/collect?v=2&tid=G-1CD1CPGEYF&gtm=45je67r0h2v9218910579za200zd9218910579&_p=1785214649792&gcd=13l3l3l3l1l1&npa=0&dma=0&_eu=AAAAAAQ&are=1&cid=1122440174.1785020327&frm=0&ngs=1&pscdl=noapi&rcb=9&sr=1536x864&uaa=x86&uab=64&uafvl=Not%253BA%253DBrand%3B8.0.0.0%7CChromium%3B150.0.7871.184%7CGoogle%2520Chrome%3B150.0.7871.184&uam=&uamb=0&uap=Windows&uapv=19.0.0&uaw=0&ul=en-us&tag_exp=115616986~115938466~115938469~118897920~118897930~119527019~119896803&sid=1785214649&sct=2&seg=1&dl=https%3A%2F%2Fstitch.withgoogle.com%2Fprojects%2F15336587370374502141&dt=Stitch%20-%20Projects&_s=6&tfd=67319:0
[   71474ms] [WARNING] cdn.tailwindcss.com should not be used in production. To use Tailwind CSS in production, install it as a PostCSS plugin or use the Tailwind CLI: https://tailwindcss.com/docs/installation @ https://cdn.tailwindcss.com/?plugins=forms,container-queries:63
[   71484ms] [WARNING] cdn.tailwindcss.com should not be used in production. To use Tailwind CSS in production, install it as a PostCSS plugin or use the Tailwind CLI: https://tailwindcss.com/docs/installation @ https://cdn.tailwindcss.com/?plugins=forms,container-queries:63
[   71670ms] [WARNING] cdn.tailwindcss.com should not be used in production. To use Tailwind CSS in production, install it as a PostCSS plugin or use the Tailwind CLI: https://tailwindcss.com/docs/installation @ https://cdn.tailwindcss.com/?plugins=forms,container-queries:63
[   72078ms] [INFO] Slow network is detected. See https://www.chromestatus.com/feature/5636954674692096 for more details. Fallback font will be used while loading: https://fonts.cdnfonts.com/s/118388/Geist-Medium.woff @ about:srcdoc:498
[   72078ms] [INFO] Slow network is detected. See https://www.chromestatus.com/feature/5636954674692096 for more details. Fallback font will be used while loading: https://fonts.cdnfonts.com/s/118388/GeistVF.woff @ about:srcdoc:498
[   72397ms] [WARNING] cdn.tailwindcss.com should not be used in production. To use Tailwind CSS in production, install it as a PostCSS plugin or use the Tailwind CLI: https://tailwindcss.com/docs/installation @ https://cdn.tailwindcss.com/?plugins=forms,container-queries:63
[   72422ms] [WARNING] cdn.tailwindcss.com should not be used in production. To use Tailwind CSS in production, install it as a PostCSS plugin or use the Tailwind CLI: https://tailwindcss.com/docs/installation @ https://cdn.tailwindcss.com/?plugins=forms,container-queries:63
[   72078ms] [INFO] Slow network is detected. See https://www.chromestatus.com/feature/5636954674692096 for more details. Fallback font will be used while loading: https://fonts.cdnfonts.com/s/118388/Geist-Medium.woff @ about:srcdoc:498
[   72078ms] [INFO] Slow network is detected. See https://www.chromestatus.com/feature/5636954674692096 for more details. Fallback font will be used while loading: https://fonts.cdnfonts.com/s/118388/GeistVF.woff @ about:srcdoc:498
[  186892ms] [WARNING] [SSOT] Zero dimensions detected in UPDATE_INSTANCE: {id: ba9eed6d6ee34746a1d356a38a1bfc4e, updates: Object} @ https://app-companion-430619.appspot.com/assets/util-BcnQOj-A.js:450
[   72078ms] [INFO] Slow network is detected. See https://www.chromestatus.com/feature/5636954674692096 for more details. Fallback font will be used while loading: https://fonts.cdnfonts.com/s/118388/Geist-Medium.woff @ about:srcdoc:498
[   72078ms] [INFO] Slow network is detected. See https://www.chromestatus.com/feature/5636954674692096 for more details. Fallback font will be used while loading: https://fonts.cdnfonts.com/s/118388/GeistVF.woff @ about:srcdoc:498
[   72078ms] [INFO] Slow network is detected. See https://www.chromestatus.com/feature/5636954674692096 for more details. Fallback font will be used while loading: https://fonts.cdnfonts.com/s/118388/Geist-Medium.woff @ about:srcdoc:498
[   72078ms] [INFO] Slow network is detected. See https://www.chromestatus.com/feature/5636954674692096 for more details. Fallback font will be used while loading: https://fonts.cdnfonts.com/s/118388/GeistVF.woff @ about:srcdoc:498
[   72078ms] [INFO] Slow network is detected. See https://www.chromestatus.com/feature/5636954674692096 for more details. Fallback font will be used while loading: https://fonts.cdnfonts.com/s/118388/Geist-Medium.woff @ about:srcdoc:498
[   72078ms] [INFO] Slow network is detected. See https://www.chromestatus.com/feature/5636954674692096 for more details. Fallback font will be used while loading: https://fonts.cdnfonts.com/s/118388/GeistVF.woff @ about:srcdoc:498
[   72078ms] [INFO] Slow network is detected. See https://www.chromestatus.com/feature/5636954674692096 for more details. Fallback font will be used while loading: https://fonts.cdnfonts.com/s/118388/Geist-Medium.woff @ about:srcdoc:498
[   72078ms] [INFO] Slow network is detected. See https://www.chromestatus.com/feature/5636954674692096 for more details. Fallback font will be used while loading: https://fonts.cdnfonts.com/s/118388/GeistVF.woff @ about:srcdoc:498
[  187571ms] [WARNING] cdn.tailwindcss.com should not be used in production. To use Tailwind CSS in production, install it as a PostCSS plugin or use the Tailwind CLI: https://tailwindcss.com/docs/installation @ https://cdn.tailwindcss.com/?plugins=forms,container-queries:63
[   72078ms] [INFO] Slow network is detected. See https://www.chromestatus.com/feature/5636954674692096 for more details. Fallback font will be used while loading: https://fonts.cdnfonts.com/s/118388/Geist-Medium.woff @ about:srcdoc:498
[   72078ms] [INFO] Slow network is detected. See https://www.chromestatus.com/feature/5636954674692096 for more details. Fallback font will be used while loading: https://fonts.cdnfonts.com/s/118388/GeistVF.woff @ about:srcdoc:498
[  187701ms] [WARNING] cdn.tailwindcss.com should not be used in production. To use Tailwind CSS in production, install it as a PostCSS plugin or use the Tailwind CLI: https://tailwindcss.com/docs/installation @ https://cdn.tailwindcss.com/?plugins=forms,container-queries:63
[   72078ms] [INFO] Slow network is detected. See https://www.chromestatus.com/feature/5636954674692096 for more details. Fallback font will be used while loading: https://fonts.cdnfonts.com/s/118388/Geist-Medium.woff @ about:srcdoc:498
[   72078ms] [INFO] Slow network is detected. See https://www.chromestatus.com/feature/5636954674692096 for more details. Fallback font will be used while loading: https://fonts.cdnfonts.com/s/118388/GeistVF.woff @ about:srcdoc:498
[  188125ms] [WARNING] cdn.tailwindcss.com should not be used in production. To use Tailwind CSS in production, install it as a PostCSS plugin or use the Tailwind CLI: https://tailwindcss.com/docs/installation @ https://cdn.tailwindcss.com/?plugins=forms,container-queries:63
[  188174ms] [WARNING] cdn.tailwindcss.com should not be used in production. To use Tailwind CSS in production, install it as a PostCSS plugin or use the Tailwind CLI: https://tailwindcss.com/docs/installation @ https://cdn.tailwindcss.com/?plugins=forms,container-queries:63
[   72078ms] [INFO] Slow network is detected. See https://www.chromestatus.com/feature/5636954674692096 for more details. Fallback font will be used while loading: https://fonts.cdnfonts.com/s/118388/Geist-Medium.woff @ about:srcdoc:498
[   72078ms] [INFO] Slow network is detected. See https://www.chromestatus.com/feature/5636954674692096 for more details. Fallback font will be used while loading: https://fonts.cdnfonts.com/s/118388/GeistVF.woff @ about:srcdoc:498
[  188510ms] [WARNING] cdn.tailwindcss.com should not be used in production. To use Tailwind CSS in production, install it as a PostCSS plugin or use the Tailwind CLI: https://tailwindcss.com/docs/installation @ https://cdn.tailwindcss.com/?plugins=forms,container-queries:63
[  188567ms] [WARNING] cdn.tailwindcss.com should not be used in production. To use Tailwind CSS in production, install it as a PostCSS plugin or use the Tailwind CLI: https://tailwindcss.com/docs/installation @ https://cdn.tailwindcss.com/?plugins=forms,container-queries:63
[  188906ms] [WARNING] cdn.tailwindcss.com should not be used in production. To use Tailwind CSS in production, install it as a PostCSS plugin or use the Tailwind CLI: https://tailwindcss.com/docs/installation @ https://cdn.tailwindcss.com/?plugins=forms,container-queries:63
[  189748ms] [WARNING] cdn.tailwindcss.com should not be used in production. To use Tailwind CSS in production, install it as a PostCSS plugin or use the Tailwind CLI: https://tailwindcss.com/docs/installation @ https://cdn.tailwindcss.com/?plugins=forms,container-queries:63
[  228204ms] [WARNING] cdn.tailwindcss.com should not be used in production. To use Tailwind CSS in production, install it as a PostCSS plugin or use the Tailwind CLI: https://tailwindcss.com/docs/installation @ https://cdn.tailwindcss.com/?plugins=forms,container-queries:63
[   72078ms] [INFO] Slow network is detected. See https://www.chromestatus.com/feature/5636954674692096 for more details. Fallback font will be used while loading: https://fonts.cdnfonts.com/s/118388/Geist-Medium.woff @ about:srcdoc:498
[   72078ms] [INFO] Slow network is detected. See https://www.chromestatus.com/feature/5636954674692096 for more details. Fallback font will be used while loading: https://fonts.cdnfonts.com/s/118388/GeistVF.woff @ about:srcdoc:498
[  316718ms] [WARNING] cdn.tailwindcss.com should not be used in production. To use Tailwind CSS in production, install it as a PostCSS plugin or use the Tailwind CLI: https://tailwindcss.com/docs/installation @ https://cdn.tailwindcss.com/?plugins=forms,container-queries:63
[  353049ms] [WARNING] cdn.tailwindcss.com should not be used in production. To use Tailwind CSS in production, install it as a PostCSS plugin or use the Tailwind CLI: https://tailwindcss.com/docs/installation @ https://cdn.tailwindcss.com/?plugins=forms,container-queries:63
[   72078ms] [INFO] Slow network is detected. See https://www.chromestatus.com/feature/5636954674692096 for more details. Fallback font will be used while loading: https://fonts.cdnfonts.com/s/118388/Geist-Medium.woff @ about:srcdoc:498
[   72078ms] [INFO] Slow network is detected. See https://www.chromestatus.com/feature/5636954674692096 for more details. Fallback font will be used while loading: https://fonts.cdnfonts.com/s/118388/GeistVF.woff @ about:srcdoc:498
[  467222ms] [WARNING] [SSOT] Zero dimensions detected in UPDATE_INSTANCE: {id: c9abbab6b06144adb0fc08c344239bcf, updates: Object} @ https://app-companion-430619.appspot.com/assets/util-BcnQOj-A.js:450
[  467264ms] [WARNING] [SSOT] Zero dimensions detected in UPDATE_INSTANCE: {id: c9abbab6b06144adb0fc08c344239bcf, updates: Object} @ https://app-companion-430619.appspot.com/assets/util-BcnQOj-A.js:450
[  468164ms] [WARNING] cdn.tailwindcss.com should not be used in production. To use Tailwind CSS in production, install it as a PostCSS plugin or use the Tailwind CLI: https://tailwindcss.com/docs/installation @ https://cdn.tailwindcss.com/?plugins=forms,container-queries:63
[  508340ms] [WARNING] cdn.tailwindcss.com should not be used in production. To use Tailwind CSS in production, install it as a PostCSS plugin or use the Tailwind CLI: https://tailwindcss.com/docs/installation @ https://cdn.tailwindcss.com/?plugins=forms,container-queries:63
[   72078ms] [INFO] Slow network is detected. See https://www.chromestatus.com/feature/5636954674692096 for more details. Fallback font will be used while loading: https://fonts.cdnfonts.com/s/118388/Geist-Medium.woff @ about:srcdoc:498
[   72078ms] [INFO] Slow network is detected. See https://www.chromestatus.com/feature/5636954674692096 for more details. Fallback font will be used while loading: https://fonts.cdnfonts.com/s/118388/GeistVF.woff @ about:srcdoc:498
[  509571ms] [WARNING] cdn.tailwindcss.com should not be used in production. To use Tailwind CSS in production, install it as a PostCSS plugin or use the Tailwind CLI: https://tailwindcss.com/docs/installation @ https://cdn.tailwindcss.com/?plugins=forms,container-queries:63
[   72078ms] [INFO] Slow network is detected. See https://www.chromestatus.com/feature/5636954674692096 for more details. Fallback font will be used while loading: https://fonts.cdnfonts.com/s/118388/Geist-Medium.woff @ about:srcdoc:498
[   72078ms] [INFO] Slow network is detected. See https://www.chromestatus.com/feature/5636954674692096 for more details. Fallback font will be used while loading: https://fonts.cdnfonts.com/s/118388/GeistVF.woff @ about:srcdoc:498
[  519368ms] [WARNING] [SSOT] Zero dimensions detected in UPDATE_INSTANCE: {id: 3eaa89b098264d548c5a1bd0f9328dba, updates: Object} @ https://app-companion-430619.appspot.com/assets/util-BcnQOj-A.js:450
[  519418ms] [WARNING] [SSOT] Zero dimensions detected in UPDATE_INSTANCE: {id: 3eaa89b098264d548c5a1bd0f9328dba, updates: Object} @ https://app-companion-430619.appspot.com/assets/util-BcnQOj-A.js:450
[  520653ms] [WARNING] cdn.tailwindcss.com should not be used in production. To use Tailwind CSS in production, install it as a PostCSS plugin or use the Tailwind CLI: https://tailwindcss.com/docs/installation @ https://cdn.tailwindcss.com/?plugins=forms,container-queries:63
[   72078ms] [INFO] Slow network is detected. See https://www.chromestatus.com/feature/5636954674692096 for more details. Fallback font will be used while loading: https://fonts.cdnfonts.com/s/118388/Geist-Medium.woff @ about:srcdoc:498
[   72078ms] [INFO] Slow network is detected. See https://www.chromestatus.com/feature/5636954674692096 for more details. Fallback font will be used while loading: https://fonts.cdnfonts.com/s/118388/GeistVF.woff @ about:srcdoc:498
[  529515ms] [WARNING] [SSOT] Zero dimensions detected in UPDATE_INSTANCE: {id: ccc286f86ab14e038f6f00d3e1dd722a, updates: Object} @ https://app-companion-430619.appspot.com/assets/util-BcnQOj-A.js:450
[  529916ms] [WARNING] [SSOT] Zero dimensions detected in UPDATE_INSTANCE: {id: ccc286f86ab14e038f6f00d3e1dd722a, updates: Object} @ https://app-companion-430619.appspot.com/assets/util-BcnQOj-A.js:450
[  530194ms] [WARNING] cdn.tailwindcss.com should not be used in production. To use Tailwind CSS in production, install it as a PostCSS plugin or use the Tailwind CLI: https://tailwindcss.com/docs/installation @ https://cdn.tailwindcss.com/?plugins=forms,container-queries:63
[  540101ms] [WARNING] cdn.tailwindcss.com should not be used in production. To use Tailwind CSS in production, install it as a PostCSS plugin or use the Tailwind CLI: https://tailwindcss.com/docs/installation @ https://cdn.tailwindcss.com/?plugins=forms,container-queries:63
[   72078ms] [INFO] Slow network is detected. See https://www.chromestatus.com/feature/5636954674692096 for more details. Fallback font will be used while loading: https://fonts.cdnfonts.com/s/118388/Geist-Medium.woff @ about:srcdoc:498
[   72078ms] [INFO] Slow network is detected. See https://www.chromestatus.com/feature/5636954674692096 for more details. Fallback font will be used while loading: https://fonts.cdnfonts.com/s/118388/GeistVF.woff @ about:srcdoc:498
[  549919ms] [WARNING] cdn.tailwindcss.com should not be used in production. To use Tailwind CSS in production, install it as a PostCSS plugin or use the Tailwind CLI: https://tailwindcss.com/docs/installation @ https://cdn.tailwindcss.com/?plugins=forms,container-queries:63
[  553270ms] [WARNING] cdn.tailwindcss.com should not be used in production. To use Tailwind CSS in production, install it as a PostCSS plugin or use the Tailwind CLI: https://tailwindcss.com/docs/installation @ https://cdn.tailwindcss.com/?plugins=forms,container-queries:63
[  555469ms] [WARNING] cdn.tailwindcss.com should not be used in production. To use Tailwind CSS in production, install it as a PostCSS plugin or use the Tailwind CLI: https://tailwindcss.com/docs/installation @ https://cdn.tailwindcss.com/?plugins=forms,container-queries:63
[   72078ms] [INFO] Slow network is detected. See https://www.chromestatus.com/feature/5636954674692096 for more details. Fallback font will be used while loading: https://fonts.cdnfonts.com/s/118388/Geist-Medium.woff @ about:srcdoc:498
[   72078ms] [INFO] Slow network is detected. See https://www.chromestatus.com/feature/5636954674692096 for more details. Fallback font will be used while loading: https://fonts.cdnfonts.com/s/118388/GeistVF.woff @ about:srcdoc:498
[  565967ms] [WARNING] cdn.tailwindcss.com should not be used in production. To use Tailwind CSS in production, install it as a PostCSS plugin or use the Tailwind CLI: https://tailwindcss.com/docs/installation @ https://cdn.tailwindcss.com/?plugins=forms,container-queries:63
[  566468ms] [WARNING] cdn.tailwindcss.com should not be used in production. To use Tailwind CSS in production, install it as a PostCSS plugin or use the Tailwind CLI: https://tailwindcss.com/docs/installation @ https://cdn.tailwindcss.com/?plugins=forms,container-queries:63
[  583311ms] [WARNING] cdn.tailwindcss.com should not be used in production. To use Tailwind CSS in production, install it as a PostCSS plugin or use the Tailwind CLI: https://tailwindcss.com/docs/installation @ https://cdn.tailwindcss.com/?plugins=forms,container-queries:63
[   72078ms] [INFO] Slow network is detected. See https://www.chromestatus.com/feature/5636954674692096 for more details. Fallback font will be used while loading: https://fonts.cdnfonts.com/s/118388/Geist-Medium.woff @ about:srcdoc:498
[   72078ms] [INFO] Slow network is detected. See https://www.chromestatus.com/feature/5636954674692096 for more details. Fallback font will be used while loading: https://fonts.cdnfonts.com/s/118388/GeistVF.woff @ about:srcdoc:498
[  590137ms] [WARNING] [SSOT] Zero dimensions detected in UPDATE_INSTANCE: {id: b9a9d5310b7e459e9d8f4cbbb1c20c8c, updates: Object} @ https://app-companion-430619.appspot.com/assets/util-BcnQOj-A.js:450
[  590924ms] [WARNING] cdn.tailwindcss.com should not be used in production. To use Tailwind CSS in production, install it as a PostCSS plugin or use the Tailwind CLI: https://tailwindcss.com/docs/installation @ https://cdn.tailwindcss.com/?plugins=forms,container-queries:63
[   72078ms] [INFO] Slow network is detected. See https://www.chromestatus.com/feature/5636954674692096 for more details. Fallback font will be used while loading: https://fonts.cdnfonts.com/s/118388/Geist-Medium.woff @ about:srcdoc:498
[   72078ms] [INFO] Slow network is detected. See https://www.chromestatus.com/feature/5636954674692096 for more details. Fallback font will be used while loading: https://fonts.cdnfonts.com/s/118388/GeistVF.woff @ about:srcdoc:498
[  605720ms] [WARNING] [SSOT] Zero dimensions detected in UPDATE_INSTANCE: {id: 95401d42349743fd9d62ccb7a174cd64, updates: Object} @ https://app-companion-430619.appspot.com/assets/util-BcnQOj-A.js:450
[  605784ms] [WARNING] [SSOT] Zero dimensions detected in UPDATE_INSTANCE: {id: 95401d42349743fd9d62ccb7a174cd64, updates: Object} @ https://app-companion-430619.appspot.com/assets/util-BcnQOj-A.js:450
[  606295ms] [WARNING] cdn.tailwindcss.com should not be used in production. To use Tailwind CSS in production, install it as a PostCSS plugin or use the Tailwind CLI: https://tailwindcss.com/docs/installation @ https://cdn.tailwindcss.com/?plugins=forms,container-queries:63
[  621678ms] [WARNING] cdn.tailwindcss.com should not be used in production. To use Tailwind CSS in production, install it as a PostCSS plugin or use the Tailwind CLI: https://tailwindcss.com/docs/installation @ https://cdn.tailwindcss.com/?plugins=forms,container-queries:63
[  629208ms] [WARNING] cdn.tailwindcss.com should not be used in production. To use Tailwind CSS in production, install it as a PostCSS plugin or use the Tailwind CLI: https://tailwindcss.com/docs/installation @ https://cdn.tailwindcss.com/?plugins=forms,container-queries:63
[   72078ms] [INFO] Slow network is detected. See https://www.chromestatus.com/feature/5636954674692096 for more details. Fallback font will be used while loading: https://fonts.cdnfonts.com/s/118388/Geist-Medium.woff @ about:srcdoc:498
[   72078ms] [INFO] Slow network is detected. See https://www.chromestatus.com/feature/5636954674692096 for more details. Fallback font will be used while loading: https://fonts.cdnfonts.com/s/118388/GeistVF.woff @ about:srcdoc:498
[  899376ms] [WARNING] cdn.tailwindcss.com should not be used in production. To use Tailwind CSS in production, install it as a PostCSS plugin or use the Tailwind CLI: https://tailwindcss.com/docs/installation @ https://cdn.tailwindcss.com/?plugins=forms,container-queries:63
[   72078ms] [INFO] Slow network is detected. See https://www.chromestatus.com/feature/5636954674692096 for more details. Fallback font will be used while loading: https://fonts.cdnfonts.com/s/118388/Geist-Medium.woff @ about:srcdoc:498
[   72078ms] [INFO] Slow network is detected. See https://www.chromestatus.com/feature/5636954674692096 for more details. Fallback font will be used while loading: https://fonts.cdnfonts.com/s/118388/GeistVF.woff @ about:srcdoc:498
[  938244ms] [WARNING] cdn.tailwindcss.com should not be used in production. To use Tailwind CSS in production, install it as a PostCSS plugin or use the Tailwind CLI: https://tailwindcss.com/docs/installation @ https://cdn.tailwindcss.com/?plugins=forms,container-queries:63
[   72078ms] [INFO] Slow network is detected. See https://www.chromestatus.com/feature/5636954674692096 for more details. Fallback font will be used while loading: https://fonts.cdnfonts.com/s/118388/Geist-Medium.woff @ about:srcdoc:498
[   72078ms] [INFO] Slow network is detected. See https://www.chromestatus.com/feature/5636954674692096 for more details. Fallback font will be used while loading: https://fonts.cdnfonts.com/s/118388/GeistVF.woff @ about:srcdoc:498
[  941897ms] [WARNING] cdn.tailwindcss.com should not be used in production. To use Tailwind CSS in production, install it as a PostCSS plugin or use the Tailwind CLI: https://tailwindcss.com/docs/installation @ https://cdn.tailwindcss.com/?plugins=forms,container-queries:63
[   72078ms] [INFO] Slow network is detected. See https://www.chromestatus.com/feature/5636954674692096 for more details. Fallback font will be used while loading: https://fonts.cdnfonts.com/s/118388/Geist-Medium.woff @ about:srcdoc:498
[   72078ms] [INFO] Slow network is detected. See https://www.chromestatus.com/feature/5636954674692096 for more details. Fallback font will be used while loading: https://fonts.cdnfonts.com/s/118388/GeistVF.woff @ about:srcdoc:498
[  945862ms] [WARNING] cdn.tailwindcss.com should not be used in production. To use Tailwind CSS in production, install it as a PostCSS plugin or use the Tailwind CLI: https://tailwindcss.com/docs/installation @ https://cdn.tailwindcss.com/?plugins=forms,container-queries:63
[   72078ms] [INFO] Slow network is detected. See https://www.chromestatus.com/feature/5636954674692096 for more details. Fallback font will be used while loading: https://fonts.cdnfonts.com/s/118388/Geist-Medium.woff @ about:srcdoc:498
[   72078ms] [INFO] Slow network is detected. See https://www.chromestatus.com/feature/5636954674692096 for more details. Fallback font will be used while loading: https://fonts.cdnfonts.com/s/118388/GeistVF.woff @ about:srcdoc:498
[  950133ms] [WARNING] cdn.tailwindcss.com should not be used in production. To use Tailwind CSS in production, install it as a PostCSS plugin or use the Tailwind CLI: https://tailwindcss.com/docs/installation @ https://cdn.tailwindcss.com/?plugins=forms,container-queries:63
[   72078ms] [INFO] Slow network is detected. See https://www.chromestatus.com/feature/5636954674692096 for more details. Fallback font will be used while loading: https://fonts.cdnfonts.com/s/118388/Geist-Medium.woff @ about:srcdoc:498
[   72078ms] [INFO] Slow network is detected. See https://www.chromestatus.com/feature/5636954674692096 for more details. Fallback font will be used while loading: https://fonts.cdnfonts.com/s/118388/GeistVF.woff @ about:srcdoc:498
[  953952ms] [WARNING] cdn.tailwindcss.com should not be used in production. To use Tailwind CSS in production, install it as a PostCSS plugin or use the Tailwind CLI: https://tailwindcss.com/docs/installation @ https://cdn.tailwindcss.com/?plugins=forms,container-queries:63
[   72078ms] [INFO] Slow network is detected. See https://www.chromestatus.com/feature/5636954674692096 for more details. Fallback font will be used while loading: https://fonts.cdnfonts.com/s/118388/Geist-Medium.woff @ about:srcdoc:498
[   72078ms] [INFO] Slow network is detected. See https://www.chromestatus.com/feature/5636954674692096 for more details. Fallback font will be used while loading: https://fonts.cdnfonts.com/s/118388/GeistVF.woff @ about:srcdoc:498
[  957231ms] [WARNING] cdn.tailwindcss.com should not be used in production. To use Tailwind CSS in production, install it as a PostCSS plugin or use the Tailwind CLI: https://tailwindcss.com/docs/installation @ https://cdn.tailwindcss.com/?plugins=forms,container-queries:63
[   72078ms] [INFO] Slow network is detected. See https://www.chromestatus.com/feature/5636954674692096 for more details. Fallback font will be used while loading: https://fonts.cdnfonts.com/s/118388/Geist-Medium.woff @ about:srcdoc:498
[   72078ms] [INFO] Slow network is detected. See https://www.chromestatus.com/feature/5636954674692096 for more details. Fallback font will be used while loading: https://fonts.cdnfonts.com/s/118388/GeistVF.woff @ about:srcdoc:498
[  961440ms] [WARNING] cdn.tailwindcss.com should not be used in production. To use Tailwind CSS in production, install it as a PostCSS plugin or use the Tailwind CLI: https://tailwindcss.com/docs/installation @ https://cdn.tailwindcss.com/?plugins=forms,container-queries:63
[   72078ms] [INFO] Slow network is detected. See https://www.chromestatus.com/feature/5636954674692096 for more details. Fallback font will be used while loading: https://fonts.cdnfonts.com/s/118388/Geist-Medium.woff @ about:srcdoc:498
[   72078ms] [INFO] Slow network is detected. See https://www.chromestatus.com/feature/5636954674692096 for more details. Fallback font will be used while loading: https://fonts.cdnfonts.com/s/118388/GeistVF.woff @ about:srcdoc:498
[  966449ms] [WARNING] cdn.tailwindcss.com should not be used in production. To use Tailwind CSS in production, install it as a PostCSS plugin or use the Tailwind CLI: https://tailwindcss.com/docs/installation @ https://cdn.tailwindcss.com/?plugins=forms,container-queries:63
[   72078ms] [INFO] Slow network is detected. See https://www.chromestatus.com/feature/5636954674692096 for more details. Fallback font will be used while loading: https://fonts.cdnfonts.com/s/118388/Geist-Medium.woff @ about:srcdoc:498
[   72078ms] [INFO] Slow network is detected. See https://www.chromestatus.com/feature/5636954674692096 for more details. Fallback font will be used while loading: https://fonts.cdnfonts.com/s/118388/GeistVF.woff @ about:srcdoc:498
[  970439ms] [WARNING] cdn.tailwindcss.com should not be used in production. To use Tailwind CSS in production, install it as a PostCSS plugin or use the Tailwind CLI: https://tailwindcss.com/docs/installation @ https://cdn.tailwindcss.com/?plugins=forms,container-queries:63
[   72078ms] [INFO] Slow network is detected. See https://www.chromestatus.com/feature/5636954674692096 for more details. Fallback font will be used while loading: https://fonts.cdnfonts.com/s/118388/Geist-Medium.woff @ about:srcdoc:498
[   72078ms] [INFO] Slow network is detected. See https://www.chromestatus.com/feature/5636954674692096 for more details. Fallback font will be used while loading: https://fonts.cdnfonts.com/s/118388/GeistVF.woff @ about:srcdoc:498
[  973742ms] [WARNING] cdn.tailwindcss.com should not be used in production. To use Tailwind CSS in production, install it as a PostCSS plugin or use the Tailwind CLI: https://tailwindcss.com/docs/installation @ https://cdn.tailwindcss.com/?plugins=forms,container-queries:63
[   72078ms] [INFO] Slow network is detected. See https://www.chromestatus.com/feature/5636954674692096 for more details. Fallback font will be used while loading: https://fonts.cdnfonts.com/s/118388/Geist-Medium.woff @ about:srcdoc:498
[   72078ms] [INFO] Slow network is detected. See https://www.chromestatus.com/feature/5636954674692096 for more details. Fallback font will be used while loading: https://fonts.cdnfonts.com/s/118388/GeistVF.woff @ about:srcdoc:498
[  975977ms] [WARNING] cdn.tailwindcss.com should not be used in production. To use Tailwind CSS in production, install it as a PostCSS plugin or use the Tailwind CLI: https://tailwindcss.com/docs/installation @ https://cdn.tailwindcss.com/?plugins=forms,container-queries:63
[   72078ms] [INFO] Slow network is detected. See https://www.chromestatus.com/feature/5636954674692096 for more details. Fallback font will be used while loading: https://fonts.cdnfonts.com/s/118388/Geist-Medium.woff @ about:srcdoc:498
[   72078ms] [INFO] Slow network is detected. See https://www.chromestatus.com/feature/5636954674692096 for more details. Fallback font will be used while loading: https://fonts.cdnfonts.com/s/118388/GeistVF.woff @ about:srcdoc:498
[  977243ms] [WARNING] cdn.tailwindcss.com should not be used in production. To use Tailwind CSS in production, install it as a PostCSS plugin or use the Tailwind CLI: https://tailwindcss.com/docs/installation @ https://cdn.tailwindcss.com/?plugins=forms,container-queries:63
[   72078ms] [INFO] Slow network is detected. See https://www.chromestatus.com/feature/5636954674692096 for more details. Fallback font will be used while loading: https://fonts.cdnfonts.com/s/118388/Geist-Medium.woff @ about:srcdoc:498
[   72078ms] [INFO] Slow network is detected. See https://www.chromestatus.com/feature/5636954674692096 for more details. Fallback font will be used while loading: https://fonts.cdnfonts.com/s/118388/GeistVF.woff @ about:srcdoc:498
[  985311ms] [WARNING] cdn.tailwindcss.com should not be used in production. To use Tailwind CSS in production, install it as a PostCSS plugin or use the Tailwind CLI: https://tailwindcss.com/docs/installation @ https://cdn.tailwindcss.com/?plugins=forms,container-queries:63
[   72078ms] [INFO] Slow network is detected. See https://www.chromestatus.com/feature/5636954674692096 for more details. Fallback font will be used while loading: https://fonts.cdnfonts.com/s/118388/Geist-Medium.woff @ about:srcdoc:498
[   72078ms] [INFO] Slow network is detected. See https://www.chromestatus.com/feature/5636954674692096 for more details. Fallback font will be used while loading: https://fonts.cdnfonts.com/s/118388/GeistVF.woff @ about:srcdoc:498
[  987209ms] [WARNING] cdn.tailwindcss.com should not be used in production. To use Tailwind CSS in production, install it as a PostCSS plugin or use the Tailwind CLI: https://tailwindcss.com/docs/installation @ https://cdn.tailwindcss.com/?plugins=forms,container-queries:63
[   72078ms] [INFO] Slow network is detected. See https://www.chromestatus.com/feature/5636954674692096 for more details. Fallback font will be used while loading: https://fonts.cdnfonts.com/s/118388/Geist-Medium.woff @ about:srcdoc:498
[   72078ms] [INFO] Slow network is detected. See https://www.chromestatus.com/feature/5636954674692096 for more details. Fallback font will be used while loading: https://fonts.cdnfonts.com/s/118388/GeistVF.woff @ about:srcdoc:498
[  988791ms] [WARNING] cdn.tailwindcss.com should not be used in production. To use Tailwind CSS in production, install it as a PostCSS plugin or use the Tailwind CLI: https://tailwindcss.com/docs/installation @ https://cdn.tailwindcss.com/?plugins=forms,container-queries:63
[   72078ms] [INFO] Slow network is detected. See https://www.chromestatus.com/feature/5636954674692096 for more details. Fallback font will be used while loading: https://fonts.cdnfonts.com/s/118388/Geist-Medium.woff @ about:srcdoc:498
[   72078ms] [INFO] Slow network is detected. See https://www.chromestatus.com/feature/5636954674692096 for more details. Fallback font will be used while loading: https://fonts.cdnfonts.com/s/118388/GeistVF.woff @ about:srcdoc:498
[  989400ms] [WARNING] cdn.tailwindcss.com should not be used in production. To use Tailwind CSS in production, install it as a PostCSS plugin or use the Tailwind CLI: https://tailwindcss.com/docs/installation @ https://cdn.tailwindcss.com/?plugins=forms,container-queries:63
[   72078ms] [INFO] Slow network is detected. See https://www.chromestatus.com/feature/5636954674692096 for more details. Fallback font will be used while loading: https://fonts.cdnfonts.com/s/118388/Geist-Medium.woff @ about:srcdoc:498
[   72078ms] [INFO] Slow network is detected. See https://www.chromestatus.com/feature/5636954674692096 for more details. Fallback font will be used while loading: https://fonts.cdnfonts.com/s/118388/GeistVF.woff @ about:srcdoc:498
[  993646ms] [WARNING] cdn.tailwindcss.com should not be used in production. To use Tailwind CSS in production, install it as a PostCSS plugin or use the Tailwind CLI: https://tailwindcss.com/docs/installation @ https://cdn.tailwindcss.com/?plugins=forms,container-queries:63
[   72078ms] [INFO] Slow network is detected. See https://www.chromestatus.com/feature/5636954674692096 for more details. Fallback font will be used while loading: https://fonts.cdnfonts.com/s/118388/Geist-Medium.woff @ about:srcdoc:498
[   72078ms] [INFO] Slow network is detected. See https://www.chromestatus.com/feature/5636954674692096 for more details. Fallback font will be used while loading: https://fonts.cdnfonts.com/s/118388/GeistVF.woff @ about:srcdoc:498
[  994920ms] [WARNING] cdn.tailwindcss.com should not be used in production. To use Tailwind CSS in production, install it as a PostCSS plugin or use the Tailwind CLI: https://tailwindcss.com/docs/installation @ https://cdn.tailwindcss.com/?plugins=forms,container-queries:63
[   72078ms] [INFO] Slow network is detected. See https://www.chromestatus.com/feature/5636954674692096 for more details. Fallback font will be used while loading: https://fonts.cdnfonts.com/s/118388/Geist-Medium.woff @ about:srcdoc:498
[   72078ms] [INFO] Slow network is detected. See https://www.chromestatus.com/feature/5636954674692096 for more details. Fallback font will be used while loading: https://fonts.cdnfonts.com/s/118388/GeistVF.woff @ about:srcdoc:498
[  998665ms] [WARNING] cdn.tailwindcss.com should not be used in production. To use Tailwind CSS in production, install it as a PostCSS plugin or use the Tailwind CLI: https://tailwindcss.com/docs/installation @ https://cdn.tailwindcss.com/?plugins=forms,container-queries:63
[   72078ms] [INFO] Slow network is detected. See https://www.chromestatus.com/feature/5636954674692096 for more details. Fallback font will be used while loading: https://fonts.cdnfonts.com/s/118388/Geist-Medium.woff @ about:srcdoc:498
[   72078ms] [INFO] Slow network is detected. See https://www.chromestatus.com/feature/5636954674692096 for more details. Fallback font will be used while loading: https://fonts.cdnfonts.com/s/118388/GeistVF.woff @ about:srcdoc:498
[ 1001511ms] [WARNING] cdn.tailwindcss.com should not be used in production. To use Tailwind CSS in production, install it as a PostCSS plugin or use the Tailwind CLI: https://tailwindcss.com/docs/installation @ https://cdn.tailwindcss.com/?plugins=forms,container-queries:63
[   72078ms] [INFO] Slow network is detected. See https://www.chromestatus.com/feature/5636954674692096 for more details. Fallback font will be used while loading: https://fonts.cdnfonts.com/s/118388/Geist-Medium.woff @ about:srcdoc:498
[   72078ms] [INFO] Slow network is detected. See https://www.chromestatus.com/feature/5636954674692096 for more details. Fallback font will be used while loading: https://fonts.cdnfonts.com/s/118388/GeistVF.woff @ about:srcdoc:498
[ 1004705ms] [WARNING] cdn.tailwindcss.com should not be used in production. To use Tailwind CSS in production, install it as a PostCSS plugin or use the Tailwind CLI: https://tailwindcss.com/docs/installation @ https://cdn.tailwindcss.com/?plugins=forms,container-queries:63
[   72078ms] [INFO] Slow network is detected. See https://www.chromestatus.com/feature/5636954674692096 for more details. Fallback font will be used while loading: https://fonts.cdnfonts.com/s/118388/Geist-Medium.woff @ about:srcdoc:498
[   72078ms] [INFO] Slow network is detected. See https://www.chromestatus.com/feature/5636954674692096 for more details. Fallback font will be used while loading: https://fonts.cdnfonts.com/s/118388/GeistVF.woff @ about:srcdoc:498
[   72078ms] [INFO] Slow network is detected. See https://www.chromestatus.com/feature/5636954674692096 for more details. Fallback font will be used while loading: https://fonts.cdnfonts.com/s/118388/Geist-Medium.woff @ about:srcdoc:498
[   72078ms] [INFO] Slow network is detected. See https://www.chromestatus.com/feature/5636954674692096 for more details. Fallback font will be used while loading: https://fonts.cdnfonts.com/s/118388/GeistVF.woff @ about:srcdoc:498
[ 1039614ms] [WARNING] cdn.tailwindcss.com should not be used in production. To use Tailwind CSS in production, install it as a PostCSS plugin or use the Tailwind CLI: https://tailwindcss.com/docs/installation @ https://cdn.tailwindcss.com/?plugins=forms,container-queries:63
[   72078ms] [INFO] Slow network is detected. See https://www.chromestatus.com/feature/5636954674692096 for more details. Fallback font will be used while loading: https://fonts.cdnfonts.com/s/118388/Geist-Medium.woff @ about:srcdoc:498
[   72078ms] [INFO] Slow network is detected. See https://www.chromestatus.com/feature/5636954674692096 for more details. Fallback font will be used while loading: https://fonts.cdnfonts.com/s/118388/GeistVF.woff @ about:srcdoc:498
[ 1040305ms] [WARNING] cdn.tailwindcss.com should not be used in production. To use Tailwind CSS in production, install it as a PostCSS plugin or use the Tailwind CLI: https://tailwindcss.com/docs/installation @ https://cdn.tailwindcss.com/?plugins=forms,container-queries:63
[ 1040999ms] [WARNING] cdn.tailwindcss.com should not be used in production. To use Tailwind CSS in production, install it as a PostCSS plugin or use the Tailwind CLI: https://tailwindcss.com/docs/installation @ https://cdn.tailwindcss.com/?plugins=forms,container-queries:63
[   72078ms] [INFO] Slow network is detected. See https://www.chromestatus.com/feature/5636954674692096 for more details. Fallback font will be used while loading: https://fonts.cdnfonts.com/s/118388/Geist-Medium.woff @ about:srcdoc:498
[   72078ms] [INFO] Slow network is detected. See https://www.chromestatus.com/feature/5636954674692096 for more details. Fallback font will be used while loading: https://fonts.cdnfonts.com/s/118388/GeistVF.woff @ about:srcdoc:498
[   72078ms] [INFO] Slow network is detected. See https://www.chromestatus.com/feature/5636954674692096 for more details. Fallback font will be used while loading: https://fonts.cdnfonts.com/s/118388/Geist-Medium.woff @ about:srcdoc:498
[   72078ms] [INFO] Slow network is detected. See https://www.chromestatus.com/feature/5636954674692096 for more details. Fallback font will be used while loading: https://fonts.cdnfonts.com/s/118388/GeistVF.woff @ about:srcdoc:498
[ 1043520ms] [WARNING] cdn.tailwindcss.com should not be used in production. To use Tailwind CSS in production, install it as a PostCSS plugin or use the Tailwind CLI: https://tailwindcss.com/docs/installation @ https://cdn.tailwindcss.com/?plugins=forms,container-queries:63
[ 1044026ms] [WARNING] cdn.tailwindcss.com should not be used in production. To use Tailwind CSS in production, install it as a PostCSS plugin or use the Tailwind CLI: https://tailwindcss.com/docs/installation @ https://cdn.tailwindcss.com/?plugins=forms,container-queries:63
[   72078ms] [INFO] Slow network is detected. See https://www.chromestatus.com/feature/5636954674692096 for more details. Fallback font will be used while loading: https://fonts.cdnfonts.com/s/118388/Geist-Medium.woff @ about:srcdoc:498
[   72078ms] [INFO] Slow network is detected. See https://www.chromestatus.com/feature/5636954674692096 for more details. Fallback font will be used while loading: https://fonts.cdnfonts.com/s/118388/GeistVF.woff @ about:srcdoc:498
[ 1046626ms] [WARNING] cdn.tailwindcss.com should not be used in production. To use Tailwind CSS in production, install it as a PostCSS plugin or use the Tailwind CLI: https://tailwindcss.com/docs/installation @ https://cdn.tailwindcss.com/?plugins=forms,container-queries:63
[   72078ms] [INFO] Slow network is detected. See https://www.chromestatus.com/feature/5636954674692096 for more details. Fallback font will be used while loading: https://fonts.cdnfonts.com/s/118388/Geist-Medium.woff @ about:srcdoc:498
[   72078ms] [INFO] Slow network is detected. See https://www.chromestatus.com/feature/5636954674692096 for more details. Fallback font will be used while loading: https://fonts.cdnfonts.com/s/118388/GeistVF.woff @ about:srcdoc:498
[ 1050046ms] [WARNING] cdn.tailwindcss.com should not be used in production. To use Tailwind CSS in production, install it as a PostCSS plugin or use the Tailwind CLI: https://tailwindcss.com/docs/installation @ https://cdn.tailwindcss.com/?plugins=forms,container-queries:63
[   72078ms] [INFO] Slow network is detected. See https://www.chromestatus.com/feature/5636954674692096 for more details. Fallback font will be used while loading: https://fonts.cdnfonts.com/s/118388/Geist-Medium.woff @ about:srcdoc:498
[   72078ms] [INFO] Slow network is detected. See https://www.chromestatus.com/feature/5636954674692096 for more details. Fallback font will be used while loading: https://fonts.cdnfonts.com/s/118388/GeistVF.woff @ about:srcdoc:498
[ 1052892ms] [WARNING] cdn.tailwindcss.com should not be used in production. To use Tailwind CSS in production, install it as a PostCSS plugin or use the Tailwind CLI: https://tailwindcss.com/docs/installation @ https://cdn.tailwindcss.com/?plugins=forms,container-queries:63
[   72078ms] [INFO] Slow network is detected. See https://www.chromestatus.com/feature/5636954674692096 for more details. Fallback font will be used while loading: https://fonts.cdnfonts.com/s/118388/Geist-Medium.woff @ about:srcdoc:498
[   72078ms] [INFO] Slow network is detected. See https://www.chromestatus.com/feature/5636954674692096 for more details. Fallback font will be used while loading: https://fonts.cdnfonts.com/s/118388/GeistVF.woff @ about:srcdoc:498
[ 1057520ms] [WARNING] cdn.tailwindcss.com should not be used in production. To use Tailwind CSS in production, install it as a PostCSS plugin or use the Tailwind CLI: https://tailwindcss.com/docs/installation @ https://cdn.tailwindcss.com/?plugins=forms,container-queries:63
[   72078ms] [INFO] Slow network is detected. See https://www.chromestatus.com/feature/5636954674692096 for more details. Fallback font will be used while loading: https://fonts.cdnfonts.com/s/118388/Geist-Medium.woff @ about:srcdoc:498
[   72078ms] [INFO] Slow network is detected. See https://www.chromestatus.com/feature/5636954674692096 for more details. Fallback font will be used while loading: https://fonts.cdnfonts.com/s/118388/GeistVF.woff @ about:srcdoc:498
[ 1062622ms] [WARNING] cdn.tailwindcss.com should not be used in production. To use Tailwind CSS in production, install it as a PostCSS plugin or use the Tailwind CLI: https://tailwindcss.com/docs/installation @ https://cdn.tailwindcss.com/?plugins=forms,container-queries:63
[   72078ms] [INFO] Slow network is detected. See https://www.chromestatus.com/feature/5636954674692096 for more details. Fallback font will be used while loading: https://fonts.cdnfonts.com/s/118388/Geist-Medium.woff @ about:srcdoc:498
[   72078ms] [INFO] Slow network is detected. See https://www.chromestatus.com/feature/5636954674692096 for more details. Fallback font will be used while loading: https://fonts.cdnfonts.com/s/118388/GeistVF.woff @ about:srcdoc:498
[ 1065924ms] [WARNING] cdn.tailwindcss.com should not be used in production. To use Tailwind CSS in production, install it as a PostCSS plugin or use the Tailwind CLI: https://tailwindcss.com/docs/installation @ https://cdn.tailwindcss.com/?plugins=forms,container-queries:63
[   72078ms] [INFO] Slow network is detected. See https://www.chromestatus.com/feature/5636954674692096 for more details. Fallback font will be used while loading: https://fonts.cdnfonts.com/s/118388/Geist-Medium.woff @ about:srcdoc:498
[   72078ms] [INFO] Slow network is detected. See https://www.chromestatus.com/feature/5636954674692096 for more details. Fallback font will be used while loading: https://fonts.cdnfonts.com/s/118388/GeistVF.woff @ about:srcdoc:498
[ 1069845ms] [WARNING] cdn.tailwindcss.com should not be used in production. To use Tailwind CSS in production, install it as a PostCSS plugin or use the Tailwind CLI: https://tailwindcss.com/docs/installation @ https://cdn.tailwindcss.com/?plugins=forms,container-queries:63
[   72078ms] [INFO] Slow network is detected. See https://www.chromestatus.com/feature/5636954674692096 for more details. Fallback font will be used while loading: https://fonts.cdnfonts.com/s/118388/Geist-Medium.woff @ about:srcdoc:498
[   72078ms] [INFO] Slow network is detected. See https://www.chromestatus.com/feature/5636954674692096 for more details. Fallback font will be used while loading: https://fonts.cdnfonts.com/s/118388/GeistVF.woff @ about:srcdoc:498
[ 1072636ms] [WARNING] cdn.tailwindcss.com should not be used in production. To use Tailwind CSS in production, install it as a PostCSS plugin or use the Tailwind CLI: https://tailwindcss.com/docs/installation @ https://cdn.tailwindcss.com/?plugins=forms,container-queries:63
[   72078ms] [INFO] Slow network is detected. See https://www.chromestatus.com/feature/5636954674692096 for more details. Fallback font will be used while loading: https://fonts.cdnfonts.com/s/118388/Geist-Medium.woff @ about:srcdoc:498
[   72078ms] [INFO] Slow network is detected. See https://www.chromestatus.com/feature/5636954674692096 for more details. Fallback font will be used while loading: https://fonts.cdnfonts.com/s/118388/GeistVF.woff @ about:srcdoc:498
[   72078ms] [INFO] Slow network is detected. See https://www.chromestatus.com/feature/5636954674692096 for more details. Fallback font will be used while loading: https://fonts.cdnfonts.com/s/118388/Geist-Medium.woff @ about:srcdoc:498
[   72078ms] [INFO] Slow network is detected. See https://www.chromestatus.com/feature/5636954674692096 for more details. Fallback font will be used while loading: https://fonts.cdnfonts.com/s/118388/GeistVF.woff @ about:srcdoc:498
[ 1075844ms] [WARNING] cdn.tailwindcss.com should not be used in production. To use Tailwind CSS in production, install it as a PostCSS plugin or use the Tailwind CLI: https://tailwindcss.com/docs/installation @ https://cdn.tailwindcss.com/?plugins=forms,container-queries:63
[ 1076451ms] [WARNING] cdn.tailwindcss.com should not be used in production. To use Tailwind CSS in production, install it as a PostCSS plugin or use the Tailwind CLI: https://tailwindcss.com/docs/installation @ https://cdn.tailwindcss.com/?plugins=forms,container-queries:63
[   72078ms] [INFO] Slow network is detected. See https://www.chromestatus.com/feature/5636954674692096 for more details. Fallback font will be used while loading: https://fonts.cdnfonts.com/s/118388/Geist-Medium.woff @ about:srcdoc:498
[   72078ms] [INFO] Slow network is detected. See https://www.chromestatus.com/feature/5636954674692096 for more details. Fallback font will be used while loading: https://fonts.cdnfonts.com/s/118388/GeistVF.woff @ about:srcdoc:498
[ 1180976ms] [WARNING] cdn.tailwindcss.com should not be used in production. To use Tailwind CSS in production, install it as a PostCSS plugin or use the Tailwind CLI: https://tailwindcss.com/docs/installation @ https://cdn.tailwindcss.com/?plugins=forms,container-queries:63
[   72078ms] [INFO] Slow network is detected. See https://www.chromestatus.com/feature/5636954674692096 for more details. Fallback font will be used while loading: https://fonts.cdnfonts.com/s/118388/Geist-Medium.woff @ about:srcdoc:498
[   72078ms] [INFO] Slow network is detected. See https://www.chromestatus.com/feature/5636954674692096 for more details. Fallback font will be used while loading: https://fonts.cdnfonts.com/s/118388/GeistVF.woff @ about:srcdoc:498
[ 1241879ms] [WARNING] [SSOT] Zero dimensions detected in UPDATE_INSTANCE: {id: e4965a34c6444e088e2eea0ccc3d5119, updates: Object} @ https://app-companion-430619.appspot.com/assets/util-BcnQOj-A.js:450
[ 1243714ms] [WARNING] cdn.tailwindcss.com should not be used in production. To use Tailwind CSS in production, install it as a PostCSS plugin or use the Tailwind CLI: https://tailwindcss.com/docs/installation @ https://cdn.tailwindcss.com/?plugins=forms,container-queries:63
[   72078ms] [INFO] Slow network is detected. See https://www.chromestatus.com/feature/5636954674692096 for more details. Fallback font will be used while loading: https://fonts.cdnfonts.com/s/118388/Geist-Medium.woff @ about:srcdoc:498
[   72078ms] [INFO] Slow network is detected. See https://www.chromestatus.com/feature/5636954674692096 for more details. Fallback font will be used while loading: https://fonts.cdnfonts.com/s/118388/GeistVF.woff @ about:srcdoc:498
[ 1259309ms] [WARNING] [SSOT] Zero dimensions detected in UPDATE_INSTANCE: {id: 3971fe7394af47409b04bf5175cd5ce4, updates: Object} @ https://app-companion-430619.appspot.com/assets/util-BcnQOj-A.js:450
[ 1260600ms] [WARNING] cdn.tailwindcss.com should not be used in production. To use Tailwind CSS in production, install it as a PostCSS plugin or use the Tailwind CLI: https://tailwindcss.com/docs/installation @ https://cdn.tailwindcss.com/?plugins=forms,container-queries:63
[ 1269553ms] [WARNING] cdn.tailwindcss.com should not be used in production. To use Tailwind CSS in production, install it as a PostCSS plugin or use the Tailwind CLI: https://tailwindcss.com/docs/installation @ https://cdn.tailwindcss.com/?plugins=forms,container-queries:63
[   72078ms] [INFO] Slow network is detected. See https://www.chromestatus.com/feature/5636954674692096 for more details. Fallback font will be used while loading: https://fonts.cdnfonts.com/s/118388/Geist-Medium.woff @ about:srcdoc:498
[   72078ms] [INFO] Slow network is detected. See https://www.chromestatus.com/feature/5636954674692096 for more details. Fallback font will be used while loading: https://fonts.cdnfonts.com/s/118388/GeistVF.woff @ about:srcdoc:498
[ 1272568ms] [WARNING] [SSOT] Zero dimensions detected in UPDATE_INSTANCE: {id: b68d1ae885d7437fbb9431a2065b98f1, updates: Object} @ https://app-companion-430619.appspot.com/assets/util-BcnQOj-A.js:450
[ 1272607ms] [WARNING] [SSOT] Zero dimensions detected in UPDATE_INSTANCE: {id: b68d1ae885d7437fbb9431a2065b98f1, updates: Object} @ https://app-companion-430619.appspot.com/assets/util-BcnQOj-A.js:450
[ 1273918ms] [WARNING] cdn.tailwindcss.com should not be used in production. To use Tailwind CSS in production, install it as a PostCSS plugin or use the Tailwind CLI: https://tailwindcss.com/docs/installation @ https://cdn.tailwindcss.com/?plugins=forms,container-queries:63
[   72078ms] [INFO] Slow network is detected. See https://www.chromestatus.com/feature/5636954674692096 for more details. Fallback font will be used while loading: https://fonts.cdnfonts.com/s/118388/Geist-Medium.woff @ about:srcdoc:498
[   72078ms] [INFO] Slow network is detected. See https://www.chromestatus.com/feature/5636954674692096 for more details. Fallback font will be used while loading: https://fonts.cdnfonts.com/s/118388/GeistVF.woff @ about:srcdoc:498
[ 1285983ms] [WARNING] cdn.tailwindcss.com should not be used in production. To use Tailwind CSS in production, install it as a PostCSS plugin or use the Tailwind CLI: https://tailwindcss.com/docs/installation @ https://cdn.tailwindcss.com/?plugins=forms,container-queries:63
[   72078ms] [INFO] Slow network is detected. See https://www.chromestatus.com/feature/5636954674692096 for more details. Fallback font will be used while loading: https://fonts.cdnfonts.com/s/118388/Geist-Medium.woff @ about:srcdoc:498
[   72078ms] [INFO] Slow network is detected. See https://www.chromestatus.com/feature/5636954674692096 for more details. Fallback font will be used while loading: https://fonts.cdnfonts.com/s/118388/GeistVF.woff @ about:srcdoc:498
[ 1295457ms] [WARNING] [SSOT] Zero dimensions detected in UPDATE_INSTANCE: {id: ad592cd956c44e8489da0a4badc350bb, updates: Object} @ https://app-companion-430619.appspot.com/assets/util-BcnQOj-A.js:450
[ 1295711ms] [WARNING] [SSOT] Zero dimensions detected in UPDATE_INSTANCE: {id: ad592cd956c44e8489da0a4badc350bb, updates: Object} @ https://app-companion-430619.appspot.com/assets/util-BcnQOj-A.js:450
[ 1296246ms] [WARNING] cdn.tailwindcss.com should not be used in production. To use Tailwind CSS in production, install it as a PostCSS plugin or use the Tailwind CLI: https://tailwindcss.com/docs/installation @ https://cdn.tailwindcss.com/?plugins=forms,container-queries:63
[ 1297248ms] [WARNING] cdn.tailwindcss.com should not be used in production. To use Tailwind CSS in production, install it as a PostCSS plugin or use the Tailwind CLI: https://tailwindcss.com/docs/installation @ https://cdn.tailwindcss.com/?plugins=forms,container-queries:63
[ 1307693ms] [WARNING] cdn.tailwindcss.com should not be used in production. To use Tailwind CSS in production, install it as a PostCSS plugin or use the Tailwind CLI: https://tailwindcss.com/docs/installation @ https://cdn.tailwindcss.com/?plugins=forms,container-queries:63
[   72078ms] [INFO] Slow network is detected. See https://www.chromestatus.com/feature/5636954674692096 for more details. Fallback font will be used while loading: https://fonts.cdnfonts.com/s/118388/Geist-Medium.woff @ about:srcdoc:498
[   72078ms] [INFO] Slow network is detected. See https://www.chromestatus.com/feature/5636954674692096 for more details. Fallback font will be used while loading: https://fonts.cdnfonts.com/s/118388/GeistVF.woff @ about:srcdoc:498
[ 1313202ms] [WARNING] [SSOT] Zero dimensions detected in UPDATE_INSTANCE: {id: 72ae8ba0c6354c27a2954c4b77f9d161, updates: Object} @ https://app-companion-430619.appspot.com/assets/util-BcnQOj-A.js:450
[ 1313276ms] [WARNING] [SSOT] Zero dimensions detected in UPDATE_INSTANCE: {id: 72ae8ba0c6354c27a2954c4b77f9d161, updates: Object} @ https://app-companion-430619.appspot.com/assets/util-BcnQOj-A.js:450
[ 1314066ms] [WARNING] cdn.tailwindcss.com should not be used in production. To use Tailwind CSS in production, install it as a PostCSS plugin or use the Tailwind CLI: https://tailwindcss.com/docs/installation @ https://cdn.tailwindcss.com/?plugins=forms,container-queries:63
[ 1322083ms] [WARNING] cdn.tailwindcss.com should not be used in production. To use Tailwind CSS in production, install it as a PostCSS plugin or use the Tailwind CLI: https://tailwindcss.com/docs/installation @ https://cdn.tailwindcss.com/?plugins=forms,container-queries:63
[ 1340488ms] [WARNING] cdn.tailwindcss.com should not be used in production. To use Tailwind CSS in production, install it as a PostCSS plugin or use the Tailwind CLI: https://tailwindcss.com/docs/installation @ https://cdn.tailwindcss.com/?plugins=forms,container-queries:63
[ 1368617ms] [ERROR] Failed to load resource: net::ERR_CONNECTION_CLOSED @ https://contribution.usercontent.google.com/download?c=CgthaWRhX2NvZGVmeBJ8Eh1hcHBfY29tcGFuaW9uX2dlbmVyYXRlZF9maWxlcxpbCiVodG1sX2UwMmY4YmJlMTc2NzQ0YTk4MDU2ZTJkNzZkYTZiMDFjEgsSBxCY4p3CqBUYAZIBJAoKcHJvamVjdF9pZBIWQhQxNTMzNjU4NzM3MDM3NDUwMjE0MQ&filename=&opi=89354086:0
[   72078ms] [INFO] Slow network is detected. See https://www.chromestatus.com/feature/5636954674692096 for more details. Fallback font will be used while loading: https://fonts.cdnfonts.com/s/118388/Geist-Medium.woff @ about:srcdoc:498
[   72078ms] [INFO] Slow network is detected. See https://www.chromestatus.com/feature/5636954674692096 for more details. Fallback font will be used while loading: https://fonts.cdnfonts.com/s/118388/GeistVF.woff @ about:srcdoc:498
[   72078ms] [INFO] Slow network is detected. See https://www.chromestatus.com/feature/5636954674692096 for more details. Fallback font will be used while loading: https://fonts.cdnfonts.com/s/118388/Geist-Medium.woff @ about:srcdoc:498
[   72078ms] [INFO] Slow network is detected. See https://www.chromestatus.com/feature/5636954674692096 for more details. Fallback font will be used while loading: https://fonts.cdnfonts.com/s/118388/GeistVF.woff @ about:srcdoc:498
[ 1489709ms] [WARNING] cdn.tailwindcss.com should not be used in production. To use Tailwind CSS in production, install it as a PostCSS plugin or use the Tailwind CLI: https://tailwindcss.com/docs/installation @ https://cdn.tailwindcss.com/?plugins=forms,container-queries:63
[ 1490007ms] [WARNING] cdn.tailwindcss.com should not be used in production. To use Tailwind CSS in production, install it as a PostCSS plugin or use the Tailwind CLI: https://tailwindcss.com/docs/installation @ https://cdn.tailwindcss.com/?plugins=forms,container-queries:63
[   72078ms] [INFO] Slow network is detected. See https://www.chromestatus.com/feature/5636954674692096 for more details. Fallback font will be used while loading: https://fonts.cdnfonts.com/s/118388/Geist-Medium.woff @ about:srcdoc:498
[   72078ms] [INFO] Slow network is detected. See https://www.chromestatus.com/feature/5636954674692096 for more details. Fallback font will be used while loading: https://fonts.cdnfonts.com/s/118388/GeistVF.woff @ about:srcdoc:498
[ 1495645ms] [WARNING] cdn.tailwindcss.com should not be used in production. To use Tailwind CSS in production, install it as a PostCSS plugin or use the Tailwind CLI: https://tailwindcss.com/docs/installation @ https://cdn.tailwindcss.com/?plugins=forms,container-queries:63
[   72078ms] [INFO] Slow network is detected. See https://www.chromestatus.com/feature/5636954674692096 for more details. Fallback font will be used while loading: https://fonts.cdnfonts.com/s/118388/Geist-Medium.woff @ about:srcdoc:498
[   72078ms] [INFO] Slow network is detected. See https://www.chromestatus.com/feature/5636954674692096 for more details. Fallback font will be used while loading: https://fonts.cdnfonts.com/s/118388/GeistVF.woff @ about:srcdoc:498
[ 1502264ms] [WARNING] cdn.tailwindcss.com should not be used in production. To use Tailwind CSS in production, install it as a PostCSS plugin or use the Tailwind CLI: https://tailwindcss.com/docs/installation @ https://cdn.tailwindcss.com/?plugins=forms,container-queries:63
[   72078ms] [INFO] Slow network is detected. See https://www.chromestatus.com/feature/5636954674692096 for more details. Fallback font will be used while loading: https://fonts.cdnfonts.com/s/118388/Geist-Medium.woff @ about:srcdoc:498
[   72078ms] [INFO] Slow network is detected. See https://www.chromestatus.com/feature/5636954674692096 for more details. Fallback font will be used while loading: https://fonts.cdnfonts.com/s/118388/GeistVF.woff @ about:srcdoc:498
[ 1505882ms] [WARNING] cdn.tailwindcss.com should not be used in production. To use Tailwind CSS in production, install it as a PostCSS plugin or use the Tailwind CLI: https://tailwindcss.com/docs/installation @ https://cdn.tailwindcss.com/?plugins=forms,container-queries:63
[   72078ms] [INFO] Slow network is detected. See https://www.chromestatus.com/feature/5636954674692096 for more details. Fallback font will be used while loading: https://fonts.cdnfonts.com/s/118388/Geist-Medium.woff @ about:srcdoc:498
[   72078ms] [INFO] Slow network is detected. See https://www.chromestatus.com/feature/5636954674692096 for more details. Fallback font will be used while loading: https://fonts.cdnfonts.com/s/118388/GeistVF.woff @ about:srcdoc:498
[ 1514078ms] [WARNING] cdn.tailwindcss.com should not be used in production. To use Tailwind CSS in production, install it as a PostCSS plugin or use the Tailwind CLI: https://tailwindcss.com/docs/installation @ https://cdn.tailwindcss.com/?plugins=forms,container-queries:63
[   72078ms] [INFO] Slow network is detected. See https://www.chromestatus.com/feature/5636954674692096 for more details. Fallback font will be used while loading: https://fonts.cdnfonts.com/s/118388/Geist-Medium.woff @ about:srcdoc:498
[   72078ms] [INFO] Slow network is detected. See https://www.chromestatus.com/feature/5636954674692096 for more details. Fallback font will be used while loading: https://fonts.cdnfonts.com/s/118388/GeistVF.woff @ about:srcdoc:498
[   72078ms] [INFO] Slow network is detected. See https://www.chromestatus.com/feature/5636954674692096 for more details. Fallback font will be used while loading: https://fonts.cdnfonts.com/s/118388/Geist-Medium.woff @ about:srcdoc:498
[   72078ms] [INFO] Slow network is detected. See https://www.chromestatus.com/feature/5636954674692096 for more details. Fallback font will be used while loading: https://fonts.cdnfonts.com/s/118388/GeistVF.woff @ about:srcdoc:498
[ 1520141ms] [WARNING] cdn.tailwindcss.com should not be used in production. To use Tailwind CSS in production, install it as a PostCSS plugin or use the Tailwind CLI: https://tailwindcss.com/docs/installation @ https://cdn.tailwindcss.com/?plugins=forms,container-queries:63
[ 1520929ms] [WARNING] cdn.tailwindcss.com should not be used in production. To use Tailwind CSS in production, install it as a PostCSS plugin or use the Tailwind CLI: https://tailwindcss.com/docs/installation @ https://cdn.tailwindcss.com/?plugins=forms,container-queries:63
[   72078ms] [INFO] Slow network is detected. See https://www.chromestatus.com/feature/5636954674692096 for more details. Fallback font will be used while loading: https://fonts.cdnfonts.com/s/118388/Geist-Medium.woff @ about:srcdoc:498
[   72078ms] [INFO] Slow network is detected. See https://www.chromestatus.com/feature/5636954674692096 for more details. Fallback font will be used while loading: https://fonts.cdnfonts.com/s/118388/GeistVF.woff @ about:srcdoc:498
[ 1529331ms] [WARNING] cdn.tailwindcss.com should not be used in production. To use Tailwind CSS in production, install it as a PostCSS plugin or use the Tailwind CLI: https://tailwindcss.com/docs/installation @ https://cdn.tailwindcss.com/?plugins=forms,container-queries:63
[   72078ms] [INFO] Slow network is detected. See https://www.chromestatus.com/feature/5636954674692096 for more details. Fallback font will be used while loading: https://fonts.cdnfonts.com/s/118388/Geist-Medium.woff @ about:srcdoc:498
[   72078ms] [INFO] Slow network is detected. See https://www.chromestatus.com/feature/5636954674692096 for more details. Fallback font will be used while loading: https://fonts.cdnfonts.com/s/118388/GeistVF.woff @ about:srcdoc:498
[ 1531277ms] [WARNING] cdn.tailwindcss.com should not be used in production. To use Tailwind CSS in production, install it as a PostCSS plugin or use the Tailwind CLI: https://tailwindcss.com/docs/installation @ https://cdn.tailwindcss.com/?plugins=forms,container-queries:63
[   72078ms] [INFO] Slow network is detected. See https://www.chromestatus.com/feature/5636954674692096 for more details. Fallback font will be used while loading: https://fonts.cdnfonts.com/s/118388/Geist-Medium.woff @ about:srcdoc:498
[   72078ms] [INFO] Slow network is detected. See https://www.chromestatus.com/feature/5636954674692096 for more details. Fallback font will be used while loading: https://fonts.cdnfonts.com/s/118388/GeistVF.woff @ about:srcdoc:498
[ 1533791ms] [WARNING] cdn.tailwindcss.com should not be used in production. To use Tailwind CSS in production, install it as a PostCSS plugin or use the Tailwind CLI: https://tailwindcss.com/docs/installation @ https://cdn.tailwindcss.com/?plugins=forms,container-queries:63
[   72078ms] [INFO] Slow network is detected. See https://www.chromestatus.com/feature/5636954674692096 for more details. Fallback font will be used while loading: https://fonts.cdnfonts.com/s/118388/Geist-Medium.woff @ about:srcdoc:498
[   72078ms] [INFO] Slow network is detected. See https://www.chromestatus.com/feature/5636954674692096 for more details. Fallback font will be used while loading: https://fonts.cdnfonts.com/s/118388/GeistVF.woff @ about:srcdoc:498
[ 1536478ms] [WARNING] cdn.tailwindcss.com should not be used in production. To use Tailwind CSS in production, install it as a PostCSS plugin or use the Tailwind CLI: https://tailwindcss.com/docs/installation @ https://cdn.tailwindcss.com/?plugins=forms,container-queries:63
[   72078ms] [INFO] Slow network is detected. See https://www.chromestatus.com/feature/5636954674692096 for more details. Fallback font will be used while loading: https://fonts.cdnfonts.com/s/118388/Geist-Medium.woff @ about:srcdoc:498
[   72078ms] [INFO] Slow network is detected. See https://www.chromestatus.com/feature/5636954674692096 for more details. Fallback font will be used while loading: https://fonts.cdnfonts.com/s/118388/GeistVF.woff @ about:srcdoc:498
[ 1554045ms] [WARNING] cdn.tailwindcss.com should not be used in production. To use Tailwind CSS in production, install it as a PostCSS plugin or use the Tailwind CLI: https://tailwindcss.com/docs/installation @ https://cdn.tailwindcss.com/?plugins=forms,container-queries:63
[   72078ms] [INFO] Slow network is detected. See https://www.chromestatus.com/feature/5636954674692096 for more details. Fallback font will be used while loading: https://fonts.cdnfonts.com/s/118388/Geist-Medium.woff @ about:srcdoc:498
[   72078ms] [INFO] Slow network is detected. See https://www.chromestatus.com/feature/5636954674692096 for more details. Fallback font will be used while loading: https://fonts.cdnfonts.com/s/118388/GeistVF.woff @ about:srcdoc:498
[ 1556201ms] [WARNING] cdn.tailwindcss.com should not be used in production. To use Tailwind CSS in production, install it as a PostCSS plugin or use the Tailwind CLI: https://tailwindcss.com/docs/installation @ https://cdn.tailwindcss.com/?plugins=forms,container-queries:63
[   72078ms] [INFO] Slow network is detected. See https://www.chromestatus.com/feature/5636954674692096 for more details. Fallback font will be used while loading: https://fonts.cdnfonts.com/s/118388/Geist-Medium.woff @ about:srcdoc:498
[   72078ms] [INFO] Slow network is detected. See https://www.chromestatus.com/feature/5636954674692096 for more details. Fallback font will be used while loading: https://fonts.cdnfonts.com/s/118388/GeistVF.woff @ about:srcdoc:498
[ 1613751ms] [WARNING] cdn.tailwindcss.com should not be used in production. To use Tailwind CSS in production, install it as a PostCSS plugin or use the Tailwind CLI: https://tailwindcss.com/docs/installation @ https://cdn.tailwindcss.com/?plugins=forms,container-queries:63
[   72078ms] [INFO] Slow network is detected. See https://www.chromestatus.com/feature/5636954674692096 for more details. Fallback font will be used while loading: https://fonts.cdnfonts.com/s/118388/Geist-Medium.woff @ about:srcdoc:498
[   72078ms] [INFO] Slow network is detected. See https://www.chromestatus.com/feature/5636954674692096 for more details. Fallback font will be used while loading: https://fonts.cdnfonts.com/s/118388/GeistVF.woff @ about:srcdoc:498
[ 1614817ms] [WARNING] cdn.tailwindcss.com should not be used in production. To use Tailwind CSS in production, install it as a PostCSS plugin or use the Tailwind CLI: https://tailwindcss.com/docs/installation @ https://cdn.tailwindcss.com/?plugins=forms,container-queries:63
[   72078ms] [INFO] Slow network is detected. See https://www.chromestatus.com/feature/5636954674692096 for more details. Fallback font will be used while loading: https://fonts.cdnfonts.com/s/118388/Geist-Medium.woff @ about:srcdoc:498
[   72078ms] [INFO] Slow network is detected. See https://www.chromestatus.com/feature/5636954674692096 for more details. Fallback font will be used while loading: https://fonts.cdnfonts.com/s/118388/GeistVF.woff @ about:srcdoc:498
[   72078ms] [INFO] Slow network is detected. See https://www.chromestatus.com/feature/5636954674692096 for more details. Fallback font will be used while loading: https://fonts.cdnfonts.com/s/118388/Geist-Medium.woff @ about:srcdoc:498
[   72078ms] [INFO] Slow network is detected. See https://www.chromestatus.com/feature/5636954674692096 for more details. Fallback font will be used while loading: https://fonts.cdnfonts.com/s/118388/GeistVF.woff @ about:srcdoc:498
[ 1726121ms] [WARNING] cdn.tailwindcss.com should not be used in production. To use Tailwind CSS in production, install it as a PostCSS plugin or use the Tailwind CLI: https://tailwindcss.com/docs/installation @ https://cdn.tailwindcss.com/?plugins=forms,container-queries:63
[ 1726688ms] [WARNING] cdn.tailwindcss.com should not be used in production. To use Tailwind CSS in production, install it as a PostCSS plugin or use the Tailwind CLI: https://tailwindcss.com/docs/installation @ https://cdn.tailwindcss.com/?plugins=forms,container-queries:63
[   72078ms] [INFO] Slow network is detected. See https://www.chromestatus.com/feature/5636954674692096 for more details. Fallback font will be used while loading: https://fonts.cdnfonts.com/s/118388/Geist-Medium.woff @ about:srcdoc:498
[   72078ms] [INFO] Slow network is detected. See https://www.chromestatus.com/feature/5636954674692096 for more details. Fallback font will be used while loading: https://fonts.cdnfonts.com/s/118388/GeistVF.woff @ about:srcdoc:498
[ 1728510ms] [WARNING] cdn.tailwindcss.com should not be used in production. To use Tailwind CSS in production, install it as a PostCSS plugin or use the Tailwind CLI: https://tailwindcss.com/docs/installation @ https://cdn.tailwindcss.com/?plugins=forms,container-queries:63
[   72078ms] [INFO] Slow network is detected. See https://www.chromestatus.com/feature/5636954674692096 for more details. Fallback font will be used while loading: https://fonts.cdnfonts.com/s/118388/Geist-Medium.woff @ about:srcdoc:498
[   72078ms] [INFO] Slow network is detected. See https://www.chromestatus.com/feature/5636954674692096 for more details. Fallback font will be used while loading: https://fonts.cdnfonts.com/s/118388/GeistVF.woff @ about:srcdoc:498
[ 1738588ms] [WARNING] [SSOT] Zero dimensions detected in UPDATE_INSTANCE: {id: 064ff3d9895644c7adf86ee1ea27cd65, updates: Object} @ https://app-companion-430619.appspot.com/assets/util-BcnQOj-A.js:450
[ 1738642ms] [WARNING] [SSOT] Zero dimensions detected in UPDATE_INSTANCE: {id: 064ff3d9895644c7adf86ee1ea27cd65, updates: Object} @ https://app-companion-430619.appspot.com/assets/util-BcnQOj-A.js:450
[ 1740725ms] [WARNING] cdn.tailwindcss.com should not be used in production. To use Tailwind CSS in production, install it as a PostCSS plugin or use the Tailwind CLI: https://tailwindcss.com/docs/installation @ https://cdn.tailwindcss.com/?plugins=forms,container-queries:63
[ 1752522ms] [WARNING] cdn.tailwindcss.com should not be used in production. To use Tailwind CSS in production, install it as a PostCSS plugin or use the Tailwind CLI: https://tailwindcss.com/docs/installation @ https://cdn.tailwindcss.com/?plugins=forms,container-queries:63
[ 1762345ms] SyntaxError: Failed to execute 'appendChild' on 'Node': Unexpected end of input
    at qt.applyOperationToElement (about:srcdoc:184:8841)
    at qt.syncNodes (about:srcdoc:184:11496)
    at jt.renderBody (about:srcdoc:184:17192)
    at jt.handleHtmlUpdate (about:srcdoc:184:16845)
    at about:srcdoc:218:75713
[ 1762645ms] [ERROR] [IframeRenderer] Uncaught SyntaxError: Failed to execute 'appendChild' on 'Node': Unexpected end of input {type: direct_edit_error, screenId: 064ff3d9895644c7adf86ee1ea27cd65, message: Uncaught SyntaxError: Failed to execute 'appendChild' on 'Node': Unexpected end of input, error: SyntaxError: Failed to execute 'appendChild' on 'Node': Unexpected end of input} @ https://app-companion-430619.appspot.com/assets/util-BcnQOj-A.js:177
[ 1765923ms] [WARNING] cdn.tailwindcss.com should not be used in production. To use Tailwind CSS in production, install it as a PostCSS plugin or use the Tailwind CLI: https://tailwindcss.com/docs/installation @ https://cdn.tailwindcss.com/?plugins=forms,container-queries:63
[   72078ms] [INFO] Slow network is detected. See https://www.chromestatus.com/feature/5636954674692096 for more details. Fallback font will be used while loading: https://fonts.cdnfonts.com/s/118388/Geist-Medium.woff @ about:srcdoc:498
[   72078ms] [INFO] Slow network is detected. See https://www.chromestatus.com/feature/5636954674692096 for more details. Fallback font will be used while loading: https://fonts.cdnfonts.com/s/118388/GeistVF.woff @ about:srcdoc:498
[ 1771486ms] [WARNING] cdn.tailwindcss.com should not be used in production. To use Tailwind CSS in production, install it as a PostCSS plugin or use the Tailwind CLI: https://tailwindcss.com/docs/installation @ https://cdn.tailwindcss.com/?plugins=forms,container-queries:63
[   72078ms] [INFO] Slow network is detected. See https://www.chromestatus.com/feature/5636954674692096 for more details. Fallback font will be used while loading: https://fonts.cdnfonts.com/s/118388/Geist-Medium.woff @ about:srcdoc:498
[   72078ms] [INFO] Slow network is detected. See https://www.chromestatus.com/feature/5636954674692096 for more details. Fallback font will be used while loading: https://fonts.cdnfonts.com/s/118388/GeistVF.woff @ about:srcdoc:498
[ 1797743ms] [WARNING] [SSOT] Zero dimensions detected in UPDATE_INSTANCE: {id: f1dba359219540fe8c582ebe2828caf5, updates: Object} @ https://app-companion-430619.appspot.com/assets/util-BcnQOj-A.js:450
[ 1797848ms] [WARNING] [SSOT] Zero dimensions detected in UPDATE_INSTANCE: {id: f1dba359219540fe8c582ebe2828caf5, updates: Object} @ https://app-companion-430619.appspot.com/assets/util-BcnQOj-A.js:450
[ 1799217ms] [WARNING] cdn.tailwindcss.com should not be used in production. To use Tailwind CSS in production, install it as a PostCSS plugin or use the Tailwind CLI: https://tailwindcss.com/docs/installation @ https://cdn.tailwindcss.com/?plugins=forms,container-queries:63
[   72078ms] [INFO] Slow network is detected. See https://www.chromestatus.com/feature/5636954674692096 for more details. Fallback font will be used while loading: https://fonts.cdnfonts.com/s/118388/Geist-Medium.woff @ about:srcdoc:498
[   72078ms] [INFO] Slow network is detected. See https://www.chromestatus.com/feature/5636954674692096 for more details. Fallback font will be used while loading: https://fonts.cdnfonts.com/s/118388/GeistVF.woff @ about:srcdoc:498
[ 1801905ms] [WARNING] [SSOT] Zero dimensions detected in UPDATE_INSTANCE: {id: e1e86cc1c51f4f5fa95dfafe1c046383, updates: Object} @ https://app-companion-430619.appspot.com/assets/util-BcnQOj-A.js:450
[ 1801981ms] [WARNING] [SSOT] Zero dimensions detected in UPDATE_INSTANCE: {id: e1e86cc1c51f4f5fa95dfafe1c046383, updates: Object} @ https://app-companion-430619.appspot.com/assets/util-BcnQOj-A.js:450
[ 1802991ms] [WARNING] cdn.tailwindcss.com should not be used in production. To use Tailwind CSS in production, install it as a PostCSS plugin or use the Tailwind CLI: https://tailwindcss.com/docs/installation @ https://cdn.tailwindcss.com/?plugins=forms,container-queries:63
[ 1815297ms] [WARNING] cdn.tailwindcss.com should not be used in production. To use Tailwind CSS in production, install it as a PostCSS plugin or use the Tailwind CLI: https://tailwindcss.com/docs/installation @ https://cdn.tailwindcss.com/?plugins=forms,container-queries:63
[ 1817958ms] SyntaxError: Failed to execute 'appendChild' on 'Node': Unexpected end of input
    at qt.applyOperationToElement (about:srcdoc:184:8841)
    at qt.syncNodes (about:srcdoc:184:11496)
    at jt.renderBody (about:srcdoc:184:17192)
    at jt.handleHtmlUpdate (about:srcdoc:184:16845)
    at about:srcdoc:218:75713
[ 1819953ms] [ERROR] [IframeRenderer] Uncaught SyntaxError: Failed to execute 'appendChild' on 'Node': Unexpected end of input {type: direct_edit_error, screenId: f1dba359219540fe8c582ebe2828caf5, message: Uncaught SyntaxError: Failed to execute 'appendChild' on 'Node': Unexpected end of input, error: SyntaxError: Failed to execute 'appendChild' on 'Node': Unexpected end of input} @ https://app-companion-430619.appspot.com/assets/util-BcnQOj-A.js:177
[   72078ms] [INFO] Slow network is detected. See https://www.chromestatus.com/feature/5636954674692096 for more details. Fallback font will be used while loading: https://fonts.cdnfonts.com/s/118388/Geist-Medium.woff @ about:srcdoc:498
[   72078ms] [INFO] Slow network is detected. See https://www.chromestatus.com/feature/5636954674692096 for more details. Fallback font will be used while loading: https://fonts.cdnfonts.com/s/118388/GeistVF.woff @ about:srcdoc:498
[ 1824533ms] [WARNING] [SSOT] Zero dimensions detected in UPDATE_INSTANCE: {id: 9a8ac16997f44859a93d6ef723ab1ab7, updates: Object} @ https://app-companion-430619.appspot.com/assets/util-BcnQOj-A.js:450
[ 1824606ms] [WARNING] [SSOT] Zero dimensions detected in UPDATE_INSTANCE: {id: 9a8ac16997f44859a93d6ef723ab1ab7, updates: Object} @ https://app-companion-430619.appspot.com/assets/util-BcnQOj-A.js:450
[ 1825501ms] [WARNING] cdn.tailwindcss.com should not be used in production. To use Tailwind CSS in production, install it as a PostCSS plugin or use the Tailwind CLI: https://tailwindcss.com/docs/installation @ https://cdn.tailwindcss.com/?plugins=forms,container-queries:63
[ 1826209ms] [WARNING] cdn.tailwindcss.com should not be used in production. To use Tailwind CSS in production, install it as a PostCSS plugin or use the Tailwind CLI: https://tailwindcss.com/docs/installation @ https://cdn.tailwindcss.com/?plugins=forms,container-queries:63
[ 1832888ms] [WARNING] cdn.tailwindcss.com should not be used in production. To use Tailwind CSS in production, install it as a PostCSS plugin or use the Tailwind CLI: https://tailwindcss.com/docs/installation @ https://cdn.tailwindcss.com/?plugins=forms,container-queries:63
[ 1847087ms] SyntaxError: Failed to execute 'appendChild' on 'Node': Invalid or unexpected token
    at qt.applyOperationToElement (about:srcdoc:184:8841)
    at qt.syncNodes (about:srcdoc:184:11496)
    at jt.renderBody (about:srcdoc:184:17192)
    at jt.handleHtmlUpdate (about:srcdoc:184:16845)
    at about:srcdoc:218:75713
[ 1847341ms] [ERROR] [IframeRenderer] Uncaught SyntaxError: Failed to execute 'appendChild' on 'Node': Invalid or unexpected token {type: direct_edit_error, screenId: 9a8ac16997f44859a93d6ef723ab1ab7, message: Uncaught SyntaxError: Failed to execute 'appendChild' on 'Node': Invalid or unexpected token, error: SyntaxError: Failed to execute 'appendChild' on 'Node': Invalid or unexpected token} @ https://app-companion-430619.appspot.com/assets/util-BcnQOj-A.js:177
[ 1850717ms] [WARNING] cdn.tailwindcss.com should not be used in production. To use Tailwind CSS in production, install it as a PostCSS plugin or use the Tailwind CLI: https://tailwindcss.com/docs/installation @ https://cdn.tailwindcss.com/?plugins=forms,container-queries:63
[   72078ms] [INFO] Slow network is detected. See https://www.chromestatus.com/feature/5636954674692096 for more details. Fallback font will be used while loading: https://fonts.cdnfonts.com/s/118388/Geist-Medium.woff @ about:srcdoc:498
[   72078ms] [INFO] Slow network is detected. See https://www.chromestatus.com/feature/5636954674692096 for more details. Fallback font will be used while loading: https://fonts.cdnfonts.com/s/118388/GeistVF.woff @ about:srcdoc:498
[ 1873858ms] [WARNING] [SSOT] Zero dimensions detected in UPDATE_INSTANCE: {id: 1a247e96ad474da4bc6791d362670274, updates: Object} @ https://app-companion-430619.appspot.com/assets/util-BcnQOj-A.js:450
[ 1874002ms] [WARNING] [SSOT] Zero dimensions detected in UPDATE_INSTANCE: {id: 1a247e96ad474da4bc6791d362670274, updates: Object} @ https://app-companion-430619.appspot.com/assets/util-BcnQOj-A.js:450
[ 1875290ms] [WARNING] cdn.tailwindcss.com should not be used in production. To use Tailwind CSS in production, install it as a PostCSS plugin or use the Tailwind CLI: https://tailwindcss.com/docs/installation @ https://cdn.tailwindcss.com/?plugins=forms,container-queries:63
[   72078ms] [INFO] Slow network is detected. See https://www.chromestatus.com/feature/5636954674692096 for more details. Fallback font will be used while loading: https://fonts.cdnfonts.com/s/118388/Geist-Medium.woff @ about:srcdoc:498
[   72078ms] [INFO] Slow network is detected. See https://www.chromestatus.com/feature/5636954674692096 for more details. Fallback font will be used while loading: https://fonts.cdnfonts.com/s/118388/GeistVF.woff @ about:srcdoc:498
[ 1887866ms] [WARNING] [SSOT] Zero dimensions detected in UPDATE_INSTANCE: {id: 2cbc59a5e23d4b50b333e6302a783e4c, updates: Object} @ https://app-companion-430619.appspot.com/assets/util-BcnQOj-A.js:450
[ 1887943ms] [WARNING] [SSOT] Zero dimensions detected in UPDATE_INSTANCE: {id: 2cbc59a5e23d4b50b333e6302a783e4c, updates: Object} @ https://app-companion-430619.appspot.com/assets/util-BcnQOj-A.js:450
[ 1889308ms] [WARNING] cdn.tailwindcss.com should not be used in production. To use Tailwind CSS in production, install it as a PostCSS plugin or use the Tailwind CLI: https://tailwindcss.com/docs/installation @ https://cdn.tailwindcss.com/?plugins=forms,container-queries:63
[ 1904054ms] [WARNING] cdn.tailwindcss.com should not be used in production. To use Tailwind CSS in production, install it as a PostCSS plugin or use the Tailwind CLI: https://tailwindcss.com/docs/installation @ https://cdn.tailwindcss.com/?plugins=forms,container-queries:63
[   72078ms] [INFO] Slow network is detected. See https://www.chromestatus.com/feature/5636954674692096 for more details. Fallback font will be used while loading: https://fonts.cdnfonts.com/s/118388/Geist-Medium.woff @ about:srcdoc:498
[   72078ms] [INFO] Slow network is detected. See https://www.chromestatus.com/feature/5636954674692096 for more details. Fallback font will be used while loading: https://fonts.cdnfonts.com/s/118388/GeistVF.woff @ about:srcdoc:498
[ 1907372ms] [WARNING] [SSOT] Zero dimensions detected in UPDATE_INSTANCE: {id: ae5a47eb69184d829a5faf903a421339, updates: Object} @ https://app-companion-430619.appspot.com/assets/util-BcnQOj-A.js:450
[ 1907998ms] [WARNING] [SSOT] Zero dimensions detected in UPDATE_INSTANCE: {id: ae5a47eb69184d829a5faf903a421339, updates: Object} @ https://app-companion-430619.appspot.com/assets/util-BcnQOj-A.js:450
[ 1908599ms] [WARNING] cdn.tailwindcss.com should not be used in production. To use Tailwind CSS in production, install it as a PostCSS plugin or use the Tailwind CLI: https://tailwindcss.com/docs/installation @ https://cdn.tailwindcss.com/?plugins=forms,container-queries:63
[ 1918449ms] [WARNING] cdn.tailwindcss.com should not be used in production. To use Tailwind CSS in production, install it as a PostCSS plugin or use the Tailwind CLI: https://tailwindcss.com/docs/installation @ https://cdn.tailwindcss.com/?plugins=forms,container-queries:63
[   72078ms] [INFO] Slow network is detected. See https://www.chromestatus.com/feature/5636954674692096 for more details. Fallback font will be used while loading: https://fonts.cdnfonts.com/s/118388/Geist-Medium.woff @ about:srcdoc:498
[   72078ms] [INFO] Slow network is detected. See https://www.chromestatus.com/feature/5636954674692096 for more details. Fallback font will be used while loading: https://fonts.cdnfonts.com/s/118388/GeistVF.woff @ about:srcdoc:498
[ 1928974ms] [WARNING] [SSOT] Zero dimensions detected in UPDATE_INSTANCE: {id: a3cda35331cd453780c6662c482f2e00, updates: Object} @ https://app-companion-430619.appspot.com/assets/util-BcnQOj-A.js:450
[ 1929092ms] [WARNING] [SSOT] Zero dimensions detected in UPDATE_INSTANCE: {id: a3cda35331cd453780c6662c482f2e00, updates: Object} @ https://app-companion-430619.appspot.com/assets/util-BcnQOj-A.js:450
[ 1929905ms] [WARNING] cdn.tailwindcss.com should not be used in production. To use Tailwind CSS in production, install it as a PostCSS plugin or use the Tailwind CLI: https://tailwindcss.com/docs/installation @ https://cdn.tailwindcss.com/?plugins=forms,container-queries:63
[ 1943054ms] [WARNING] cdn.tailwindcss.com should not be used in production. To use Tailwind CSS in production, install it as a PostCSS plugin or use the Tailwind CLI: https://tailwindcss.com/docs/installation @ https://cdn.tailwindcss.com/?plugins=forms,container-queries:63
[ 1955231ms] [WARNING] cdn.tailwindcss.com should not be used in production. To use Tailwind CSS in production, install it as a PostCSS plugin or use the Tailwind CLI: https://tailwindcss.com/docs/installation @ https://cdn.tailwindcss.com/?plugins=forms,container-queries:63
[   72078ms] [INFO] Slow network is detected. See https://www.chromestatus.com/feature/5636954674692096 for more details. Fallback font will be used while loading: https://fonts.cdnfonts.com/s/118388/Geist-Medium.woff @ about:srcdoc:498
[   72078ms] [INFO] Slow network is detected. See https://www.chromestatus.com/feature/5636954674692096 for more details. Fallback font will be used while loading: https://fonts.cdnfonts.com/s/118388/GeistVF.woff @ about:srcdoc:498
[ 2080651ms] [WARNING] cdn.tailwindcss.com should not be used in production. To use Tailwind CSS in production, install it as a PostCSS plugin or use the Tailwind CLI: https://tailwindcss.com/docs/installation @ https://cdn.tailwindcss.com/?plugins=forms,container-queries:63
[   72078ms] [INFO] Slow network is detected. See https://www.chromestatus.com/feature/5636954674692096 for more details. Fallback font will be used while loading: https://fonts.cdnfonts.com/s/118388/Geist-Medium.woff @ about:srcdoc:498
[   72078ms] [INFO] Slow network is detected. See https://www.chromestatus.com/feature/5636954674692096 for more details. Fallback font will be used while loading: https://fonts.cdnfonts.com/s/118388/GeistVF.woff @ about:srcdoc:498
[ 2096274ms] [WARNING] cdn.tailwindcss.com should not be used in production. To use Tailwind CSS in production, install it as a PostCSS plugin or use the Tailwind CLI: https://tailwindcss.com/docs/installation @ https://cdn.tailwindcss.com/?plugins=forms,container-queries:63
[   72078ms] [INFO] Slow network is detected. See https://www.chromestatus.com/feature/5636954674692096 for more details. Fallback font will be used while loading: https://fonts.cdnfonts.com/s/118388/Geist-Medium.woff @ about:srcdoc:498
[   72078ms] [INFO] Slow network is detected. See https://www.chromestatus.com/feature/5636954674692096 for more details. Fallback font will be used while loading: https://fonts.cdnfonts.com/s/118388/GeistVF.woff @ about:srcdoc:498
[ 2102608ms] [WARNING] cdn.tailwindcss.com should not be used in production. To use Tailwind CSS in production, install it as a PostCSS plugin or use the Tailwind CLI: https://tailwindcss.com/docs/installation @ https://cdn.tailwindcss.com/?plugins=forms,container-queries:63
[   72078ms] [INFO] Slow network is detected. See https://www.chromestatus.com/feature/5636954674692096 for more details. Fallback font will be used while loading: https://fonts.cdnfonts.com/s/118388/Geist-Medium.woff @ about:srcdoc:498
[   72078ms] [INFO] Slow network is detected. See https://www.chromestatus.com/feature/5636954674692096 for more details. Fallback font will be used while loading: https://fonts.cdnfonts.com/s/118388/GeistVF.woff @ about:srcdoc:498
[ 2108543ms] [WARNING] cdn.tailwindcss.com should not be used in production. To use Tailwind CSS in production, install it as a PostCSS plugin or use the Tailwind CLI: https://tailwindcss.com/docs/installation @ https://cdn.tailwindcss.com/?plugins=forms,container-queries:63
[   72078ms] [INFO] Slow network is detected. See https://www.chromestatus.com/feature/5636954674692096 for more details. Fallback font will be used while loading: https://fonts.cdnfonts.com/s/118388/Geist-Medium.woff @ about:srcdoc:498
[   72078ms] [INFO] Slow network is detected. See https://www.chromestatus.com/feature/5636954674692096 for more details. Fallback font will be used while loading: https://fonts.cdnfonts.com/s/118388/GeistVF.woff @ about:srcdoc:498
[ 2112678ms] [WARNING] cdn.tailwindcss.com should not be used in production. To use Tailwind CSS in production, install it as a PostCSS plugin or use the Tailwind CLI: https://tailwindcss.com/docs/installation @ https://cdn.tailwindcss.com/?plugins=forms,container-queries:63
[   72078ms] [INFO] Slow network is detected. See https://www.chromestatus.com/feature/5636954674692096 for more details. Fallback font will be used while loading: https://fonts.cdnfonts.com/s/118388/Geist-Medium.woff @ about:srcdoc:498
[   72078ms] [INFO] Slow network is detected. See https://www.chromestatus.com/feature/5636954674692096 for more details. Fallback font will be used while loading: https://fonts.cdnfonts.com/s/118388/GeistVF.woff @ about:srcdoc:498
[ 2115093ms] [WARNING] cdn.tailwindcss.com should not be used in production. To use Tailwind CSS in production, install it as a PostCSS plugin or use the Tailwind CLI: https://tailwindcss.com/docs/installation @ https://cdn.tailwindcss.com/?plugins=forms,container-queries:63
[   72078ms] [INFO] Slow network is detected. See https://www.chromestatus.com/feature/5636954674692096 for more details. Fallback font will be used while loading: https://fonts.cdnfonts.com/s/118388/Geist-Medium.woff @ about:srcdoc:498
[   72078ms] [INFO] Slow network is detected. See https://www.chromestatus.com/feature/5636954674692096 for more details. Fallback font will be used while loading: https://fonts.cdnfonts.com/s/118388/GeistVF.woff @ about:srcdoc:498
[ 2117674ms] [WARNING] cdn.tailwindcss.com should not be used in production. To use Tailwind CSS in production, install it as a PostCSS plugin or use the Tailwind CLI: https://tailwindcss.com/docs/installation @ https://cdn.tailwindcss.com/?plugins=forms,container-queries:63
[   72078ms] [INFO] Slow network is detected. See https://www.chromestatus.com/feature/5636954674692096 for more details. Fallback font will be used while loading: https://fonts.cdnfonts.com/s/118388/Geist-Medium.woff @ about:srcdoc:498
[   72078ms] [INFO] Slow network is detected. See https://www.chromestatus.com/feature/5636954674692096 for more details. Fallback font will be used while loading: https://fonts.cdnfonts.com/s/118388/GeistVF.woff @ about:srcdoc:498
[ 2124459ms] [WARNING] cdn.tailwindcss.com should not be used in production. To use Tailwind CSS in production, install it as a PostCSS plugin or use the Tailwind CLI: https://tailwindcss.com/docs/installation @ https://cdn.tailwindcss.com/?plugins=forms,container-queries:63
[   72078ms] [INFO] Slow network is detected. See https://www.chromestatus.com/feature/5636954674692096 for more details. Fallback font will be used while loading: https://fonts.cdnfonts.com/s/118388/Geist-Medium.woff @ about:srcdoc:498
[   72078ms] [INFO] Slow network is detected. See https://www.chromestatus.com/feature/5636954674692096 for more details. Fallback font will be used while loading: https://fonts.cdnfonts.com/s/118388/GeistVF.woff @ about:srcdoc:498
[ 2128263ms] [WARNING] cdn.tailwindcss.com should not be used in production. To use Tailwind CSS in production, install it as a PostCSS plugin or use the Tailwind CLI: https://tailwindcss.com/docs/installation @ https://cdn.tailwindcss.com/?plugins=forms,container-queries:63
[   72078ms] [INFO] Slow network is detected. See https://www.chromestatus.com/feature/5636954674692096 for more details. Fallback font will be used while loading: https://fonts.cdnfonts.com/s/118388/Geist-Medium.woff @ about:srcdoc:498
[   72078ms] [INFO] Slow network is detected. See https://www.chromestatus.com/feature/5636954674692096 for more details. Fallback font will be used while loading: https://fonts.cdnfonts.com/s/118388/GeistVF.woff @ about:srcdoc:498
[ 2134218ms] [WARNING] cdn.tailwindcss.com should not be used in production. To use Tailwind CSS in production, install it as a PostCSS plugin or use the Tailwind CLI: https://tailwindcss.com/docs/installation @ https://cdn.tailwindcss.com/?plugins=forms,container-queries:63
[   72078ms] [INFO] Slow network is detected. See https://www.chromestatus.com/feature/5636954674692096 for more details. Fallback font will be used while loading: https://fonts.cdnfonts.com/s/118388/Geist-Medium.woff @ about:srcdoc:498
[   72078ms] [INFO] Slow network is detected. See https://www.chromestatus.com/feature/5636954674692096 for more details. Fallback font will be used while loading: https://fonts.cdnfonts.com/s/118388/GeistVF.woff @ about:srcdoc:498
[   72078ms] [INFO] Slow network is detected. See https://www.chromestatus.com/feature/5636954674692096 for more details. Fallback font will be used while loading: https://fonts.cdnfonts.com/s/118388/Geist-Medium.woff @ about:srcdoc:498
[   72078ms] [INFO] Slow network is detected. See https://www.chromestatus.com/feature/5636954674692096 for more details. Fallback font will be used while loading: https://fonts.cdnfonts.com/s/118388/GeistVF.woff @ about:srcdoc:498
[ 2137316ms] [WARNING] cdn.tailwindcss.com should not be used in production. To use Tailwind CSS in production, install it as a PostCSS plugin or use the Tailwind CLI: https://tailwindcss.com/docs/installation @ https://cdn.tailwindcss.com/?plugins=forms,container-queries:63
[ 2137687ms] [WARNING] cdn.tailwindcss.com should not be used in production. To use Tailwind CSS in production, install it as a PostCSS plugin or use the Tailwind CLI: https://tailwindcss.com/docs/installation @ https://cdn.tailwindcss.com/?plugins=forms,container-queries:63
[   72078ms] [INFO] Slow network is detected. See https://www.chromestatus.com/feature/5636954674692096 for more details. Fallback font will be used while loading: https://fonts.cdnfonts.com/s/118388/Geist-Medium.woff @ about:srcdoc:498
[   72078ms] [INFO] Slow network is detected. See https://www.chromestatus.com/feature/5636954674692096 for more details. Fallback font will be used while loading: https://fonts.cdnfonts.com/s/118388/GeistVF.woff @ about:srcdoc:498
[ 2141728ms] [WARNING] cdn.tailwindcss.com should not be used in production. To use Tailwind CSS in production, install it as a PostCSS plugin or use the Tailwind CLI: https://tailwindcss.com/docs/installation @ https://cdn.tailwindcss.com/?plugins=forms,container-queries:63
[   72078ms] [INFO] Slow network is detected. See https://www.chromestatus.com/feature/5636954674692096 for more details. Fallback font will be used while loading: https://fonts.cdnfonts.com/s/118388/Geist-Medium.woff @ about:srcdoc:498
[   72078ms] [INFO] Slow network is detected. See https://www.chromestatus.com/feature/5636954674692096 for more details. Fallback font will be used while loading: https://fonts.cdnfonts.com/s/118388/GeistVF.woff @ about:srcdoc:498
[   72078ms] [INFO] Slow network is detected. See https://www.chromestatus.com/feature/5636954674692096 for more details. Fallback font will be used while loading: https://fonts.cdnfonts.com/s/118388/Geist-Medium.woff @ about:srcdoc:498
[   72078ms] [INFO] Slow network is detected. See https://www.chromestatus.com/feature/5636954674692096 for more details. Fallback font will be used while loading: https://fonts.cdnfonts.com/s/118388/GeistVF.woff @ about:srcdoc:498
[ 2268252ms] [WARNING] cdn.tailwindcss.com should not be used in production. To use Tailwind CSS in production, install it as a PostCSS plugin or use the Tailwind CLI: https://tailwindcss.com/docs/installation @ https://cdn.tailwindcss.com/?plugins=forms,container-queries:63
[ 2268759ms] [WARNING] cdn.tailwindcss.com should not be used in production. To use Tailwind CSS in production, install it as a PostCSS plugin or use the Tailwind CLI: https://tailwindcss.com/docs/installation @ https://cdn.tailwindcss.com/?plugins=forms,container-queries:63
[   72078ms] [INFO] Slow network is detected. See https://www.chromestatus.com/feature/5636954674692096 for more details. Fallback font will be used while loading: https://fonts.cdnfonts.com/s/118388/Geist-Medium.woff @ about:srcdoc:498
[   72078ms] [INFO] Slow network is detected. See https://www.chromestatus.com/feature/5636954674692096 for more details. Fallback font will be used while loading: https://fonts.cdnfonts.com/s/118388/GeistVF.woff @ about:srcdoc:498
[ 2279569ms] [WARNING] [SSOT] Zero dimensions detected in UPDATE_INSTANCE: {id: 9a2e3e65f1a74e5ca57fd75d556a1c5d, updates: Object} @ https://app-companion-430619.appspot.com/assets/util-BcnQOj-A.js:450
[ 2279625ms] [WARNING] [SSOT] Zero dimensions detected in UPDATE_INSTANCE: {id: 9a2e3e65f1a74e5ca57fd75d556a1c5d, updates: Object} @ https://app-companion-430619.appspot.com/assets/util-BcnQOj-A.js:450
[ 2281026ms] [WARNING] cdn.tailwindcss.com should not be used in production. To use Tailwind CSS in production, install it as a PostCSS plugin or use the Tailwind CLI: https://tailwindcss.com/docs/installation @ https://cdn.tailwindcss.com/?plugins=forms,container-queries:63
[   72078ms] [INFO] Slow network is detected. See https://www.chromestatus.com/feature/5636954674692096 for more details. Fallback font will be used while loading: https://fonts.cdnfonts.com/s/118388/Geist-Medium.woff @ about:srcdoc:498
[   72078ms] [INFO] Slow network is detected. See https://www.chromestatus.com/feature/5636954674692096 for more details. Fallback font will be used while loading: https://fonts.cdnfonts.com/s/118388/GeistVF.woff @ about:srcdoc:498
[ 2299000ms] [WARNING] [SSOT] Zero dimensions detected in UPDATE_INSTANCE: {id: 55ba4b09febe465fbdde69ef87f623d8, updates: Object} @ https://app-companion-430619.appspot.com/assets/util-BcnQOj-A.js:450
[ 2299579ms] [WARNING] [SSOT] Zero dimensions detected in UPDATE_INSTANCE: {id: 55ba4b09febe465fbdde69ef87f623d8, updates: Object} @ https://app-companion-430619.appspot.com/assets/util-BcnQOj-A.js:450
[ 2300754ms] [WARNING] cdn.tailwindcss.com should not be used in production. To use Tailwind CSS in production, install it as a PostCSS plugin or use the Tailwind CLI: https://tailwindcss.com/docs/installation @ https://cdn.tailwindcss.com/?plugins=forms,container-queries:63
[   72078ms] [INFO] Slow network is detected. See https://www.chromestatus.com/feature/5636954674692096 for more details. Fallback font will be used while loading: https://fonts.cdnfonts.com/s/118388/Geist-Medium.woff @ about:srcdoc:498
[   72078ms] [INFO] Slow network is detected. See https://www.chromestatus.com/feature/5636954674692096 for more details. Fallback font will be used while loading: https://fonts.cdnfonts.com/s/118388/GeistVF.woff @ about:srcdoc:498
[ 2323135ms] [WARNING] [SSOT] Zero dimensions detected in UPDATE_INSTANCE: {id: 3ab1307792484adba40a147f7b127acf, updates: Object} @ https://app-companion-430619.appspot.com/assets/util-BcnQOj-A.js:450
[ 2323195ms] [WARNING] [SSOT] Zero dimensions detected in UPDATE_INSTANCE: {id: 3ab1307792484adba40a147f7b127acf, updates: Object} @ https://app-companion-430619.appspot.com/assets/util-BcnQOj-A.js:450
[ 2324241ms] [WARNING] cdn.tailwindcss.com should not be used in production. To use Tailwind CSS in production, install it as a PostCSS plugin or use the Tailwind CLI: https://tailwindcss.com/docs/installation @ https://cdn.tailwindcss.com/?plugins=forms,container-queries:63
[ 2333828ms] [WARNING] cdn.tailwindcss.com should not be used in production. To use Tailwind CSS in production, install it as a PostCSS plugin or use the Tailwind CLI: https://tailwindcss.com/docs/installation @ https://cdn.tailwindcss.com/?plugins=forms,container-queries:63
[   72078ms] [INFO] Slow network is detected. See https://www.chromestatus.com/feature/5636954674692096 for more details. Fallback font will be used while loading: https://fonts.cdnfonts.com/s/118388/Geist-Medium.woff @ about:srcdoc:498
[   72078ms] [INFO] Slow network is detected. See https://www.chromestatus.com/feature/5636954674692096 for more details. Fallback font will be used while loading: https://fonts.cdnfonts.com/s/118388/GeistVF.woff @ about:srcdoc:498
[ 2346697ms] [WARNING] [SSOT] Zero dimensions detected in UPDATE_INSTANCE: {id: 35ded22cd01243dfbb33b801b3d0c6a1, updates: Object} @ https://app-companion-430619.appspot.com/assets/util-BcnQOj-A.js:450
[ 2346805ms] [WARNING] [SSOT] Zero dimensions detected in UPDATE_INSTANCE: {id: 35ded22cd01243dfbb33b801b3d0c6a1, updates: Object} @ https://app-companion-430619.appspot.com/assets/util-BcnQOj-A.js:450
[ 2348034ms] [WARNING] cdn.tailwindcss.com should not be used in production. To use Tailwind CSS in production, install it as a PostCSS plugin or use the Tailwind CLI: https://tailwindcss.com/docs/installation @ https://cdn.tailwindcss.com/?plugins=forms,container-queries:63
[ 2364412ms] [WARNING] cdn.tailwindcss.com should not be used in production. To use Tailwind CSS in production, install it as a PostCSS plugin or use the Tailwind CLI: https://tailwindcss.com/docs/installation @ https://cdn.tailwindcss.com/?plugins=forms,container-queries:63
[ 2366776ms] [WARNING] cdn.tailwindcss.com should not be used in production. To use Tailwind CSS in production, install it as a PostCSS plugin or use the Tailwind CLI: https://tailwindcss.com/docs/installation @ https://cdn.tailwindcss.com/?plugins=forms,container-queries:63
[ 2372776ms] [WARNING] cdn.tailwindcss.com should not be used in production. To use Tailwind CSS in production, install it as a PostCSS plugin or use the Tailwind CLI: https://tailwindcss.com/docs/installation @ https://cdn.tailwindcss.com/?plugins=forms,container-queries:63
[   72078ms] [INFO] Slow network is detected. See https://www.chromestatus.com/feature/5636954674692096 for more details. Fallback font will be used while loading: https://fonts.cdnfonts.com/s/118388/Geist-Medium.woff @ about:srcdoc:498
[   72078ms] [INFO] Slow network is detected. See https://www.chromestatus.com/feature/5636954674692096 for more details. Fallback font will be used while loading: https://fonts.cdnfonts.com/s/118388/GeistVF.woff @ about:srcdoc:498
[ 2452636ms] [WARNING] [SSOT] Zero dimensions detected in UPDATE_INSTANCE: {id: 87e1048780284ccaa33c45ed8f60aea5, updates: Object} @ https://app-companion-430619.appspot.com/assets/util-BcnQOj-A.js:450
[ 2452688ms] [WARNING] [SSOT] Zero dimensions detected in UPDATE_INSTANCE: {id: 87e1048780284ccaa33c45ed8f60aea5, updates: Object} @ https://app-companion-430619.appspot.com/assets/util-BcnQOj-A.js:450
[ 2453609ms] [WARNING] cdn.tailwindcss.com should not be used in production. To use Tailwind CSS in production, install it as a PostCSS plugin or use the Tailwind CLI: https://tailwindcss.com/docs/installation @ https://cdn.tailwindcss.com/?plugins=forms,container-queries:63
[   72078ms] [INFO] Slow network is detected. See https://www.chromestatus.com/feature/5636954674692096 for more details. Fallback font will be used while loading: https://fonts.cdnfonts.com/s/118388/Geist-Medium.woff @ about:srcdoc:498
[   72078ms] [INFO] Slow network is detected. See https://www.chromestatus.com/feature/5636954674692096 for more details. Fallback font will be used while loading: https://fonts.cdnfonts.com/s/118388/GeistVF.woff @ about:srcdoc:498
[ 2466182ms] [WARNING] [SSOT] Zero dimensions detected in UPDATE_INSTANCE: {id: a2348a78a06f4d64a8ab42be9646953c, updates: Object} @ https://app-companion-430619.appspot.com/assets/util-BcnQOj-A.js:450
[ 2466589ms] [WARNING] [SSOT] Zero dimensions detected in UPDATE_INSTANCE: {id: a2348a78a06f4d64a8ab42be9646953c, updates: Object} @ https://app-companion-430619.appspot.com/assets/util-BcnQOj-A.js:450
[ 2467494ms] [WARNING] cdn.tailwindcss.com should not be used in production. To use Tailwind CSS in production, install it as a PostCSS plugin or use the Tailwind CLI: https://tailwindcss.com/docs/installation @ https://cdn.tailwindcss.com/?plugins=forms,container-queries:63
[   72078ms] [INFO] Slow network is detected. See https://www.chromestatus.com/feature/5636954674692096 for more details. Fallback font will be used while loading: https://fonts.cdnfonts.com/s/118388/Geist-Medium.woff @ about:srcdoc:498
[   72078ms] [INFO] Slow network is detected. See https://www.chromestatus.com/feature/5636954674692096 for more details. Fallback font will be used while loading: https://fonts.cdnfonts.com/s/118388/GeistVF.woff @ about:srcdoc:498
[ 2478211ms] [WARNING] [SSOT] Zero dimensions detected in UPDATE_INSTANCE: {id: 4fc25038b46a4990aba49ab01ca5c570, updates: Object} @ https://app-companion-430619.appspot.com/assets/util-BcnQOj-A.js:450
[ 2478356ms] [WARNING] [SSOT] Zero dimensions detected in UPDATE_INSTANCE: {id: 4fc25038b46a4990aba49ab01ca5c570, updates: Object} @ https://app-companion-430619.appspot.com/assets/util-BcnQOj-A.js:450
[ 2479381ms] [WARNING] cdn.tailwindcss.com should not be used in production. To use Tailwind CSS in production, install it as a PostCSS plugin or use the Tailwind CLI: https://tailwindcss.com/docs/installation @ https://cdn.tailwindcss.com/?plugins=forms,container-queries:63
[   72078ms] [INFO] Slow network is detected. See https://www.chromestatus.com/feature/5636954674692096 for more details. Fallback font will be used while loading: https://fonts.cdnfonts.com/s/118388/Geist-Medium.woff @ about:srcdoc:498
[   72078ms] [INFO] Slow network is detected. See https://www.chromestatus.com/feature/5636954674692096 for more details. Fallback font will be used while loading: https://fonts.cdnfonts.com/s/118388/GeistVF.woff @ about:srcdoc:498
[ 2509269ms] SyntaxError: Failed to execute 'appendChild' on 'Node': Unexpected end of input
    at qt.applyOperationToElement (about:srcdoc:184:8841)
    at qt.syncNodes (about:srcdoc:184:11496)
    at qt.syncNodes (about:srcdoc:184:11349)
    at jt.renderBody (about:srcdoc:184:17192)
    at jt.handleHtmlUpdate (about:srcdoc:184:16845)
    at about:srcdoc:218:75713
[   72078ms] [INFO] Slow network is detected. See https://www.chromestatus.com/feature/5636954674692096 for more details. Fallback font will be used while loading: https://fonts.cdnfonts.com/s/118388/Geist-Medium.woff @ about:srcdoc:498
[   72078ms] [INFO] Slow network is detected. See https://www.chromestatus.com/feature/5636954674692096 for more details. Fallback font will be used while loading: https://fonts.cdnfonts.com/s/118388/GeistVF.woff @ about:srcdoc:498
[ 2531939ms] [WARNING] [SSOT] Zero dimensions detected in UPDATE_INSTANCE: {id: 69247ab84ca04848b6f1472d6c5d04b9, updates: Object} @ https://app-companion-430619.appspot.com/assets/util-BcnQOj-A.js:450
[ 2532072ms] [WARNING] [SSOT] Zero dimensions detected in UPDATE_INSTANCE: {id: 69247ab84ca04848b6f1472d6c5d04b9, updates: Object} @ https://app-companion-430619.appspot.com/assets/util-BcnQOj-A.js:450
[ 2533047ms] [WARNING] cdn.tailwindcss.com should not be used in production. To use Tailwind CSS in production, install it as a PostCSS plugin or use the Tailwind CLI: https://tailwindcss.com/docs/installation @ https://cdn.tailwindcss.com/?plugins=forms,container-queries:63
[ 2536444ms] [ERROR] [IframeRenderer] Uncaught SyntaxError: Failed to execute 'appendChild' on 'Node': Unexpected end of input {type: direct_edit_error, screenId: a2348a78a06f4d64a8ab42be9646953c, message: Uncaught SyntaxError: Failed to execute 'appendChild' on 'Node': Unexpected end of input, error: SyntaxError: Failed to execute 'appendChild' on 'Node': Unexpected end of input} @ https://app-companion-430619.appspot.com/assets/util-BcnQOj-A.js:177
[ 2551936ms] [WARNING] [SSOT] Zero dimensions detected in UPDATE_INSTANCE: {id: 2cbfdee01db24cc18d82cd4622a3c529, updates: Object} @ https://app-companion-430619.appspot.com/assets/util-BcnQOj-A.js:450
[ 2552024ms] [WARNING] [SSOT] Zero dimensions detected in UPDATE_INSTANCE: {id: 2cbfdee01db24cc18d82cd4622a3c529, updates: Object} @ https://app-companion-430619.appspot.com/assets/util-BcnQOj-A.js:450
[ 2552890ms] [WARNING] cdn.tailwindcss.com should not be used in production. To use Tailwind CSS in production, install it as a PostCSS plugin or use the Tailwind CLI: https://tailwindcss.com/docs/installation @ https://cdn.tailwindcss.com/?plugins=forms,container-queries:63
[ 2563596ms] [WARNING] cdn.tailwindcss.com should not be used in production. To use Tailwind CSS in production, install it as a PostCSS plugin or use the Tailwind CLI: https://tailwindcss.com/docs/installation @ https://cdn.tailwindcss.com/?plugins=forms,container-queries:63
[ 2564360ms] [WARNING] cdn.tailwindcss.com should not be used in production. To use Tailwind CSS in production, install it as a PostCSS plugin or use the Tailwind CLI: https://tailwindcss.com/docs/installation @ https://cdn.tailwindcss.com/?plugins=forms,container-queries:63
[ 2564461ms] [WARNING] cdn.tailwindcss.com should not be used in production. To use Tailwind CSS in production, install it as a PostCSS plugin or use the Tailwind CLI: https://tailwindcss.com/docs/installation @ https://cdn.tailwindcss.com/?plugins=forms,container-queries:63
[ 2564856ms] [LOG] Imperial Interface Loaded. Sector: 0-X Stable. @ about:srcdoc:8
[ 2565020ms] [WARNING] cdn.tailwindcss.com should not be used in production. To use Tailwind CSS in production, install it as a PostCSS plugin or use the Tailwind CLI: https://tailwindcss.com/docs/installation @ https://cdn.tailwindcss.com/?plugins=forms,container-queries:63
[ 2565297ms] [WARNING] cdn.tailwindcss.com should not be used in production. To use Tailwind CSS in production, install it as a PostCSS plugin or use the Tailwind CLI: https://tailwindcss.com/docs/installation @ https://cdn.tailwindcss.com/?plugins=forms,container-queries:63
[   72078ms] [INFO] Slow network is detected. See https://www.chromestatus.com/feature/5636954674692096 for more details. Fallback font will be used while loading: https://fonts.cdnfonts.com/s/118388/Geist-Medium.woff @ about:srcdoc:498
[   72078ms] [INFO] Slow network is detected. See https://www.chromestatus.com/feature/5636954674692096 for more details. Fallback font will be used while loading: https://fonts.cdnfonts.com/s/118388/GeistVF.woff @ about:srcdoc:498
[ 2621884ms] [WARNING] [SSOT] Zero dimensions detected in UPDATE_INSTANCE: {id: bb076670a17740298f37acd5319b6304, updates: Object} @ https://app-companion-430619.appspot.com/assets/util-BcnQOj-A.js:450
[ 2621975ms] [WARNING] [SSOT] Zero dimensions detected in UPDATE_INSTANCE: {id: bb076670a17740298f37acd5319b6304, updates: Object} @ https://app-companion-430619.appspot.com/assets/util-BcnQOj-A.js:450
[ 2624045ms] [WARNING] cdn.tailwindcss.com should not be used in production. To use Tailwind CSS in production, install it as a PostCSS plugin or use the Tailwind CLI: https://tailwindcss.com/docs/installation @ https://cdn.tailwindcss.com/?plugins=forms,container-queries:63
[ 2659243ms] [WARNING] cdn.tailwindcss.com should not be used in production. To use Tailwind CSS in production, install it as a PostCSS plugin or use the Tailwind CLI: https://tailwindcss.com/docs/installation @ https://cdn.tailwindcss.com/?plugins=forms,container-queries:63
[   72078ms] [INFO] Slow network is detected. See https://www.chromestatus.com/feature/5636954674692096 for more details. Fallback font will be used while loading: https://fonts.cdnfonts.com/s/118388/Geist-Medium.woff @ about:srcdoc:498
[   72078ms] [INFO] Slow network is detected. See https://www.chromestatus.com/feature/5636954674692096 for more details. Fallback font will be used while loading: https://fonts.cdnfonts.com/s/118388/GeistVF.woff @ about:srcdoc:498
[ 2693792ms] [WARNING] cdn.tailwindcss.com should not be used in production. To use Tailwind CSS in production, install it as a PostCSS plugin or use the Tailwind CLI: https://tailwindcss.com/docs/installation @ https://cdn.tailwindcss.com/?plugins=forms,container-queries:63
[ 2693900ms] [LOG] Imperial Interface Loaded. Sector: 0-X Stable. @ about:srcdoc:573
[   72078ms] [INFO] Slow network is detected. See https://www.chromestatus.com/feature/5636954674692096 for more details. Fallback font will be used while loading: https://fonts.cdnfonts.com/s/118388/Geist-Medium.woff @ about:srcdoc:498
[   72078ms] [INFO] Slow network is detected. See https://www.chromestatus.com/feature/5636954674692096 for more details. Fallback font will be used while loading: https://fonts.cdnfonts.com/s/118388/GeistVF.woff @ about:srcdoc:498
[ 2704161ms] [WARNING] cdn.tailwindcss.com should not be used in production. To use Tailwind CSS in production, install it as a PostCSS plugin or use the Tailwind CLI: https://tailwindcss.com/docs/installation @ https://cdn.tailwindcss.com/?plugins=forms,container-queries:63
[   72078ms] [INFO] Slow network is detected. See https://www.chromestatus.com/feature/5636954674692096 for more details. Fallback font will be used while loading: https://fonts.cdnfonts.com/s/118388/Geist-Medium.woff @ about:srcdoc:498
[   72078ms] [INFO] Slow network is detected. See https://www.chromestatus.com/feature/5636954674692096 for more details. Fallback font will be used while loading: https://fonts.cdnfonts.com/s/118388/GeistVF.woff @ about:srcdoc:498
[   72078ms] [INFO] Slow network is detected. See https://www.chromestatus.com/feature/5636954674692096 for more details. Fallback font will be used while loading: https://fonts.cdnfonts.com/s/118388/Geist-Medium.woff @ about:srcdoc:498
[   72078ms] [INFO] Slow network is detected. See https://www.chromestatus.com/feature/5636954674692096 for more details. Fallback font will be used while loading: https://fonts.cdnfonts.com/s/118388/GeistVF.woff @ about:srcdoc:498
[ 2706468ms] [WARNING] cdn.tailwindcss.com should not be used in production. To use Tailwind CSS in production, install it as a PostCSS plugin or use the Tailwind CLI: https://tailwindcss.com/docs/installation @ https://cdn.tailwindcss.com/?plugins=forms,container-queries:63
[ 2707179ms] [WARNING] cdn.tailwindcss.com should not be used in production. To use Tailwind CSS in production, install it as a PostCSS plugin or use the Tailwind CLI: https://tailwindcss.com/docs/installation @ https://cdn.tailwindcss.com/?plugins=forms,container-queries:63
[   72078ms] [INFO] Slow network is detected. See https://www.chromestatus.com/feature/5636954674692096 for more details. Fallback font will be used while loading: https://fonts.cdnfonts.com/s/118388/Geist-Medium.woff @ about:srcdoc:498
[   72078ms] [INFO] Slow network is detected. See https://www.chromestatus.com/feature/5636954674692096 for more details. Fallback font will be used while loading: https://fonts.cdnfonts.com/s/118388/GeistVF.woff @ about:srcdoc:498
[ 2721085ms] [WARNING] cdn.tailwindcss.com should not be used in production. To use Tailwind CSS in production, install it as a PostCSS plugin or use the Tailwind CLI: https://tailwindcss.com/docs/installation @ https://cdn.tailwindcss.com/?plugins=forms,container-queries:63
[   72078ms] [INFO] Slow network is detected. See https://www.chromestatus.com/feature/5636954674692096 for more details. Fallback font will be used while loading: https://fonts.cdnfonts.com/s/118388/Geist-Medium.woff @ about:srcdoc:498
[   72078ms] [INFO] Slow network is detected. See https://www.chromestatus.com/feature/5636954674692096 for more details. Fallback font will be used while loading: https://fonts.cdnfonts.com/s/118388/GeistVF.woff @ about:srcdoc:498
[ 2725789ms] [WARNING] cdn.tailwindcss.com should not be used in production. To use Tailwind CSS in production, install it as a PostCSS plugin or use the Tailwind CLI: https://tailwindcss.com/docs/installation @ https://cdn.tailwindcss.com/?plugins=forms,container-queries:63
[   72078ms] [INFO] Slow network is detected. See https://www.chromestatus.com/feature/5636954674692096 for more details. Fallback font will be used while loading: https://fonts.cdnfonts.com/s/118388/Geist-Medium.woff @ about:srcdoc:498
[   72078ms] [INFO] Slow network is detected. See https://www.chromestatus.com/feature/5636954674692096 for more details. Fallback font will be used while loading: https://fonts.cdnfonts.com/s/118388/GeistVF.woff @ about:srcdoc:498
[ 2801040ms] [WARNING] cdn.tailwindcss.com should not be used in production. To use Tailwind CSS in production, install it as a PostCSS plugin or use the Tailwind CLI: https://tailwindcss.com/docs/installation @ https://cdn.tailwindcss.com/?plugins=forms,container-queries:63
[   72078ms] [INFO] Slow network is detected. See https://www.chromestatus.com/feature/5636954674692096 for more details. Fallback font will be used while loading: https://fonts.cdnfonts.com/s/118388/Geist-Medium.woff @ about:srcdoc:498
[   72078ms] [INFO] Slow network is detected. See https://www.chromestatus.com/feature/5636954674692096 for more details. Fallback font will be used while loading: https://fonts.cdnfonts.com/s/118388/GeistVF.woff @ about:srcdoc:498
[ 2805113ms] [WARNING] cdn.tailwindcss.com should not be used in production. To use Tailwind CSS in production, install it as a PostCSS plugin or use the Tailwind CLI: https://tailwindcss.com/docs/installation @ https://cdn.tailwindcss.com/?plugins=forms,container-queries:63
[   72078ms] [INFO] Slow network is detected. See https://www.chromestatus.com/feature/5636954674692096 for more details. Fallback font will be used while loading: https://fonts.cdnfonts.com/s/118388/Geist-Medium.woff @ about:srcdoc:498
[   72078ms] [INFO] Slow network is detected. See https://www.chromestatus.com/feature/5636954674692096 for more details. Fallback font will be used while loading: https://fonts.cdnfonts.com/s/118388/GeistVF.woff @ about:srcdoc:498
[ 2809244ms] [WARNING] cdn.tailwindcss.com should not be used in production. To use Tailwind CSS in production, install it as a PostCSS plugin or use the Tailwind CLI: https://tailwindcss.com/docs/installation @ https://cdn.tailwindcss.com/?plugins=forms,container-queries:63
[   72078ms] [INFO] Slow network is detected. See https://www.chromestatus.com/feature/5636954674692096 for more details. Fallback font will be used while loading: https://fonts.cdnfonts.com/s/118388/Geist-Medium.woff @ about:srcdoc:498
[   72078ms] [INFO] Slow network is detected. See https://www.chromestatus.com/feature/5636954674692096 for more details. Fallback font will be used while loading: https://fonts.cdnfonts.com/s/118388/GeistVF.woff @ about:srcdoc:498
[ 2814612ms] [WARNING] cdn.tailwindcss.com should not be used in production. To use Tailwind CSS in production, install it as a PostCSS plugin or use the Tailwind CLI: https://tailwindcss.com/docs/installation @ https://cdn.tailwindcss.com/?plugins=forms,container-queries:63
[   72078ms] [INFO] Slow network is detected. See https://www.chromestatus.com/feature/5636954674692096 for more details. Fallback font will be used while loading: https://fonts.cdnfonts.com/s/118388/Geist-Medium.woff @ about:srcdoc:498
[   72078ms] [INFO] Slow network is detected. See https://www.chromestatus.com/feature/5636954674692096 for more details. Fallback font will be used while loading: https://fonts.cdnfonts.com/s/118388/GeistVF.woff @ about:srcdoc:498
[ 2819510ms] [WARNING] cdn.tailwindcss.com should not be used in production. To use Tailwind CSS in production, install it as a PostCSS plugin or use the Tailwind CLI: https://tailwindcss.com/docs/installation @ https://cdn.tailwindcss.com/?plugins=forms,container-queries:63
[   72078ms] [INFO] Slow network is detected. See https://www.chromestatus.com/feature/5636954674692096 for more details. Fallback font will be used while loading: https://fonts.cdnfonts.com/s/118388/Geist-Medium.woff @ about:srcdoc:498
[   72078ms] [INFO] Slow network is detected. See https://www.chromestatus.com/feature/5636954674692096 for more details. Fallback font will be used while loading: https://fonts.cdnfonts.com/s/118388/GeistVF.woff @ about:srcdoc:498
[ 2824544ms] [WARNING] cdn.tailwindcss.com should not be used in production. To use Tailwind CSS in production, install it as a PostCSS plugin or use the Tailwind CLI: https://tailwindcss.com/docs/installation @ https://cdn.tailwindcss.com/?plugins=forms,container-queries:63
[   72078ms] [INFO] Slow network is detected. See https://www.chromestatus.com/feature/5636954674692096 for more details. Fallback font will be used while loading: https://fonts.cdnfonts.com/s/118388/Geist-Medium.woff @ about:srcdoc:498
[   72078ms] [INFO] Slow network is detected. See https://www.chromestatus.com/feature/5636954674692096 for more details. Fallback font will be used while loading: https://fonts.cdnfonts.com/s/118388/GeistVF.woff @ about:srcdoc:498
[ 2827698ms] [WARNING] cdn.tailwindcss.com should not be used in production. To use Tailwind CSS in production, install it as a PostCSS plugin or use the Tailwind CLI: https://tailwindcss.com/docs/installation @ https://cdn.tailwindcss.com/?plugins=forms,container-queries:63
[   72078ms] [INFO] Slow network is detected. See https://www.chromestatus.com/feature/5636954674692096 for more details. Fallback font will be used while loading: https://fonts.cdnfonts.com/s/118388/Geist-Medium.woff @ about:srcdoc:498
[   72078ms] [INFO] Slow network is detected. See https://www.chromestatus.com/feature/5636954674692096 for more details. Fallback font will be used while loading: https://fonts.cdnfonts.com/s/118388/GeistVF.woff @ about:srcdoc:498
[   72078ms] [INFO] Slow network is detected. See https://www.chromestatus.com/feature/5636954674692096 for more details. Fallback font will be used while loading: https://fonts.cdnfonts.com/s/118388/Geist-Medium.woff @ about:srcdoc:498
[   72078ms] [INFO] Slow network is detected. See https://www.chromestatus.com/feature/5636954674692096 for more details. Fallback font will be used while loading: https://fonts.cdnfonts.com/s/118388/GeistVF.woff @ about:srcdoc:498
[   72078ms] [INFO] Slow network is detected. See https://www.chromestatus.com/feature/5636954674692096 for more details. Fallback font will be used while loading: https://fonts.cdnfonts.com/s/118388/Geist-Medium.woff @ about:srcdoc:498
[   72078ms] [INFO] Slow network is detected. See https://www.chromestatus.com/feature/5636954674692096 for more details. Fallback font will be used while loading: https://fonts.cdnfonts.com/s/118388/GeistVF.woff @ about:srcdoc:498
[   72078ms] [INFO] Slow network is detected. See https://www.chromestatus.com/feature/5636954674692096 for more details. Fallback font will be used while loading: https://fonts.cdnfonts.com/s/118388/Geist-Medium.woff @ about:srcdoc:498
[   72078ms] [INFO] Slow network is detected. See https://www.chromestatus.com/feature/5636954674692096 for more details. Fallback font will be used while loading: https://fonts.cdnfonts.com/s/118388/GeistVF.woff @ about:srcdoc:498
[   72078ms] [INFO] Slow network is detected. See https://www.chromestatus.com/feature/5636954674692096 for more details. Fallback font will be used while loading: https://fonts.cdnfonts.com/s/118388/Geist-Medium.woff @ about:srcdoc:498
[   72078ms] [INFO] Slow network is detected. See https://www.chromestatus.com/feature/5636954674692096 for more details. Fallback font will be used while loading: https://fonts.cdnfonts.com/s/118388/GeistVF.woff @ about:srcdoc:498
[   72078ms] [INFO] Slow network is detected. See https://www.chromestatus.com/feature/5636954674692096 for more details. Fallback font will be used while loading: https://fonts.cdnfonts.com/s/118388/Geist-Medium.woff @ about:srcdoc:498
[   72078ms] [INFO] Slow network is detected. See https://www.chromestatus.com/feature/5636954674692096 for more details. Fallback font will be used while loading: https://fonts.cdnfonts.com/s/118388/GeistVF.woff @ about:srcdoc:498
[   72078ms] [INFO] Slow network is detected. See https://www.chromestatus.com/feature/5636954674692096 for more details. Fallback font will be used while loading: https://fonts.cdnfonts.com/s/118388/Geist-Medium.woff @ about:srcdoc:498
[   72078ms] [INFO] Slow network is detected. See https://www.chromestatus.com/feature/5636954674692096 for more details. Fallback font will be used while loading: https://fonts.cdnfonts.com/s/118388/GeistVF.woff @ about:srcdoc:498
[   72078ms] [INFO] Slow network is detected. See https://www.chromestatus.com/feature/5636954674692096 for more details. Fallback font will be used while loading: https://fonts.cdnfonts.com/s/118388/Geist-Medium.woff @ about:srcdoc:498
[   72078ms] [INFO] Slow network is detected. See https://www.chromestatus.com/feature/5636954674692096 for more details. Fallback font will be used while loading: https://fonts.cdnfonts.com/s/118388/GeistVF.woff @ about:srcdoc:498
[ 2996797ms] [WARNING] cdn.tailwindcss.com should not be used in production. To use Tailwind CSS in production, install it as a PostCSS plugin or use the Tailwind CLI: https://tailwindcss.com/docs/installation @ https://cdn.tailwindcss.com/?plugins=forms,container-queries:63
[ 2996920ms] [WARNING] cdn.tailwindcss.com should not be used in production. To use Tailwind CSS in production, install it as a PostCSS plugin or use the Tailwind CLI: https://tailwindcss.com/docs/installation @ https://cdn.tailwindcss.com/?plugins=forms,container-queries:63
[ 2997203ms] [WARNING] cdn.tailwindcss.com should not be used in production. To use Tailwind CSS in production, install it as a PostCSS plugin or use the Tailwind CLI: https://tailwindcss.com/docs/installation @ https://cdn.tailwindcss.com/?plugins=forms,container-queries:63
[ 2997220ms] [WARNING] cdn.tailwindcss.com should not be used in production. To use Tailwind CSS in production, install it as a PostCSS plugin or use the Tailwind CLI: https://tailwindcss.com/docs/installation @ https://cdn.tailwindcss.com/?plugins=forms,container-queries:63
[ 2997286ms] [WARNING] cdn.tailwindcss.com should not be used in production. To use Tailwind CSS in production, install it as a PostCSS plugin or use the Tailwind CLI: https://tailwindcss.com/docs/installation @ https://cdn.tailwindcss.com/?plugins=forms,container-queries:63
[ 2997824ms] [WARNING] cdn.tailwindcss.com should not be used in production. To use Tailwind CSS in production, install it as a PostCSS plugin or use the Tailwind CLI: https://tailwindcss.com/docs/installation @ https://cdn.tailwindcss.com/?plugins=forms,container-queries:63
[ 2997895ms] [WARNING] cdn.tailwindcss.com should not be used in production. To use Tailwind CSS in production, install it as a PostCSS plugin or use the Tailwind CLI: https://tailwindcss.com/docs/installation @ https://cdn.tailwindcss.com/?plugins=forms,container-queries:63
[ 2998504ms] [WARNING] [SSOT] Zero dimensions detected in UPDATE_INSTANCE: {id: 7eeb94d9c84b4db48b3f49fb8609daad, updates: Object} @ https://app-companion-430619.appspot.com/assets/util-BcnQOj-A.js:450
[ 2998658ms] [WARNING] [SSOT] Zero dimensions detected in UPDATE_INSTANCE: {id: 7eeb94d9c84b4db48b3f49fb8609daad, updates: Object} @ https://app-companion-430619.appspot.com/assets/util-BcnQOj-A.js:450
[ 3001359ms] [WARNING] cdn.tailwindcss.com should not be used in production. To use Tailwind CSS in production, install it as a PostCSS plugin or use the Tailwind CLI: https://tailwindcss.com/docs/installation @ https://cdn.tailwindcss.com/?plugins=forms,container-queries:63
[   72078ms] [INFO] Slow network is detected. See https://www.chromestatus.com/feature/5636954674692096 for more details. Fallback font will be used while loading: https://fonts.cdnfonts.com/s/118388/Geist-Medium.woff @ about:srcdoc:498
[   72078ms] [INFO] Slow network is detected. See https://www.chromestatus.com/feature/5636954674692096 for more details. Fallback font will be used while loading: https://fonts.cdnfonts.com/s/118388/GeistVF.woff @ about:srcdoc:498
[ 3026632ms] [WARNING] [SSOT] Zero dimensions detected in UPDATE_INSTANCE: {id: 2c4aecea37e746e49d34c74891ba3ce3, updates: Object} @ https://app-companion-430619.appspot.com/assets/util-BcnQOj-A.js:450
[ 3026780ms] [WARNING] [SSOT] Zero dimensions detected in UPDATE_INSTANCE: {id: 2c4aecea37e746e49d34c74891ba3ce3, updates: Object} @ https://app-companion-430619.appspot.com/assets/util-BcnQOj-A.js:450
[ 3027288ms] [WARNING] cdn.tailwindcss.com should not be used in production. To use Tailwind CSS in production, install it as a PostCSS plugin or use the Tailwind CLI: https://tailwindcss.com/docs/installation @ https://cdn.tailwindcss.com/?plugins=forms,container-queries:63
[   72078ms] [INFO] Slow network is detected. See https://www.chromestatus.com/feature/5636954674692096 for more details. Fallback font will be used while loading: https://fonts.cdnfonts.com/s/118388/Geist-Medium.woff @ about:srcdoc:498
[   72078ms] [INFO] Slow network is detected. See https://www.chromestatus.com/feature/5636954674692096 for more details. Fallback font will be used while loading: https://fonts.cdnfonts.com/s/118388/GeistVF.woff @ about:srcdoc:498
[ 3080241ms] [WARNING] [SSOT] Zero dimensions detected in UPDATE_INSTANCE: {id: 889ddbfb9eaa4eb7a91579f43fdf6bb0, updates: Object} @ https://app-companion-430619.appspot.com/assets/util-BcnQOj-A.js:450
[ 3080355ms] [WARNING] [SSOT] Zero dimensions detected in UPDATE_INSTANCE: {id: 889ddbfb9eaa4eb7a91579f43fdf6bb0, updates: Object} @ https://app-companion-430619.appspot.com/assets/util-BcnQOj-A.js:450
[ 3081129ms] [WARNING] cdn.tailwindcss.com should not be used in production. To use Tailwind CSS in production, install it as a PostCSS plugin or use the Tailwind CLI: https://tailwindcss.com/docs/installation @ https://cdn.tailwindcss.com/?plugins=forms,container-queries:63
[ 3089487ms] [WARNING] cdn.tailwindcss.com should not be used in production. To use Tailwind CSS in production, install it as a PostCSS plugin or use the Tailwind CLI: https://tailwindcss.com/docs/installation @ https://cdn.tailwindcss.com/?plugins=forms,container-queries:63
[ 3089722ms] [LOG] Xylos AI Interface Initialized. @ about:srcdoc:3
[ 3091408ms] [WARNING] cdn.tailwindcss.com should not be used in production. To use Tailwind CSS in production, install it as a PostCSS plugin or use the Tailwind CLI: https://tailwindcss.com/docs/installation @ https://cdn.tailwindcss.com/?plugins=forms,container-queries:63
[ 3093160ms] [WARNING] cdn.tailwindcss.com should not be used in production. To use Tailwind CSS in production, install it as a PostCSS plugin or use the Tailwind CLI: https://tailwindcss.com/docs/installation @ https://cdn.tailwindcss.com/?plugins=forms,container-queries:63
[   72078ms] [INFO] Slow network is detected. See https://www.chromestatus.com/feature/5636954674692096 for more details. Fallback font will be used while loading: https://fonts.cdnfonts.com/s/118388/Geist-Medium.woff @ about:srcdoc:498
[   72078ms] [INFO] Slow network is detected. See https://www.chromestatus.com/feature/5636954674692096 for more details. Fallback font will be used while loading: https://fonts.cdnfonts.com/s/118388/GeistVF.woff @ about:srcdoc:498
[ 3171668ms] [WARNING] cdn.tailwindcss.com should not be used in production. To use Tailwind CSS in production, install it as a PostCSS plugin or use the Tailwind CLI: https://tailwindcss.com/docs/installation @ https://cdn.tailwindcss.com/?plugins=forms,container-queries:63
[ 3206409ms] [WARNING] cdn.tailwindcss.com should not be used in production. To use Tailwind CSS in production, install it as a PostCSS plugin or use the Tailwind CLI: https://tailwindcss.com/docs/installation @ https://cdn.tailwindcss.com/?plugins=forms,container-queries:63
[   72078ms] [INFO] Slow network is detected. See https://www.chromestatus.com/feature/5636954674692096 for more details. Fallback font will be used while loading: https://fonts.cdnfonts.com/s/118388/Geist-Medium.woff @ about:srcdoc:498
[   72078ms] [INFO] Slow network is detected. See https://www.chromestatus.com/feature/5636954674692096 for more details. Fallback font will be used while loading: https://fonts.cdnfonts.com/s/118388/GeistVF.woff @ about:srcdoc:498
[ 3208350ms] [WARNING] [SSOT] Zero dimensions detected in UPDATE_INSTANCE: {id: cd1c4b38900a43daba72aef084bcdf3e, updates: Object} @ https://app-companion-430619.appspot.com/assets/util-BcnQOj-A.js:450
[ 3209574ms] [WARNING] cdn.tailwindcss.com should not be used in production. To use Tailwind CSS in production, install it as a PostCSS plugin or use the Tailwind CLI: https://tailwindcss.com/docs/installation @ https://cdn.tailwindcss.com/?plugins=forms,container-queries:63
[ 3251732ms] [WARNING] cdn.tailwindcss.com should not be used in production. To use Tailwind CSS in production, install it as a PostCSS plugin or use the Tailwind CLI: https://tailwindcss.com/docs/installation @ https://cdn.tailwindcss.com/?plugins=forms,container-queries:63
[   72078ms] [INFO] Slow network is detected. See https://www.chromestatus.com/feature/5636954674692096 for more details. Fallback font will be used while loading: https://fonts.cdnfonts.com/s/118388/Geist-Medium.woff @ about:srcdoc:498
[   72078ms] [INFO] Slow network is detected. See https://www.chromestatus.com/feature/5636954674692096 for more details. Fallback font will be used while loading: https://fonts.cdnfonts.com/s/118388/GeistVF.woff @ about:srcdoc:498
[   72078ms] [INFO] Slow network is detected. See https://www.chromestatus.com/feature/5636954674692096 for more details. Fallback font will be used while loading: https://fonts.cdnfonts.com/s/118388/Geist-Medium.woff @ about:srcdoc:498
[   72078ms] [INFO] Slow network is detected. See https://www.chromestatus.com/feature/5636954674692096 for more details. Fallback font will be used while loading: https://fonts.cdnfonts.com/s/118388/GeistVF.woff @ about:srcdoc:498
[ 3377414ms] [WARNING] cdn.tailwindcss.com should not be used in production. To use Tailwind CSS in production, install it as a PostCSS plugin or use the Tailwind CLI: https://tailwindcss.com/docs/installation @ https://cdn.tailwindcss.com/?plugins=forms,container-queries:63
[ 3377593ms] [WARNING] cdn.tailwindcss.com should not be used in production. To use Tailwind CSS in production, install it as a PostCSS plugin or use the Tailwind CLI: https://tailwindcss.com/docs/installation @ https://cdn.tailwindcss.com/?plugins=forms,container-queries:63
[   72078ms] [INFO] Slow network is detected. See https://www.chromestatus.com/feature/5636954674692096 for more details. Fallback font will be used while loading: https://fonts.cdnfonts.com/s/118388/Geist-Medium.woff @ about:srcdoc:498
[   72078ms] [INFO] Slow network is detected. See https://www.chromestatus.com/feature/5636954674692096 for more details. Fallback font will be used while loading: https://fonts.cdnfonts.com/s/118388/GeistVF.woff @ about:srcdoc:498
[ 3608895ms] [WARNING] cdn.tailwindcss.com should not be used in production. To use Tailwind CSS in production, install it as a PostCSS plugin or use the Tailwind CLI: https://tailwindcss.com/docs/installation @ https://cdn.tailwindcss.com/?plugins=forms,container-queries:63
[ 3609061ms] [LOG] Xylos AI Interface Initialized. @ about:srcdoc:515
[   72078ms] [INFO] Slow network is detected. See https://www.chromestatus.com/feature/5636954674692096 for more details. Fallback font will be used while loading: https://fonts.cdnfonts.com/s/118388/Geist-Medium.woff @ about:srcdoc:498
[   72078ms] [INFO] Slow network is detected. See https://www.chromestatus.com/feature/5636954674692096 for more details. Fallback font will be used while loading: https://fonts.cdnfonts.com/s/118388/GeistVF.woff @ about:srcdoc:498
[ 3610594ms] [WARNING] cdn.tailwindcss.com should not be used in production. To use Tailwind CSS in production, install it as a PostCSS plugin or use the Tailwind CLI: https://tailwindcss.com/docs/installation @ https://cdn.tailwindcss.com/?plugins=forms,container-queries:63
[   72078ms] [INFO] Slow network is detected. See https://www.chromestatus.com/feature/5636954674692096 for more details. Fallback font will be used while loading: https://fonts.cdnfonts.com/s/118388/Geist-Medium.woff @ about:srcdoc:498
[   72078ms] [INFO] Slow network is detected. See https://www.chromestatus.com/feature/5636954674692096 for more details. Fallback font will be used while loading: https://fonts.cdnfonts.com/s/118388/GeistVF.woff @ about:srcdoc:498
[ 3612549ms] [WARNING] cdn.tailwindcss.com should not be used in production. To use Tailwind CSS in production, install it as a PostCSS plugin or use the Tailwind CLI: https://tailwindcss.com/docs/installation @ https://cdn.tailwindcss.com/?plugins=forms,container-queries:63
[   72078ms] [INFO] Slow network is detected. See https://www.chromestatus.com/feature/5636954674692096 for more details. Fallback font will be used while loading: https://fonts.cdnfonts.com/s/118388/Geist-Medium.woff @ about:srcdoc:498
[   72078ms] [INFO] Slow network is detected. See https://www.chromestatus.com/feature/5636954674692096 for more details. Fallback font will be used while loading: https://fonts.cdnfonts.com/s/118388/GeistVF.woff @ about:srcdoc:498
[   72078ms] [INFO] Slow network is detected. See https://www.chromestatus.com/feature/5636954674692096 for more details. Fallback font will be used while loading: https://fonts.cdnfonts.com/s/118388/Geist-Medium.woff @ about:srcdoc:498
[   72078ms] [INFO] Slow network is detected. See https://www.chromestatus.com/feature/5636954674692096 for more details. Fallback font will be used while loading: https://fonts.cdnfonts.com/s/118388/GeistVF.woff @ about:srcdoc:498
[ 3614169ms] [WARNING] cdn.tailwindcss.com should not be used in production. To use Tailwind CSS in production, install it as a PostCSS plugin or use the Tailwind CLI: https://tailwindcss.com/docs/installation @ https://cdn.tailwindcss.com/?plugins=forms,container-queries:63
[ 3614568ms] [LOG] Imperial Interface Loaded. Sector: 0-X Stable. @ about:srcdoc:573
[ 3614621ms] [WARNING] cdn.tailwindcss.com should not be used in production. To use Tailwind CSS in production, install it as a PostCSS plugin or use the Tailwind CLI: https://tailwindcss.com/docs/installation @ https://cdn.tailwindcss.com/?plugins=forms,container-queries:63
[   72078ms] [INFO] Slow network is detected. See https://www.chromestatus.com/feature/5636954674692096 for more details. Fallback font will be used while loading: https://fonts.cdnfonts.com/s/118388/Geist-Medium.woff @ about:srcdoc:498
[   72078ms] [INFO] Slow network is detected. See https://www.chromestatus.com/feature/5636954674692096 for more details. Fallback font will be used while loading: https://fonts.cdnfonts.com/s/118388/GeistVF.woff @ about:srcdoc:498
[   72078ms] [INFO] Slow network is detected. See https://www.chromestatus.com/feature/5636954674692096 for more details. Fallback font will be used while loading: https://fonts.cdnfonts.com/s/118388/Geist-Medium.woff @ about:srcdoc:498
[   72078ms] [INFO] Slow network is detected. See https://www.chromestatus.com/feature/5636954674692096 for more details. Fallback font will be used while loading: https://fonts.cdnfonts.com/s/118388/GeistVF.woff @ about:srcdoc:498
[ 3616169ms] [WARNING] cdn.tailwindcss.com should not be used in production. To use Tailwind CSS in production, install it as a PostCSS plugin or use the Tailwind CLI: https://tailwindcss.com/docs/installation @ https://cdn.tailwindcss.com/?plugins=forms,container-queries:63
[ 3616324ms] [WARNING] cdn.tailwindcss.com should not be used in production. To use Tailwind CSS in production, install it as a PostCSS plugin or use the Tailwind CLI: https://tailwindcss.com/docs/installation @ https://cdn.tailwindcss.com/?plugins=forms,container-queries:63
[   72078ms] [INFO] Slow network is detected. See https://www.chromestatus.com/feature/5636954674692096 for more details. Fallback font will be used while loading: https://fonts.cdnfonts.com/s/118388/Geist-Medium.woff @ about:srcdoc:498
[   72078ms] [INFO] Slow network is detected. See https://www.chromestatus.com/feature/5636954674692096 for more details. Fallback font will be used while loading: https://fonts.cdnfonts.com/s/118388/GeistVF.woff @ about:srcdoc:498
[ 3619153ms] [WARNING] cdn.tailwindcss.com should not be used in production. To use Tailwind CSS in production, install it as a PostCSS plugin or use the Tailwind CLI: https://tailwindcss.com/docs/installation @ https://cdn.tailwindcss.com/?plugins=forms,container-queries:63
[   72078ms] [INFO] Slow network is detected. See https://www.chromestatus.com/feature/5636954674692096 for more details. Fallback font will be used while loading: https://fonts.cdnfonts.com/s/118388/Geist-Medium.woff @ about:srcdoc:498
[   72078ms] [INFO] Slow network is detected. See https://www.chromestatus.com/feature/5636954674692096 for more details. Fallback font will be used while loading: https://fonts.cdnfonts.com/s/118388/GeistVF.woff @ about:srcdoc:498
[ 3621047ms] [WARNING] cdn.tailwindcss.com should not be used in production. To use Tailwind CSS in production, install it as a PostCSS plugin or use the Tailwind CLI: https://tailwindcss.com/docs/installation @ https://cdn.tailwindcss.com/?plugins=forms,container-queries:63
[   72078ms] [INFO] Slow network is detected. See https://www.chromestatus.com/feature/5636954674692096 for more details. Fallback font will be used while loading: https://fonts.cdnfonts.com/s/118388/Geist-Medium.woff @ about:srcdoc:498
[   72078ms] [INFO] Slow network is detected. See https://www.chromestatus.com/feature/5636954674692096 for more details. Fallback font will be used while loading: https://fonts.cdnfonts.com/s/118388/GeistVF.woff @ about:srcdoc:498
[ 3623295ms] [WARNING] cdn.tailwindcss.com should not be used in production. To use Tailwind CSS in production, install it as a PostCSS plugin or use the Tailwind CLI: https://tailwindcss.com/docs/installation @ https://cdn.tailwindcss.com/?plugins=forms,container-queries:63
[   72078ms] [INFO] Slow network is detected. See https://www.chromestatus.com/feature/5636954674692096 for more details. Fallback font will be used while loading: https://fonts.cdnfonts.com/s/118388/Geist-Medium.woff @ about:srcdoc:498
[   72078ms] [INFO] Slow network is detected. See https://www.chromestatus.com/feature/5636954674692096 for more details. Fallback font will be used while loading: https://fonts.cdnfonts.com/s/118388/GeistVF.woff @ about:srcdoc:498
[ 3624003ms] [WARNING] cdn.tailwindcss.com should not be used in production. To use Tailwind CSS in production, install it as a PostCSS plugin or use the Tailwind CLI: https://tailwindcss.com/docs/installation @ https://cdn.tailwindcss.com/?plugins=forms,container-queries:63
[   72078ms] [INFO] Slow network is detected. See https://www.chromestatus.com/feature/5636954674692096 for more details. Fallback font will be used while loading: https://fonts.cdnfonts.com/s/118388/Geist-Medium.woff @ about:srcdoc:498
[   72078ms] [INFO] Slow network is detected. See https://www.chromestatus.com/feature/5636954674692096 for more details. Fallback font will be used while loading: https://fonts.cdnfonts.com/s/118388/GeistVF.woff @ about:srcdoc:498
[ 3630935ms] [WARNING] cdn.tailwindcss.com should not be used in production. To use Tailwind CSS in production, install it as a PostCSS plugin or use the Tailwind CLI: https://tailwindcss.com/docs/installation @ https://cdn.tailwindcss.com/?plugins=forms,container-queries:63
[   72078ms] [INFO] Slow network is detected. See https://www.chromestatus.com/feature/5636954674692096 for more details. Fallback font will be used while loading: https://fonts.cdnfonts.com/s/118388/Geist-Medium.woff @ about:srcdoc:498
[   72078ms] [INFO] Slow network is detected. See https://www.chromestatus.com/feature/5636954674692096 for more details. Fallback font will be used while loading: https://fonts.cdnfonts.com/s/118388/GeistVF.woff @ about:srcdoc:498
[ 3632667ms] [WARNING] cdn.tailwindcss.com should not be used in production. To use Tailwind CSS in production, install it as a PostCSS plugin or use the Tailwind CLI: https://tailwindcss.com/docs/installation @ https://cdn.tailwindcss.com/?plugins=forms,container-queries:63
[   72078ms] [INFO] Slow network is detected. See https://www.chromestatus.com/feature/5636954674692096 for more details. Fallback font will be used while loading: https://fonts.cdnfonts.com/s/118388/Geist-Medium.woff @ about:srcdoc:498
[   72078ms] [INFO] Slow network is detected. See https://www.chromestatus.com/feature/5636954674692096 for more details. Fallback font will be used while loading: https://fonts.cdnfonts.com/s/118388/GeistVF.woff @ about:srcdoc:498
[ 3673144ms] [WARNING] cdn.tailwindcss.com should not be used in production. To use Tailwind CSS in production, install it as a PostCSS plugin or use the Tailwind CLI: https://tailwindcss.com/docs/installation @ https://cdn.tailwindcss.com/?plugins=forms,container-queries:63
[   72078ms] [INFO] Slow network is detected. See https://www.chromestatus.com/feature/5636954674692096 for more details. Fallback font will be used while loading: https://fonts.cdnfonts.com/s/118388/Geist-Medium.woff @ about:srcdoc:498
[   72078ms] [INFO] Slow network is detected. See https://www.chromestatus.com/feature/5636954674692096 for more details. Fallback font will be used while loading: https://fonts.cdnfonts.com/s/118388/GeistVF.woff @ about:srcdoc:498
[ 3675313ms] [WARNING] cdn.tailwindcss.com should not be used in production. To use Tailwind CSS in production, install it as a PostCSS plugin or use the Tailwind CLI: https://tailwindcss.com/docs/installation @ https://cdn.tailwindcss.com/?plugins=forms,container-queries:63
[   72078ms] [INFO] Slow network is detected. See https://www.chromestatus.com/feature/5636954674692096 for more details. Fallback font will be used while loading: https://fonts.cdnfonts.com/s/118388/Geist-Medium.woff @ about:srcdoc:498
[   72078ms] [INFO] Slow network is detected. See https://www.chromestatus.com/feature/5636954674692096 for more details. Fallback font will be used while loading: https://fonts.cdnfonts.com/s/118388/GeistVF.woff @ about:srcdoc:498
[ 3677620ms] [WARNING] cdn.tailwindcss.com should not be used in production. To use Tailwind CSS in production, install it as a PostCSS plugin or use the Tailwind CLI: https://tailwindcss.com/docs/installation @ https://cdn.tailwindcss.com/?plugins=forms,container-queries:63
[   72078ms] [INFO] Slow network is detected. See https://www.chromestatus.com/feature/5636954674692096 for more details. Fallback font will be used while loading: https://fonts.cdnfonts.com/s/118388/Geist-Medium.woff @ about:srcdoc:498
[   72078ms] [INFO] Slow network is detected. See https://www.chromestatus.com/feature/5636954674692096 for more details. Fallback font will be used while loading: https://fonts.cdnfonts.com/s/118388/GeistVF.woff @ about:srcdoc:498
[ 3767338ms] [WARNING] cdn.tailwindcss.com should not be used in production. To use Tailwind CSS in production, install it as a PostCSS plugin or use the Tailwind CLI: https://tailwindcss.com/docs/installation @ https://cdn.tailwindcss.com/?plugins=forms,container-queries:63
[   72078ms] [INFO] Slow network is detected. See https://www.chromestatus.com/feature/5636954674692096 for more details. Fallback font will be used while loading: https://fonts.cdnfonts.com/s/118388/Geist-Medium.woff @ about:srcdoc:498
[   72078ms] [INFO] Slow network is detected. See https://www.chromestatus.com/feature/5636954674692096 for more details. Fallback font will be used while loading: https://fonts.cdnfonts.com/s/118388/GeistVF.woff @ about:srcdoc:498
[ 3772309ms] [WARNING] cdn.tailwindcss.com should not be used in production. To use Tailwind CSS in production, install it as a PostCSS plugin or use the Tailwind CLI: https://tailwindcss.com/docs/installation @ https://cdn.tailwindcss.com/?plugins=forms,container-queries:63
