[  110152ms] [WARNING] cdn.tailwindcss.com should not be used in production. To use Tailwind CSS in production, install it as a PostCSS plugin or use the Tailwind CLI: https://tailwindcss.com/docs/installation @ https://cdn.tailwindcss.com/?plugins=forms,container-queries:63
[  111513ms] [WARNING] cdn.tailwindcss.com should not be used in production. To use Tailwind CSS in production, install it as a PostCSS plugin or use the Tailwind CLI: https://tailwindcss.com/docs/installation @ https://cdn.tailwindcss.com/?plugins=forms,container-queries:63
[  112163ms] [WARNING] cdn.tailwindcss.com should not be used in production. To use Tailwind CSS in production, install it as a PostCSS plugin or use the Tailwind CLI: https://tailwindcss.com/docs/installation @ https://cdn.tailwindcss.com/?plugins=forms,container-queries:63
[  112178ms] [WARNING] cdn.tailwindcss.com should not be used in production. To use Tailwind CSS in production, install it as a PostCSS plugin or use the Tailwind CLI: https://tailwindcss.com/docs/installation @ https://cdn.tailwindcss.com/?plugins=forms,container-queries:63
[  112464ms] [WARNING] cdn.tailwindcss.com should not be used in production. To use Tailwind CSS in production, install it as a PostCSS plugin or use the Tailwind CLI: https://tailwindcss.com/docs/installation @ https://cdn.tailwindcss.com/?plugins=forms,container-queries:63
[  112613ms] [WARNING] cdn.tailwindcss.com should not be used in production. To use Tailwind CSS in production, install it as a PostCSS plugin or use the Tailwind CLI: https://tailwindcss.com/docs/installation @ https://cdn.tailwindcss.com/?plugins=forms,container-queries:63
[  127768ms] [WARNING] [SSOT] Zero dimensions detected in UPDATE_INSTANCE: {id: a925a7fb17a54ccd9d468bc95cd02e6c, updates: Object} @ https://app-companion-430619.appspot.com/assets/util-BcnQOj-A.js:450
[  128230ms] [WARNING] [SSOT] Zero dimensions detected in UPDATE_INSTANCE: {id: 97a88d4905e04a588a743d6ad75e90c0, updates: Object} @ https://app-companion-430619.appspot.com/assets/util-BcnQOj-A.js:450
[  129225ms] [WARNING] cdn.tailwindcss.com should not be used in production. To use Tailwind CSS in production, install it as a PostCSS plugin or use the Tailwind CLI: https://tailwindcss.com/docs/installation @ https://cdn.tailwindcss.com/?plugins=forms,container-queries:63
[  129953ms] [WARNING] cdn.tailwindcss.com should not be used in production. To use Tailwind CSS in production, install it as a PostCSS plugin or use the Tailwind CLI: https://tailwindcss.com/docs/installation @ https://cdn.tailwindcss.com/?plugins=forms,container-queries:63
[  130229ms] [WARNING] cdn.tailwindcss.com should not be used in production. To use Tailwind CSS in production, install it as a PostCSS plugin or use the Tailwind CLI: https://tailwindcss.com/docs/installation @ https://cdn.tailwindcss.com/?plugins=forms,container-queries:63
[  130498ms] [WARNING] cdn.tailwindcss.com should not be used in production. To use Tailwind CSS in production, install it as a PostCSS plugin or use the Tailwind CLI: https://tailwindcss.com/docs/installation @ https://cdn.tailwindcss.com/?plugins=forms,container-queries:63
[  130675ms] [WARNING] cdn.tailwindcss.com should not be used in production. To use Tailwind CSS in production, install it as a PostCSS plugin or use the Tailwind CLI: https://tailwindcss.com/docs/installation @ https://cdn.tailwindcss.com/?plugins=forms,container-queries:63
[  162936ms] [WARNING] cdn.tailwindcss.com should not be used in production. To use Tailwind CSS in production, install it as a PostCSS plugin or use the Tailwind CLI: https://tailwindcss.com/docs/installation @ https://cdn.tailwindcss.com/?plugins=forms,container-queries:63
[  165709ms] [WARNING] cdn.tailwindcss.com should not be used in production. To use Tailwind CSS in production, install it as a PostCSS plugin or use the Tailwind CLI: https://tailwindcss.com/docs/installation @ https://cdn.tailwindcss.com/?plugins=forms,container-queries:63
[  166252ms] [WARNING] cdn.tailwindcss.com should not be used in production. To use Tailwind CSS in production, install it as a PostCSS plugin or use the Tailwind CLI: https://tailwindcss.com/docs/installation @ https://cdn.tailwindcss.com/?plugins=forms,container-queries:63
[  166359ms] [WARNING] cdn.tailwindcss.com should not be used in production. To use Tailwind CSS in production, install it as a PostCSS plugin or use the Tailwind CLI: https://tailwindcss.com/docs/installation @ https://cdn.tailwindcss.com/?plugins=forms,container-queries:63
[  166782ms] [WARNING] cdn.tailwindcss.com should not be used in production. To use Tailwind CSS in production, install it as a PostCSS plugin or use the Tailwind CLI: https://tailwindcss.com/docs/installation @ https://cdn.tailwindcss.com/?plugins=forms,container-queries:63
[  167204ms] [WARNING] WebGL: INVALID_OPERATION: uniform1f: location is not from the associated program @ about:srcdoc:92
[  167205ms] [WARNING] WebGL: INVALID_OPERATION: uniform2f: location is not from the associated program @ about:srcdoc:93
[  167217ms] [WARNING] WebGL: INVALID_OPERATION: uniform1f: location is not from the associated program @ about:srcdoc:92
[  167218ms] [WARNING] WebGL: INVALID_OPERATION: uniform2f: location is not from the associated program @ about:srcdoc:93
[  167220ms] [WARNING] WebGL: INVALID_OPERATION: uniform1f: location is not from the associated program @ about:srcdoc:92
[  167220ms] [WARNING] WebGL: INVALID_OPERATION: uniform2f: location is not from the associated program @ about:srcdoc:93
[  167223ms] [WARNING] WebGL: INVALID_OPERATION: uniform1f: location is not from the associated program @ about:srcdoc:92
[  167223ms] [WARNING] WebGL: INVALID_OPERATION: uniform2f: location is not from the associated program @ about:srcdoc:93
[  167227ms] [WARNING] WebGL: INVALID_OPERATION: uniform1f: location is not from the associated program @ about:srcdoc:92
[  167227ms] [WARNING] WebGL: INVALID_OPERATION: uniform2f: location is not from the associated program @ about:srcdoc:93
[  167235ms] [WARNING] WebGL: INVALID_OPERATION: uniform1f: location is not from the associated program @ about:srcdoc:92
[  167235ms] [WARNING] WebGL: INVALID_OPERATION: uniform2f: location is not from the associated program @ about:srcdoc:93
[  167240ms] [WARNING] WebGL: INVALID_OPERATION: uniform1f: location is not from the associated program @ about:srcdoc:92
[  167241ms] [WARNING] WebGL: INVALID_OPERATION: uniform2f: location is not from the associated program @ about:srcdoc:93
[  167384ms] [WARNING] WebGL: INVALID_OPERATION: uniform1f: location is not from the associated program @ about:srcdoc:92
[  167384ms] [WARNING] WebGL: INVALID_OPERATION: uniform2f: location is not from the associated program @ about:srcdoc:93
[  167672ms] [WARNING] WebGL: INVALID_OPERATION: uniform1f: location is not from the associated program @ about:srcdoc:92
[  167672ms] [WARNING] WebGL: INVALID_OPERATION: uniform2f: location is not from the associated program @ about:srcdoc:93
[  167815ms] [WARNING] WebGL: INVALID_OPERATION: uniform1f: location is not from the associated program @ about:srcdoc:92
[  167815ms] [WARNING] WebGL: INVALID_OPERATION: uniform2f: location is not from the associated program @ about:srcdoc:93
[  167831ms] [WARNING] WebGL: INVALID_OPERATION: uniform1f: location is not from the associated program @ about:srcdoc:92
[  167831ms] [WARNING] WebGL: INVALID_OPERATION: uniform2f: location is not from the associated program @ about:srcdoc:93
[  167833ms] [WARNING] WebGL: INVALID_OPERATION: uniform1f: location is not from the associated program @ about:srcdoc:92
[  167833ms] [WARNING] WebGL: INVALID_OPERATION: uniform2f: location is not from the associated program @ about:srcdoc:93
[  167843ms] [WARNING] WebGL: INVALID_OPERATION: uniform1f: location is not from the associated program @ about:srcdoc:92
[  167844ms] [WARNING] WebGL: INVALID_OPERATION: uniform2f: location is not from the associated program @ about:srcdoc:93
[  167856ms] [WARNING] WebGL: INVALID_OPERATION: uniform1f: location is not from the associated program @ about:srcdoc:92
[  167856ms] [WARNING] WebGL: INVALID_OPERATION: uniform2f: location is not from the associated program @ about:srcdoc:93
[  167863ms] [WARNING] WebGL: INVALID_OPERATION: uniform1f: location is not from the associated program @ about:srcdoc:92
[  167863ms] [WARNING] WebGL: INVALID_OPERATION: uniform2f: location is not from the associated program @ about:srcdoc:93
[  167943ms] [WARNING] WebGL: INVALID_OPERATION: uniform1f: location is not from the associated program @ about:srcdoc:92
[  167943ms] [WARNING] WebGL: INVALID_OPERATION: uniform2f: location is not from the associated program @ about:srcdoc:93
[  167960ms] [WARNING] WebGL: INVALID_OPERATION: uniform1f: location is not from the associated program @ about:srcdoc:92
[  167960ms] [WARNING] WebGL: INVALID_OPERATION: uniform2f: location is not from the associated program @ about:srcdoc:93
[  167974ms] [WARNING] WebGL: INVALID_OPERATION: uniform1f: location is not from the associated program @ about:srcdoc:92
[  167974ms] [WARNING] WebGL: INVALID_OPERATION: uniform2f: location is not from the associated program @ about:srcdoc:93
[  167984ms] [WARNING] WebGL: INVALID_OPERATION: uniform1f: location is not from the associated program @ about:srcdoc:92
[  167984ms] [WARNING] WebGL: INVALID_OPERATION: uniform2f: location is not from the associated program @ about:srcdoc:93
[  168020ms] [WARNING] WebGL: INVALID_OPERATION: uniform1f: location is not from the associated program @ about:srcdoc:92
[  168021ms] [WARNING] WebGL: INVALID_OPERATION: uniform2f: location is not from the associated program @ about:srcdoc:93
[  168032ms] [WARNING] WebGL: INVALID_OPERATION: uniform1f: location is not from the associated program @ about:srcdoc:92
[  168032ms] [WARNING] WebGL: INVALID_OPERATION: uniform2f: location is not from the associated program @ about:srcdoc:93
[  168039ms] [WARNING] WebGL: INVALID_OPERATION: uniform1f: location is not from the associated program @ about:srcdoc:92
[  168039ms] [WARNING] WebGL: INVALID_OPERATION: uniform2f: location is not from the associated program @ about:srcdoc:93
[  168045ms] [WARNING] WebGL: INVALID_OPERATION: uniform1f: location is not from the associated program @ about:srcdoc:92
[  168045ms] [WARNING] WebGL: INVALID_OPERATION: uniform2f: location is not from the associated program @ about:srcdoc:93
[  168052ms] [WARNING] WebGL: INVALID_OPERATION: uniform1f: location is not from the associated program @ about:srcdoc:92
[  168052ms] [WARNING] WebGL: INVALID_OPERATION: uniform2f: location is not from the associated program @ about:srcdoc:93
[  168154ms] [WARNING] WebGL: INVALID_OPERATION: uniform1f: location is not from the associated program @ about:srcdoc:92
[  168154ms] [WARNING] WebGL: INVALID_OPERATION: uniform2f: location is not from the associated program @ about:srcdoc:93
[  168160ms] [WARNING] WebGL: INVALID_OPERATION: uniform1f: location is not from the associated program @ about:srcdoc:92
[  168160ms] [WARNING] WebGL: INVALID_OPERATION: uniform2f: location is not from the associated program @ about:srcdoc:93
[  168163ms] [WARNING] WebGL: INVALID_OPERATION: uniform1f: location is not from the associated program @ about:srcdoc:92
[  168163ms] [WARNING] WebGL: INVALID_OPERATION: uniform2f: location is not from the associated program @ about:srcdoc:93
[  168172ms] [WARNING] WebGL: INVALID_OPERATION: uniform1f: location is not from the associated program @ about:srcdoc:92
[  168172ms] [WARNING] WebGL: INVALID_OPERATION: uniform2f: location is not from the associated program @ about:srcdoc:93
[  168183ms] [WARNING] WebGL: INVALID_OPERATION: uniform1f: location is not from the associated program @ about:srcdoc:92
[  168184ms] [WARNING] WebGL: INVALID_OPERATION: uniform2f: location is not from the associated program @ about:srcdoc:93
[  168192ms] [WARNING] WebGL: INVALID_OPERATION: uniform1f: location is not from the associated program @ about:srcdoc:92
[  168192ms] [WARNING] WebGL: INVALID_OPERATION: uniform2f: location is not from the associated program @ about:srcdoc:93
[  168197ms] [WARNING] WebGL: INVALID_OPERATION: uniform1f: location is not from the associated program @ about:srcdoc:92
[  168197ms] [WARNING] WebGL: INVALID_OPERATION: uniform2f: location is not from the associated program @ about:srcdoc:93
[  168201ms] [WARNING] WebGL: INVALID_OPERATION: uniform1f: location is not from the associated program @ about:srcdoc:92
[  168201ms] [WARNING] WebGL: INVALID_OPERATION: uniform2f: location is not from the associated program @ about:srcdoc:93
[  168230ms] [WARNING] WebGL: INVALID_OPERATION: uniform1f: location is not from the associated program @ about:srcdoc:92
[  168230ms] [WARNING] WebGL: INVALID_OPERATION: uniform2f: location is not from the associated program @ about:srcdoc:93
[  168237ms] [WARNING] WebGL: INVALID_OPERATION: uniform1f: location is not from the associated program @ about:srcdoc:92
[  168238ms] [WARNING] WebGL: INVALID_OPERATION: uniform2f: location is not from the associated program @ about:srcdoc:93
[  168243ms] [WARNING] WebGL: INVALID_OPERATION: uniform1f: location is not from the associated program @ about:srcdoc:92
[  168243ms] [WARNING] WebGL: INVALID_OPERATION: uniform2f: location is not from the associated program @ about:srcdoc:93
[  168249ms] [WARNING] WebGL: INVALID_OPERATION: uniform1f: location is not from the associated program @ about:srcdoc:92
[  168249ms] [WARNING] WebGL: INVALID_OPERATION: uniform2f: location is not from the associated program @ about:srcdoc:93
[  168256ms] [WARNING] WebGL: INVALID_OPERATION: uniform1f: location is not from the associated program @ about:srcdoc:92
[  168256ms] [WARNING] WebGL: INVALID_OPERATION: uniform2f: location is not from the associated program @ about:srcdoc:93
[  168260ms] [WARNING] WebGL: INVALID_OPERATION: uniform1f: location is not from the associated program @ about:srcdoc:92
[  168260ms] [WARNING] WebGL: INVALID_OPERATION: uniform2f: location is not from the associated program @ about:srcdoc:93
[  168267ms] [WARNING] WebGL: INVALID_OPERATION: uniform1f: location is not from the associated program @ about:srcdoc:92
[  168267ms] [WARNING] WebGL: INVALID_OPERATION: uniform2f: location is not from the associated program @ about:srcdoc:93
[  168274ms] [WARNING] WebGL: INVALID_OPERATION: uniform1f: location is not from the associated program @ about:srcdoc:92
[  168274ms] [WARNING] WebGL: INVALID_OPERATION: uniform2f: location is not from the associated program @ about:srcdoc:93
[  168413ms] [WARNING] WebGL: INVALID_OPERATION: uniform1f: location is not from the associated program @ about:srcdoc:92
[  168413ms] [WARNING] WebGL: INVALID_OPERATION: uniform2f: location is not from the associated program @ about:srcdoc:93
[  168428ms] [WARNING] WebGL: INVALID_OPERATION: uniform1f: location is not from the associated program @ about:srcdoc:92
[  168428ms] [WARNING] WebGL: INVALID_OPERATION: uniform2f: location is not from the associated program @ about:srcdoc:93
[  168433ms] [WARNING] WebGL: INVALID_OPERATION: uniform1f: location is not from the associated program @ about:srcdoc:92
[  168433ms] [WARNING] WebGL: INVALID_OPERATION: uniform2f: location is not from the associated program @ about:srcdoc:93
[  168438ms] [WARNING] WebGL: INVALID_OPERATION: uniform1f: location is not from the associated program @ about:srcdoc:92
[  168439ms] [WARNING] WebGL: INVALID_OPERATION: uniform2f: location is not from the associated program @ about:srcdoc:93
[  168448ms] [WARNING] WebGL: INVALID_OPERATION: uniform1f: location is not from the associated program @ about:srcdoc:92
[  168448ms] [WARNING] WebGL: INVALID_OPERATION: uniform2f: location is not from the associated program @ about:srcdoc:93
[  168457ms] [WARNING] WebGL: INVALID_OPERATION: uniform1f: location is not from the associated program @ about:srcdoc:92
[  168457ms] [WARNING] WebGL: INVALID_OPERATION: uniform2f: location is not from the associated program @ about:srcdoc:93
[  168470ms] [WARNING] WebGL: INVALID_OPERATION: uniform1f: location is not from the associated program @ about:srcdoc:92
[  168471ms] [WARNING] WebGL: INVALID_OPERATION: uniform2f: location is not from the associated program @ about:srcdoc:93
[  168479ms] [WARNING] WebGL: INVALID_OPERATION: uniform1f: location is not from the associated program @ about:srcdoc:92
[  168479ms] [WARNING] WebGL: INVALID_OPERATION: uniform2f: location is not from the associated program @ about:srcdoc:93
[  168723ms] [WARNING] WebGL: INVALID_OPERATION: uniform1f: location is not from the associated program @ about:srcdoc:92
[  168724ms] [WARNING] WebGL: INVALID_OPERATION: uniform2f: location is not from the associated program @ about:srcdoc:93
[  168739ms] [WARNING] WebGL: INVALID_OPERATION: uniform1f: location is not from the associated program @ about:srcdoc:92
[  168740ms] [WARNING] WebGL: INVALID_OPERATION: uniform2f: location is not from the associated program @ about:srcdoc:93
[  168744ms] [WARNING] WebGL: INVALID_OPERATION: uniform1f: location is not from the associated program @ about:srcdoc:92
[  168744ms] [WARNING] WebGL: INVALID_OPERATION: uniform2f: location is not from the associated program @ about:srcdoc:93
[  168749ms] [WARNING] WebGL: INVALID_OPERATION: uniform1f: location is not from the associated program @ about:srcdoc:92
[  168749ms] [WARNING] WebGL: INVALID_OPERATION: uniform2f: location is not from the associated program @ about:srcdoc:93
[  168758ms] [WARNING] WebGL: INVALID_OPERATION: uniform1f: location is not from the associated program @ about:srcdoc:92
[  168758ms] [WARNING] WebGL: INVALID_OPERATION: uniform2f: location is not from the associated program @ about:srcdoc:93
[  168765ms] [WARNING] WebGL: INVALID_OPERATION: uniform1f: location is not from the associated program @ about:srcdoc:92
[  168765ms] [WARNING] WebGL: INVALID_OPERATION: uniform2f: location is not from the associated program @ about:srcdoc:93
[  168778ms] [WARNING] WebGL: INVALID_OPERATION: uniform1f: location is not from the associated program @ about:srcdoc:92
[  168778ms] [WARNING] WebGL: INVALID_OPERATION: uniform2f: location is not from the associated program @ about:srcdoc:93
[  168788ms] [WARNING] WebGL: INVALID_OPERATION: uniform1f: location is not from the associated program @ about:srcdoc:92
[  168788ms] [WARNING] WebGL: INVALID_OPERATION: uniform2f: location is not from the associated program @ about:srcdoc:93
[  168828ms] [WARNING] WebGL: INVALID_OPERATION: uniform1f: location is not from the associated program @ about:srcdoc:92
[  168828ms] [WARNING] WebGL: INVALID_OPERATION: uniform2f: location is not from the associated program @ about:srcdoc:93
[  168837ms] [WARNING] WebGL: INVALID_OPERATION: uniform1f: location is not from the associated program @ about:srcdoc:92
[  168838ms] [WARNING] WebGL: INVALID_OPERATION: uniform2f: location is not from the associated program @ about:srcdoc:93
[  168846ms] [WARNING] WebGL: INVALID_OPERATION: uniform1f: location is not from the associated program @ about:srcdoc:92
[  168846ms] [WARNING] WebGL: INVALID_OPERATION: uniform2f: location is not from the associated program @ about:srcdoc:93
[  168850ms] [WARNING] WebGL: INVALID_OPERATION: uniform1f: location is not from the associated program @ about:srcdoc:92
[  168850ms] [WARNING] WebGL: INVALID_OPERATION: uniform2f: location is not from the associated program @ about:srcdoc:93
[  168866ms] [WARNING] WebGL: INVALID_OPERATION: uniform1f: location is not from the associated program @ about:srcdoc:92
[  168866ms] [WARNING] WebGL: INVALID_OPERATION: uniform2f: location is not from the associated program @ about:srcdoc:93
[  168882ms] [WARNING] WebGL: INVALID_OPERATION: uniform1f: location is not from the associated program @ about:srcdoc:92
[  168882ms] [WARNING] WebGL: INVALID_OPERATION: uniform2f: location is not from the associated program @ about:srcdoc:93
[  168891ms] [WARNING] WebGL: INVALID_OPERATION: uniform1f: location is not from the associated program @ about:srcdoc:92
[  168891ms] [WARNING] WebGL: INVALID_OPERATION: uniform2f: location is not from the associated program @ about:srcdoc:93
[  168900ms] [WARNING] WebGL: INVALID_OPERATION: uniform1f: location is not from the associated program @ about:srcdoc:92
[  168900ms] [WARNING] WebGL: INVALID_OPERATION: uniform2f: location is not from the associated program @ about:srcdoc:93
[  168943ms] [WARNING] WebGL: INVALID_OPERATION: uniform1f: location is not from the associated program @ about:srcdoc:92
[  168943ms] [WARNING] WebGL: INVALID_OPERATION: uniform2f: location is not from the associated program @ about:srcdoc:93
[  168957ms] [WARNING] WebGL: INVALID_OPERATION: uniform1f: location is not from the associated program @ about:srcdoc:92
[  168957ms] [WARNING] WebGL: INVALID_OPERATION: uniform2f: location is not from the associated program @ about:srcdoc:93
[  168967ms] [WARNING] WebGL: INVALID_OPERATION: uniform1f: location is not from the associated program @ about:srcdoc:92
[  168967ms] [WARNING] WebGL: INVALID_OPERATION: uniform2f: location is not from the associated program @ about:srcdoc:93
[  168972ms] [WARNING] WebGL: INVALID_OPERATION: uniform1f: location is not from the associated program @ about:srcdoc:92
[  168972ms] [WARNING] WebGL: INVALID_OPERATION: uniform2f: location is not from the associated program @ about:srcdoc:93
[  168980ms] [WARNING] WebGL: INVALID_OPERATION: uniform1f: location is not from the associated program @ about:srcdoc:92
[  168980ms] [WARNING] WebGL: INVALID_OPERATION: uniform2f: location is not from the associated program @ about:srcdoc:93
[  168990ms] [WARNING] WebGL: INVALID_OPERATION: uniform1f: location is not from the associated program @ about:srcdoc:92
[  168990ms] [WARNING] WebGL: INVALID_OPERATION: uniform2f: location is not from the associated program @ about:srcdoc:93
[  168995ms] [WARNING] WebGL: INVALID_OPERATION: uniform1f: location is not from the associated program @ about:srcdoc:92
[  168995ms] [WARNING] WebGL: INVALID_OPERATION: uniform2f: location is not from the associated program @ about:srcdoc:93
[  168999ms] [WARNING] WebGL: INVALID_OPERATION: uniform1f: location is not from the associated program @ about:srcdoc:92
[  168999ms] [WARNING] WebGL: INVALID_OPERATION: uniform2f: location is not from the associated program @ about:srcdoc:93
[  169005ms] [WARNING] WebGL: INVALID_OPERATION: uniform1f: location is not from the associated program @ about:srcdoc:92
[  169005ms] [WARNING] WebGL: INVALID_OPERATION: uniform2f: location is not from the associated program @ about:srcdoc:93
[  169096ms] [WARNING] WebGL: INVALID_OPERATION: uniform1f: location is not from the associated program @ about:srcdoc:92
[  169097ms] [WARNING] WebGL: INVALID_OPERATION: uniform2f: location is not from the associated program @ about:srcdoc:93
[  169104ms] [WARNING] WebGL: INVALID_OPERATION: uniform1f: location is not from the associated program @ about:srcdoc:92
[  169104ms] [WARNING] WebGL: INVALID_OPERATION: uniform2f: location is not from the associated program @ about:srcdoc:93
[  169111ms] [WARNING] WebGL: INVALID_OPERATION: uniform1f: location is not from the associated program @ about:srcdoc:92
[  169111ms] [WARNING] WebGL: INVALID_OPERATION: uniform2f: location is not from the associated program @ about:srcdoc:93
[  169117ms] [WARNING] WebGL: INVALID_OPERATION: uniform1f: location is not from the associated program @ about:srcdoc:92
[  169117ms] [WARNING] WebGL: INVALID_OPERATION: uniform2f: location is not from the associated program @ about:srcdoc:93
[  169127ms] [WARNING] WebGL: INVALID_OPERATION: uniform1f: location is not from the associated program @ about:srcdoc:92
[  169127ms] [WARNING] WebGL: INVALID_OPERATION: uniform2f: location is not from the associated program @ about:srcdoc:93
[  169133ms] [WARNING] WebGL: INVALID_OPERATION: uniform1f: location is not from the associated program @ about:srcdoc:92
[  169133ms] [WARNING] WebGL: INVALID_OPERATION: uniform2f: location is not from the associated program @ about:srcdoc:93
[  169140ms] [WARNING] WebGL: INVALID_OPERATION: uniform1f: location is not from the associated program @ about:srcdoc:92
[  169140ms] [WARNING] WebGL: INVALID_OPERATION: uniform2f: location is not from the associated program @ about:srcdoc:93
[  169150ms] [WARNING] WebGL: INVALID_OPERATION: uniform1f: location is not from the associated program @ about:srcdoc:92
[  169151ms] [WARNING] WebGL: INVALID_OPERATION: uniform2f: location is not from the associated program @ about:srcdoc:93
[  169184ms] [WARNING] WebGL: INVALID_OPERATION: uniform1f: location is not from the associated program @ about:srcdoc:92
[  169185ms] [WARNING] WebGL: INVALID_OPERATION: uniform2f: location is not from the associated program @ about:srcdoc:93
[  169189ms] [WARNING] WebGL: INVALID_OPERATION: uniform1f: location is not from the associated program @ about:srcdoc:92
[  169189ms] [WARNING] WebGL: INVALID_OPERATION: uniform2f: location is not from the associated program @ about:srcdoc:93
[  169193ms] [WARNING] WebGL: INVALID_OPERATION: uniform1f: location is not from the associated program @ about:srcdoc:92
[  169193ms] [WARNING] WebGL: INVALID_OPERATION: uniform2f: location is not from the associated program @ about:srcdoc:93
[  169196ms] [WARNING] WebGL: INVALID_OPERATION: uniform1f: location is not from the associated program @ about:srcdoc:92
[  169196ms] [WARNING] WebGL: INVALID_OPERATION: uniform2f: location is not from the associated program @ about:srcdoc:93
[  169203ms] [WARNING] WebGL: INVALID_OPERATION: uniform1f: location is not from the associated program @ about:srcdoc:92
[  169203ms] [WARNING] WebGL: INVALID_OPERATION: uniform2f: location is not from the associated program @ about:srcdoc:93
[  169208ms] [WARNING] WebGL: INVALID_OPERATION: uniform1f: location is not from the associated program @ about:srcdoc:92
[  169208ms] [WARNING] WebGL: INVALID_OPERATION: uniform2f: location is not from the associated program @ about:srcdoc:93
[  169214ms] [WARNING] WebGL: INVALID_OPERATION: uniform1f: location is not from the associated program @ about:srcdoc:92
[  169214ms] [WARNING] WebGL: INVALID_OPERATION: uniform2f: location is not from the associated program @ about:srcdoc:93
[  169222ms] [WARNING] WebGL: INVALID_OPERATION: uniform1f: location is not from the associated program @ about:srcdoc:92
[  169222ms] [WARNING] WebGL: INVALID_OPERATION: uniform2f: location is not from the associated program @ about:srcdoc:93
[  169278ms] [WARNING] WebGL: INVALID_OPERATION: uniform1f: location is not from the associated program @ about:srcdoc:92
[  169278ms] [WARNING] WebGL: INVALID_OPERATION: uniform2f: location is not from the associated program @ about:srcdoc:93
[  169282ms] [WARNING] WebGL: INVALID_OPERATION: uniform1f: location is not from the associated program @ about:srcdoc:92
[  169282ms] [WARNING] WebGL: INVALID_OPERATION: uniform2f: location is not from the associated program @ about:srcdoc:93
[  169286ms] [WARNING] WebGL: INVALID_OPERATION: uniform1f: location is not from the associated program @ about:srcdoc:92
[  169286ms] [WARNING] WebGL: INVALID_OPERATION: uniform2f: location is not from the associated program @ about:srcdoc:93
[  169292ms] [WARNING] WebGL: INVALID_OPERATION: uniform1f: location is not from the associated program @ about:srcdoc:92
[  169292ms] [WARNING] WebGL: INVALID_OPERATION: uniform2f: location is not from the associated program @ about:srcdoc:93
[  169298ms] [WARNING] WebGL: INVALID_OPERATION: uniform1f: location is not from the associated program @ about:srcdoc:92
[  169298ms] [WARNING] WebGL: INVALID_OPERATION: uniform2f: location is not from the associated program @ about:srcdoc:93
[  169304ms] [WARNING] WebGL: INVALID_OPERATION: uniform1f: location is not from the associated program @ about:srcdoc:92
[  169304ms] [WARNING] WebGL: INVALID_OPERATION: uniform2f: location is not from the associated program @ about:srcdoc:93
[  169315ms] [WARNING] WebGL: INVALID_OPERATION: uniform1f: location is not from the associated program @ about:srcdoc:92
[  169315ms] [WARNING] WebGL: INVALID_OPERATION: uniform2f: location is not from the associated program @ about:srcdoc:93
[  169324ms] [WARNING] WebGL: INVALID_OPERATION: uniform1f: location is not from the associated program @ about:srcdoc:92
[  169324ms] [WARNING] WebGL: INVALID_OPERATION: uniform2f: location is not from the associated program @ about:srcdoc:93
[  169350ms] [WARNING] WebGL: INVALID_OPERATION: uniform1f: location is not from the associated program @ about:srcdoc:92
[  169350ms] [WARNING] WebGL: INVALID_OPERATION: uniform2f: location is not from the associated program @ about:srcdoc:93
[  169354ms] [WARNING] WebGL: INVALID_OPERATION: uniform1f: location is not from the associated program @ about:srcdoc:92
[  169354ms] [WARNING] WebGL: INVALID_OPERATION: uniform2f: location is not from the associated program @ about:srcdoc:93
[  169365ms] [WARNING] WebGL: INVALID_OPERATION: uniform1f: location is not from the associated program @ about:srcdoc:92
[  169365ms] [WARNING] WebGL: INVALID_OPERATION: uniform2f: location is not from the associated program @ about:srcdoc:93
[  169371ms] [WARNING] WebGL: INVALID_OPERATION: uniform1f: location is not from the associated program @ about:srcdoc:92
[  169371ms] [WARNING] WebGL: INVALID_OPERATION: uniform2f: location is not from the associated program @ about:srcdoc:93
[  169376ms] [WARNING] WebGL: INVALID_OPERATION: uniform1f: location is not from the associated program @ about:srcdoc:92
[  169376ms] [WARNING] WebGL: INVALID_OPERATION: uniform2f: location is not from the associated program @ about:srcdoc:93
[  169382ms] [WARNING] WebGL: INVALID_OPERATION: uniform1f: location is not from the associated program @ about:srcdoc:92
[  169382ms] [WARNING] WebGL: INVALID_OPERATION: uniform2f: location is not from the associated program @ about:srcdoc:93
[  169387ms] [WARNING] WebGL: INVALID_OPERATION: uniform1f: location is not from the associated program @ about:srcdoc:92
[  169387ms] [WARNING] WebGL: INVALID_OPERATION: uniform2f: location is not from the associated program @ about:srcdoc:93
[  169391ms] [WARNING] WebGL: INVALID_OPERATION: uniform1f: location is not from the associated program @ about:srcdoc:92
[  169391ms] [WARNING] WebGL: INVALID_OPERATION: uniform2f: location is not from the associated program @ about:srcdoc:93
[  169598ms] [WARNING] WebGL: INVALID_OPERATION: uniform1f: location is not from the associated program @ about:srcdoc:92
[  169598ms] [WARNING] WebGL: INVALID_OPERATION: uniform2f: location is not from the associated program @ about:srcdoc:93
[  169617ms] [WARNING] cdn.tailwindcss.com should not be used in production. To use Tailwind CSS in production, install it as a PostCSS plugin or use the Tailwind CLI: https://tailwindcss.com/docs/installation @ https://cdn.tailwindcss.com/?plugins=forms,container-queries:63
[  169915ms] [WARNING] WebGL: INVALID_OPERATION: uniform1f: location is not from the associated program @ about:srcdoc:92
[  169915ms] [WARNING] WebGL: INVALID_OPERATION: uniform2f: location is not from the associated program @ about:srcdoc:93
[  169929ms] [WARNING] WebGL: INVALID_OPERATION: uniform1f: location is not from the associated program @ about:srcdoc:92
[  169929ms] [WARNING] WebGL: INVALID_OPERATION: uniform2f: location is not from the associated program @ about:srcdoc:93
[  169935ms] [WARNING] WebGL: INVALID_OPERATION: uniform1f: location is not from the associated program @ about:srcdoc:92
[  169935ms] [WARNING] WebGL: INVALID_OPERATION: uniform2f: location is not from the associated program @ about:srcdoc:93
[  169941ms] [WARNING] WebGL: INVALID_OPERATION: uniform1f: location is not from the associated program @ about:srcdoc:92
[  169941ms] [WARNING] WebGL: INVALID_OPERATION: uniform2f: location is not from the associated program @ about:srcdoc:93
[  169947ms] [WARNING] WebGL: INVALID_OPERATION: uniform1f: location is not from the associated program @ about:srcdoc:92
[  169947ms] [WARNING] WebGL: INVALID_OPERATION: uniform2f: location is not from the associated program @ about:srcdoc:93
[  169953ms] [WARNING] WebGL: INVALID_OPERATION: uniform1f: location is not from the associated program @ about:srcdoc:92
[  169953ms] [WARNING] WebGL: INVALID_OPERATION: uniform2f: location is not from the associated program @ about:srcdoc:93
[  169990ms] [WARNING] WebGL: INVALID_OPERATION: uniform1f: location is not from the associated program @ about:srcdoc:92
[  169990ms] [WARNING] WebGL: INVALID_OPERATION: uniform2f: location is not from the associated program @ about:srcdoc:93
[  170011ms] [WARNING] cdn.tailwindcss.com should not be used in production. To use Tailwind CSS in production, install it as a PostCSS plugin or use the Tailwind CLI: https://tailwindcss.com/docs/installation @ https://cdn.tailwindcss.com/?plugins=forms,container-queries:63
[  170027ms] [WARNING] WebGL: INVALID_OPERATION: uniform1f: location is not from the associated program @ about:srcdoc:92
[  170028ms] [WARNING] WebGL: INVALID_OPERATION: uniform2f: location is not from the associated program @ about:srcdoc:93
[  170035ms] [WARNING] WebGL: INVALID_OPERATION: uniform1f: location is not from the associated program @ about:srcdoc:92
[  170035ms] [WARNING] WebGL: INVALID_OPERATION: uniform2f: location is not from the associated program @ about:srcdoc:93
[  170039ms] [WARNING] WebGL: INVALID_OPERATION: uniform1f: location is not from the associated program @ about:srcdoc:92
[  170039ms] [WARNING] WebGL: INVALID_OPERATION: uniform2f: location is not from the associated program @ about:srcdoc:93
[  170041ms] [WARNING] WebGL: INVALID_OPERATION: uniform1f: location is not from the associated program @ about:srcdoc:92
[  170041ms] [WARNING] WebGL: INVALID_OPERATION: uniform2f: location is not from the associated program @ about:srcdoc:93
[  170043ms] [WARNING] WebGL: INVALID_OPERATION: uniform1f: location is not from the associated program @ about:srcdoc:92
[  170043ms] [WARNING] WebGL: INVALID_OPERATION: uniform2f: location is not from the associated program @ about:srcdoc:93
[  170047ms] [WARNING] WebGL: INVALID_OPERATION: uniform1f: location is not from the associated program @ about:srcdoc:92
[  170047ms] [WARNING] WebGL: INVALID_OPERATION: uniform2f: location is not from the associated program @ about:srcdoc:93
[  170056ms] [WARNING] WebGL: INVALID_OPERATION: uniform1f: location is not from the associated program @ about:srcdoc:92
[  170056ms] [WARNING] WebGL: INVALID_OPERATION: uniform2f: location is not from the associated program @ about:srcdoc:93
[  170070ms] [WARNING] WebGL: INVALID_OPERATION: uniform1f: location is not from the associated program @ about:srcdoc:92
[  170070ms] [WARNING] WebGL: INVALID_OPERATION: uniform2f: location is not from the associated program @ about:srcdoc:93
[  170170ms] [WARNING] WebGL: INVALID_OPERATION: uniform1f: location is not from the associated program @ about:srcdoc:92
[  170170ms] [WARNING] WebGL: INVALID_OPERATION: uniform2f: location is not from the associated program @ about:srcdoc:93
[  170173ms] [WARNING] WebGL: INVALID_OPERATION: uniform1f: location is not from the associated program @ about:srcdoc:92
[  170173ms] [WARNING] WebGL: INVALID_OPERATION: uniform2f: location is not from the associated program @ about:srcdoc:93
[  170176ms] [WARNING] WebGL: INVALID_OPERATION: uniform1f: location is not from the associated program @ about:srcdoc:92
[  170176ms] [WARNING] WebGL: INVALID_OPERATION: uniform2f: location is not from the associated program @ about:srcdoc:93
[  170186ms] [WARNING] WebGL: INVALID_OPERATION: uniform1f: location is not from the associated program @ about:srcdoc:92
[  170186ms] [WARNING] WebGL: INVALID_OPERATION: uniform2f: location is not from the associated program @ about:srcdoc:93
[  170190ms] [WARNING] WebGL: INVALID_OPERATION: uniform1f: location is not from the associated program @ about:srcdoc:92
[  170190ms] [WARNING] WebGL: INVALID_OPERATION: uniform2f: location is not from the associated program @ about:srcdoc:93
[  170193ms] [WARNING] WebGL: INVALID_OPERATION: uniform1f: location is not from the associated program @ about:srcdoc:92
[  170193ms] [WARNING] WebGL: INVALID_OPERATION: uniform2f: location is not from the associated program @ about:srcdoc:93
[  170197ms] [WARNING] WebGL: INVALID_OPERATION: uniform1f: location is not from the associated program @ about:srcdoc:92
[  170197ms] [WARNING] WebGL: INVALID_OPERATION: uniform2f: location is not from the associated program @ about:srcdoc:93
[  170197ms] [WARNING] WebGL: too many errors, no more errors will be reported to the console for this context. @ about:srcdoc:93
[  170592ms] [WARNING] WebGL: INVALID_OPERATION: uniform1f: location is not from the associated program @ about:srcdoc:92
[  170592ms] [WARNING] WebGL: INVALID_OPERATION: uniform2f: location is not from the associated program @ about:srcdoc:93
[  170600ms] [WARNING] WebGL: INVALID_OPERATION: uniform1f: location is not from the associated program @ about:srcdoc:92
[  170600ms] [WARNING] WebGL: INVALID_OPERATION: uniform2f: location is not from the associated program @ about:srcdoc:93
[  170603ms] [WARNING] WebGL: INVALID_OPERATION: uniform1f: location is not from the associated program @ about:srcdoc:92
[  170603ms] [WARNING] WebGL: INVALID_OPERATION: uniform2f: location is not from the associated program @ about:srcdoc:93
[  170608ms] [WARNING] WebGL: INVALID_OPERATION: uniform1f: location is not from the associated program @ about:srcdoc:92
[  170608ms] [WARNING] WebGL: INVALID_OPERATION: uniform2f: location is not from the associated program @ about:srcdoc:93
[  170613ms] [WARNING] WebGL: INVALID_OPERATION: uniform1f: location is not from the associated program @ about:srcdoc:92
[  170613ms] [WARNING] WebGL: INVALID_OPERATION: uniform2f: location is not from the associated program @ about:srcdoc:93
[  170618ms] [WARNING] WebGL: INVALID_OPERATION: uniform1f: location is not from the associated program @ about:srcdoc:92
[  170618ms] [WARNING] WebGL: INVALID_OPERATION: uniform2f: location is not from the associated program @ about:srcdoc:93
[  170623ms] [WARNING] WebGL: INVALID_OPERATION: uniform1f: location is not from the associated program @ about:srcdoc:92
[  170623ms] [WARNING] WebGL: INVALID_OPERATION: uniform2f: location is not from the associated program @ about:srcdoc:93
[  170631ms] [WARNING] WebGL: INVALID_OPERATION: uniform1f: location is not from the associated program @ about:srcdoc:92
[  170631ms] [WARNING] WebGL: INVALID_OPERATION: uniform2f: location is not from the associated program @ about:srcdoc:93
[  170681ms] [WARNING] WebGL: INVALID_OPERATION: uniform1f: location is not from the associated program @ about:srcdoc:92
[  170681ms] [WARNING] WebGL: INVALID_OPERATION: uniform2f: location is not from the associated program @ about:srcdoc:93
[  170686ms] [WARNING] WebGL: INVALID_OPERATION: uniform1f: location is not from the associated program @ about:srcdoc:92
[  170687ms] [WARNING] WebGL: INVALID_OPERATION: uniform2f: location is not from the associated program @ about:srcdoc:93
[  170692ms] [WARNING] WebGL: INVALID_OPERATION: uniform1f: location is not from the associated program @ about:srcdoc:92
[  170692ms] [WARNING] WebGL: INVALID_OPERATION: uniform2f: location is not from the associated program @ about:srcdoc:93
[  170698ms] [WARNING] WebGL: INVALID_OPERATION: uniform1f: location is not from the associated program @ about:srcdoc:92
[  170698ms] [WARNING] WebGL: INVALID_OPERATION: uniform2f: location is not from the associated program @ about:srcdoc:93
[  170704ms] [WARNING] WebGL: INVALID_OPERATION: uniform1f: location is not from the associated program @ about:srcdoc:92
[  170704ms] [WARNING] WebGL: INVALID_OPERATION: uniform2f: location is not from the associated program @ about:srcdoc:93
[  170708ms] [WARNING] WebGL: INVALID_OPERATION: uniform1f: location is not from the associated program @ about:srcdoc:92
[  170708ms] [WARNING] WebGL: INVALID_OPERATION: uniform2f: location is not from the associated program @ about:srcdoc:93
[  170711ms] [WARNING] WebGL: INVALID_OPERATION: uniform1f: location is not from the associated program @ about:srcdoc:92
[  170711ms] [WARNING] WebGL: INVALID_OPERATION: uniform2f: location is not from the associated program @ about:srcdoc:93
[  170715ms] [WARNING] WebGL: INVALID_OPERATION: uniform1f: location is not from the associated program @ about:srcdoc:92
[  170715ms] [WARNING] WebGL: INVALID_OPERATION: uniform2f: location is not from the associated program @ about:srcdoc:93
[  170731ms] [WARNING] WebGL: INVALID_OPERATION: uniform1f: location is not from the associated program @ about:srcdoc:92
[  170731ms] [WARNING] WebGL: INVALID_OPERATION: uniform2f: location is not from the associated program @ about:srcdoc:93
[  170738ms] [WARNING] WebGL: INVALID_OPERATION: uniform1f: location is not from the associated program @ about:srcdoc:92
[  170738ms] [WARNING] WebGL: INVALID_OPERATION: uniform2f: location is not from the associated program @ about:srcdoc:93
[  170743ms] [WARNING] WebGL: INVALID_OPERATION: uniform1f: location is not from the associated program @ about:srcdoc:92
[  170743ms] [WARNING] WebGL: INVALID_OPERATION: uniform2f: location is not from the associated program @ about:srcdoc:93
[  170752ms] [WARNING] WebGL: INVALID_OPERATION: uniform1f: location is not from the associated program @ about:srcdoc:92
[  170752ms] [WARNING] WebGL: INVALID_OPERATION: uniform2f: location is not from the associated program @ about:srcdoc:93
[  170756ms] [WARNING] WebGL: INVALID_OPERATION: uniform1f: location is not from the associated program @ about:srcdoc:92
[  170756ms] [WARNING] WebGL: INVALID_OPERATION: uniform2f: location is not from the associated program @ about:srcdoc:93
[  170763ms] [WARNING] WebGL: INVALID_OPERATION: uniform1f: location is not from the associated program @ about:srcdoc:92
[  170764ms] [WARNING] WebGL: INVALID_OPERATION: uniform2f: location is not from the associated program @ about:srcdoc:93
[  170769ms] [WARNING] WebGL: INVALID_OPERATION: uniform1f: location is not from the associated program @ about:srcdoc:92
[  170769ms] [WARNING] WebGL: INVALID_OPERATION: uniform2f: location is not from the associated program @ about:srcdoc:93
[  170771ms] [WARNING] WebGL: INVALID_OPERATION: uniform1f: location is not from the associated program @ about:srcdoc:92
[  170771ms] [WARNING] WebGL: INVALID_OPERATION: uniform2f: location is not from the associated program @ about:srcdoc:93
[  170778ms] [WARNING] WebGL: INVALID_OPERATION: uniform1f: location is not from the associated program @ about:srcdoc:92
[  170778ms] [WARNING] WebGL: INVALID_OPERATION: uniform2f: location is not from the associated program @ about:srcdoc:93
[  170779ms] [WARNING] WebGL: INVALID_OPERATION: uniform1f: location is not from the associated program @ about:srcdoc:92
[  170779ms] [WARNING] WebGL: INVALID_OPERATION: uniform2f: location is not from the associated program @ about:srcdoc:93
[  170781ms] [WARNING] WebGL: INVALID_OPERATION: uniform1f: location is not from the associated program @ about:srcdoc:92
[  170781ms] [WARNING] WebGL: INVALID_OPERATION: uniform2f: location is not from the associated program @ about:srcdoc:93
[  170782ms] [WARNING] WebGL: INVALID_OPERATION: uniform1f: location is not from the associated program @ about:srcdoc:92
[  170782ms] [WARNING] WebGL: INVALID_OPERATION: uniform2f: location is not from the associated program @ about:srcdoc:93
[  170785ms] [WARNING] WebGL: INVALID_OPERATION: uniform1f: location is not from the associated program @ about:srcdoc:92
[  170785ms] [WARNING] WebGL: INVALID_OPERATION: uniform2f: location is not from the associated program @ about:srcdoc:93
[  170792ms] [WARNING] WebGL: INVALID_OPERATION: uniform1f: location is not from the associated program @ about:srcdoc:92
[  170792ms] [WARNING] WebGL: INVALID_OPERATION: uniform2f: location is not from the associated program @ about:srcdoc:93
[  170799ms] [WARNING] WebGL: INVALID_OPERATION: uniform1f: location is not from the associated program @ about:srcdoc:92
[  170799ms] [WARNING] WebGL: INVALID_OPERATION: uniform2f: location is not from the associated program @ about:srcdoc:93
[  170802ms] [WARNING] WebGL: INVALID_OPERATION: uniform1f: location is not from the associated program @ about:srcdoc:92
[  170802ms] [WARNING] WebGL: INVALID_OPERATION: uniform2f: location is not from the associated program @ about:srcdoc:93
[  170837ms] [WARNING] WebGL: INVALID_OPERATION: uniform1f: location is not from the associated program @ about:srcdoc:92
[  170837ms] [WARNING] WebGL: INVALID_OPERATION: uniform2f: location is not from the associated program @ about:srcdoc:93
[  170841ms] [WARNING] WebGL: INVALID_OPERATION: uniform1f: location is not from the associated program @ about:srcdoc:92
[  170842ms] [WARNING] WebGL: INVALID_OPERATION: uniform2f: location is not from the associated program @ about:srcdoc:93
[  170845ms] [WARNING] WebGL: INVALID_OPERATION: uniform1f: location is not from the associated program @ about:srcdoc:92
[  170845ms] [WARNING] WebGL: INVALID_OPERATION: uniform2f: location is not from the associated program @ about:srcdoc:93
[  170848ms] [WARNING] WebGL: INVALID_OPERATION: uniform1f: location is not from the associated program @ about:srcdoc:92
[  170848ms] [WARNING] WebGL: INVALID_OPERATION: uniform2f: location is not from the associated program @ about:srcdoc:93
[  170854ms] [WARNING] WebGL: INVALID_OPERATION: uniform1f: location is not from the associated program @ about:srcdoc:92
[  170854ms] [WARNING] WebGL: INVALID_OPERATION: uniform2f: location is not from the associated program @ about:srcdoc:93
[  170862ms] [WARNING] WebGL: INVALID_OPERATION: uniform1f: location is not from the associated program @ about:srcdoc:92
[  170862ms] [WARNING] WebGL: INVALID_OPERATION: uniform2f: location is not from the associated program @ about:srcdoc:93
[  170867ms] [WARNING] WebGL: INVALID_OPERATION: uniform1f: location is not from the associated program @ about:srcdoc:92
[  170867ms] [WARNING] WebGL: INVALID_OPERATION: uniform2f: location is not from the associated program @ about:srcdoc:93
[  170871ms] [WARNING] WebGL: INVALID_OPERATION: uniform1f: location is not from the associated program @ about:srcdoc:92
[  170871ms] [WARNING] WebGL: INVALID_OPERATION: uniform2f: location is not from the associated program @ about:srcdoc:93
[  170887ms] [WARNING] WebGL: INVALID_OPERATION: uniform1f: location is not from the associated program @ about:srcdoc:92
[  170887ms] [WARNING] WebGL: INVALID_OPERATION: uniform2f: location is not from the associated program @ about:srcdoc:93
[  170893ms] [WARNING] WebGL: INVALID_OPERATION: uniform1f: location is not from the associated program @ about:srcdoc:92
[  170893ms] [WARNING] WebGL: INVALID_OPERATION: uniform2f: location is not from the associated program @ about:srcdoc:93
[  170897ms] [WARNING] WebGL: INVALID_OPERATION: uniform1f: location is not from the associated program @ about:srcdoc:92
[  170898ms] [WARNING] WebGL: INVALID_OPERATION: uniform2f: location is not from the associated program @ about:srcdoc:93
[  170904ms] [WARNING] WebGL: INVALID_OPERATION: uniform1f: location is not from the associated program @ about:srcdoc:92
[  170905ms] [WARNING] WebGL: INVALID_OPERATION: uniform2f: location is not from the associated program @ about:srcdoc:93
[  170914ms] [WARNING] WebGL: INVALID_OPERATION: uniform1f: location is not from the associated program @ about:srcdoc:92
[  170914ms] [WARNING] WebGL: INVALID_OPERATION: uniform2f: location is not from the associated program @ about:srcdoc:93
[  170920ms] [WARNING] WebGL: INVALID_OPERATION: uniform1f: location is not from the associated program @ about:srcdoc:92
[  170920ms] [WARNING] WebGL: INVALID_OPERATION: uniform2f: location is not from the associated program @ about:srcdoc:93
[  170926ms] [WARNING] WebGL: INVALID_OPERATION: uniform1f: location is not from the associated program @ about:srcdoc:92
[  170927ms] [WARNING] WebGL: INVALID_OPERATION: uniform2f: location is not from the associated program @ about:srcdoc:93
[  170933ms] [WARNING] WebGL: INVALID_OPERATION: uniform1f: location is not from the associated program @ about:srcdoc:92
[  170933ms] [WARNING] WebGL: INVALID_OPERATION: uniform2f: location is not from the associated program @ about:srcdoc:93
[  170958ms] [WARNING] WebGL: INVALID_OPERATION: uniform1f: location is not from the associated program @ about:srcdoc:92
[  170958ms] [WARNING] WebGL: INVALID_OPERATION: uniform2f: location is not from the associated program @ about:srcdoc:93
[  170964ms] [WARNING] WebGL: INVALID_OPERATION: uniform1f: location is not from the associated program @ about:srcdoc:92
[  170964ms] [WARNING] WebGL: INVALID_OPERATION: uniform2f: location is not from the associated program @ about:srcdoc:93
[  170967ms] [WARNING] WebGL: INVALID_OPERATION: uniform1f: location is not from the associated program @ about:srcdoc:92
[  170968ms] [WARNING] WebGL: INVALID_OPERATION: uniform2f: location is not from the associated program @ about:srcdoc:93
[  170971ms] [WARNING] WebGL: INVALID_OPERATION: uniform1f: location is not from the associated program @ about:srcdoc:92
[  170971ms] [WARNING] WebGL: INVALID_OPERATION: uniform2f: location is not from the associated program @ about:srcdoc:93
[  170977ms] [WARNING] WebGL: INVALID_OPERATION: uniform1f: location is not from the associated program @ about:srcdoc:92
[  170977ms] [WARNING] WebGL: INVALID_OPERATION: uniform2f: location is not from the associated program @ about:srcdoc:93
[  170982ms] [WARNING] WebGL: INVALID_OPERATION: uniform1f: location is not from the associated program @ about:srcdoc:92
[  170982ms] [WARNING] WebGL: INVALID_OPERATION: uniform2f: location is not from the associated program @ about:srcdoc:93
[  170987ms] [WARNING] WebGL: INVALID_OPERATION: uniform1f: location is not from the associated program @ about:srcdoc:92
[  170987ms] [WARNING] WebGL: INVALID_OPERATION: uniform2f: location is not from the associated program @ about:srcdoc:93
[  170992ms] [WARNING] WebGL: INVALID_OPERATION: uniform1f: location is not from the associated program @ about:srcdoc:92
[  170992ms] [WARNING] WebGL: INVALID_OPERATION: uniform2f: location is not from the associated program @ about:srcdoc:93
[  171004ms] [WARNING] WebGL: INVALID_OPERATION: uniform1f: location is not from the associated program @ about:srcdoc:92
[  171004ms] [WARNING] WebGL: INVALID_OPERATION: uniform2f: location is not from the associated program @ about:srcdoc:93
[  171008ms] [WARNING] WebGL: INVALID_OPERATION: uniform1f: location is not from the associated program @ about:srcdoc:92
[  171008ms] [WARNING] WebGL: INVALID_OPERATION: uniform2f: location is not from the associated program @ about:srcdoc:93
[  171011ms] [WARNING] WebGL: INVALID_OPERATION: uniform1f: location is not from the associated program @ about:srcdoc:92
[  171011ms] [WARNING] WebGL: INVALID_OPERATION: uniform2f: location is not from the associated program @ about:srcdoc:93
[  171021ms] [WARNING] WebGL: INVALID_OPERATION: uniform1f: location is not from the associated program @ about:srcdoc:92
[  171022ms] [WARNING] WebGL: INVALID_OPERATION: uniform2f: location is not from the associated program @ about:srcdoc:93
[  171034ms] [WARNING] WebGL: INVALID_OPERATION: uniform1f: location is not from the associated program @ about:srcdoc:92
[  171034ms] [WARNING] WebGL: INVALID_OPERATION: uniform2f: location is not from the associated program @ about:srcdoc:93
[  171038ms] [WARNING] WebGL: INVALID_OPERATION: uniform1f: location is not from the associated program @ about:srcdoc:92
[  171038ms] [WARNING] WebGL: INVALID_OPERATION: uniform2f: location is not from the associated program @ about:srcdoc:93
[  171042ms] [WARNING] WebGL: INVALID_OPERATION: uniform1f: location is not from the associated program @ about:srcdoc:92
[  171042ms] [WARNING] WebGL: INVALID_OPERATION: uniform2f: location is not from the associated program @ about:srcdoc:93
[  171049ms] [WARNING] WebGL: INVALID_OPERATION: uniform1f: location is not from the associated program @ about:srcdoc:92
[  171049ms] [WARNING] WebGL: INVALID_OPERATION: uniform2f: location is not from the associated program @ about:srcdoc:93
[  171063ms] [WARNING] WebGL: INVALID_OPERATION: uniform1f: location is not from the associated program @ about:srcdoc:92
[  171063ms] [WARNING] WebGL: INVALID_OPERATION: uniform2f: location is not from the associated program @ about:srcdoc:93
[  171065ms] [WARNING] WebGL: INVALID_OPERATION: uniform1f: location is not from the associated program @ about:srcdoc:92
[  171065ms] [WARNING] WebGL: INVALID_OPERATION: uniform2f: location is not from the associated program @ about:srcdoc:93
[  171077ms] [WARNING] WebGL: INVALID_OPERATION: uniform1f: location is not from the associated program @ about:srcdoc:92
[  171077ms] [WARNING] WebGL: INVALID_OPERATION: uniform2f: location is not from the associated program @ about:srcdoc:93
[  171085ms] [WARNING] WebGL: INVALID_OPERATION: uniform1f: location is not from the associated program @ about:srcdoc:92
[  171085ms] [WARNING] WebGL: INVALID_OPERATION: uniform2f: location is not from the associated program @ about:srcdoc:93
[  171090ms] [WARNING] WebGL: INVALID_OPERATION: uniform1f: location is not from the associated program @ about:srcdoc:92
[  171090ms] [WARNING] WebGL: INVALID_OPERATION: uniform2f: location is not from the associated program @ about:srcdoc:93
[  171096ms] [WARNING] WebGL: INVALID_OPERATION: uniform1f: location is not from the associated program @ about:srcdoc:92
[  171096ms] [WARNING] WebGL: INVALID_OPERATION: uniform2f: location is not from the associated program @ about:srcdoc:93
[  171107ms] [WARNING] WebGL: INVALID_OPERATION: uniform1f: location is not from the associated program @ about:srcdoc:92
[  171107ms] [WARNING] WebGL: INVALID_OPERATION: uniform2f: location is not from the associated program @ about:srcdoc:93
[  171114ms] [WARNING] WebGL: INVALID_OPERATION: uniform1f: location is not from the associated program @ about:srcdoc:92
[  171114ms] [WARNING] WebGL: INVALID_OPERATION: uniform2f: location is not from the associated program @ about:srcdoc:93
[  171131ms] [WARNING] WebGL: INVALID_OPERATION: uniform1f: location is not from the associated program @ about:srcdoc:92
[  171132ms] [WARNING] WebGL: INVALID_OPERATION: uniform2f: location is not from the associated program @ about:srcdoc:93
[  171134ms] [WARNING] WebGL: INVALID_OPERATION: uniform1f: location is not from the associated program @ about:srcdoc:92
[  171134ms] [WARNING] WebGL: INVALID_OPERATION: uniform2f: location is not from the associated program @ about:srcdoc:93
[  171138ms] [WARNING] WebGL: INVALID_OPERATION: uniform1f: location is not from the associated program @ about:srcdoc:92
[  171138ms] [WARNING] WebGL: INVALID_OPERATION: uniform2f: location is not from the associated program @ about:srcdoc:93
[  171140ms] [WARNING] WebGL: INVALID_OPERATION: uniform1f: location is not from the associated program @ about:srcdoc:92
[  171141ms] [WARNING] WebGL: INVALID_OPERATION: uniform2f: location is not from the associated program @ about:srcdoc:93
[  171147ms] [WARNING] WebGL: INVALID_OPERATION: uniform1f: location is not from the associated program @ about:srcdoc:92
[  171148ms] [WARNING] WebGL: INVALID_OPERATION: uniform2f: location is not from the associated program @ about:srcdoc:93
[  171156ms] [WARNING] WebGL: INVALID_OPERATION: uniform1f: location is not from the associated program @ about:srcdoc:92
[  171156ms] [WARNING] WebGL: INVALID_OPERATION: uniform2f: location is not from the associated program @ about:srcdoc:93
[  171159ms] [WARNING] WebGL: INVALID_OPERATION: uniform1f: location is not from the associated program @ about:srcdoc:92
[  171160ms] [WARNING] WebGL: INVALID_OPERATION: uniform2f: location is not from the associated program @ about:srcdoc:93
[  171163ms] [WARNING] WebGL: INVALID_OPERATION: uniform1f: location is not from the associated program @ about:srcdoc:92
[  171163ms] [WARNING] WebGL: INVALID_OPERATION: uniform2f: location is not from the associated program @ about:srcdoc:93
[  171209ms] [WARNING] WebGL: INVALID_OPERATION: uniform1f: location is not from the associated program @ about:srcdoc:92
[  171210ms] [WARNING] WebGL: INVALID_OPERATION: uniform2f: location is not from the associated program @ about:srcdoc:93
[  171216ms] [WARNING] WebGL: INVALID_OPERATION: uniform1f: location is not from the associated program @ about:srcdoc:92
[  171216ms] [WARNING] WebGL: INVALID_OPERATION: uniform2f: location is not from the associated program @ about:srcdoc:93
[  171223ms] [WARNING] WebGL: INVALID_OPERATION: uniform1f: location is not from the associated program @ about:srcdoc:92
[  171223ms] [WARNING] WebGL: INVALID_OPERATION: uniform2f: location is not from the associated program @ about:srcdoc:93
[  171228ms] [WARNING] WebGL: INVALID_OPERATION: uniform1f: location is not from the associated program @ about:srcdoc:92
[  171229ms] [WARNING] WebGL: INVALID_OPERATION: uniform2f: location is not from the associated program @ about:srcdoc:93
[  171237ms] [WARNING] WebGL: INVALID_OPERATION: uniform1f: location is not from the associated program @ about:srcdoc:92
[  171237ms] [WARNING] WebGL: INVALID_OPERATION: uniform2f: location is not from the associated program @ about:srcdoc:93
[  171245ms] [WARNING] WebGL: INVALID_OPERATION: uniform1f: location is not from the associated program @ about:srcdoc:92
[  171245ms] [WARNING] WebGL: INVALID_OPERATION: uniform2f: location is not from the associated program @ about:srcdoc:93
[  171253ms] [WARNING] WebGL: INVALID_OPERATION: uniform1f: location is not from the associated program @ about:srcdoc:92
[  171253ms] [WARNING] WebGL: INVALID_OPERATION: uniform2f: location is not from the associated program @ about:srcdoc:93
[  171259ms] [WARNING] WebGL: INVALID_OPERATION: uniform1f: location is not from the associated program @ about:srcdoc:92
[  171259ms] [WARNING] WebGL: INVALID_OPERATION: uniform2f: location is not from the associated program @ about:srcdoc:93
[  171271ms] [WARNING] WebGL: INVALID_OPERATION: uniform1f: location is not from the associated program @ about:srcdoc:92
[  171271ms] [WARNING] WebGL: INVALID_OPERATION: uniform2f: location is not from the associated program @ about:srcdoc:93
[  171285ms] [WARNING] WebGL: INVALID_OPERATION: uniform1f: location is not from the associated program @ about:srcdoc:92
[  171286ms] [WARNING] WebGL: INVALID_OPERATION: uniform2f: location is not from the associated program @ about:srcdoc:93
[  171292ms] [WARNING] WebGL: INVALID_OPERATION: uniform1f: location is not from the associated program @ about:srcdoc:92
[  171293ms] [WARNING] WebGL: INVALID_OPERATION: uniform2f: location is not from the associated program @ about:srcdoc:93
[  171298ms] [WARNING] WebGL: INVALID_OPERATION: uniform1f: location is not from the associated program @ about:srcdoc:92
[  171299ms] [WARNING] WebGL: INVALID_OPERATION: uniform2f: location is not from the associated program @ about:srcdoc:93
[  171307ms] [WARNING] WebGL: INVALID_OPERATION: uniform1f: location is not from the associated program @ about:srcdoc:92
[  171307ms] [WARNING] WebGL: INVALID_OPERATION: uniform2f: location is not from the associated program @ about:srcdoc:93
[  171319ms] [WARNING] WebGL: INVALID_OPERATION: uniform1f: location is not from the associated program @ about:srcdoc:92
[  171319ms] [WARNING] WebGL: INVALID_OPERATION: uniform2f: location is not from the associated program @ about:srcdoc:93
[  171333ms] [WARNING] WebGL: INVALID_OPERATION: uniform1f: location is not from the associated program @ about:srcdoc:92
[  171333ms] [WARNING] WebGL: INVALID_OPERATION: uniform2f: location is not from the associated program @ about:srcdoc:93
[  171347ms] [WARNING] WebGL: INVALID_OPERATION: uniform1f: location is not from the associated program @ about:srcdoc:92
[  171347ms] [WARNING] WebGL: INVALID_OPERATION: uniform2f: location is not from the associated program @ about:srcdoc:93
[  171369ms] [WARNING] WebGL: INVALID_OPERATION: uniform1f: location is not from the associated program @ about:srcdoc:92
[  171370ms] [WARNING] WebGL: INVALID_OPERATION: uniform2f: location is not from the associated program @ about:srcdoc:93
[  171385ms] [WARNING] WebGL: INVALID_OPERATION: uniform1f: location is not from the associated program @ about:srcdoc:92
[  171385ms] [WARNING] WebGL: INVALID_OPERATION: uniform2f: location is not from the associated program @ about:srcdoc:93
[  171388ms] [WARNING] WebGL: INVALID_OPERATION: uniform1f: location is not from the associated program @ about:srcdoc:92
[  171388ms] [WARNING] WebGL: INVALID_OPERATION: uniform2f: location is not from the associated program @ about:srcdoc:93
[  171392ms] [WARNING] WebGL: INVALID_OPERATION: uniform1f: location is not from the associated program @ about:srcdoc:92
[  171392ms] [WARNING] WebGL: INVALID_OPERATION: uniform2f: location is not from the associated program @ about:srcdoc:93
[  171395ms] [WARNING] WebGL: INVALID_OPERATION: uniform1f: location is not from the associated program @ about:srcdoc:92
[  171395ms] [WARNING] WebGL: INVALID_OPERATION: uniform2f: location is not from the associated program @ about:srcdoc:93
[  171400ms] [WARNING] WebGL: INVALID_OPERATION: uniform1f: location is not from the associated program @ about:srcdoc:92
[  171400ms] [WARNING] WebGL: INVALID_OPERATION: uniform2f: location is not from the associated program @ about:srcdoc:93
[  171406ms] [WARNING] WebGL: INVALID_OPERATION: uniform1f: location is not from the associated program @ about:srcdoc:92
[  171407ms] [WARNING] WebGL: INVALID_OPERATION: uniform2f: location is not from the associated program @ about:srcdoc:93
[  171414ms] [WARNING] WebGL: INVALID_OPERATION: uniform1f: location is not from the associated program @ about:srcdoc:92
[  171414ms] [WARNING] WebGL: INVALID_OPERATION: uniform2f: location is not from the associated program @ about:srcdoc:93
[  171443ms] [WARNING] WebGL: INVALID_OPERATION: uniform1f: location is not from the associated program @ about:srcdoc:92
[  171444ms] [WARNING] WebGL: INVALID_OPERATION: uniform2f: location is not from the associated program @ about:srcdoc:93
[  171452ms] [WARNING] WebGL: INVALID_OPERATION: uniform1f: location is not from the associated program @ about:srcdoc:92
[  171452ms] [WARNING] WebGL: INVALID_OPERATION: uniform2f: location is not from the associated program @ about:srcdoc:93
[  171461ms] [WARNING] WebGL: INVALID_OPERATION: uniform1f: location is not from the associated program @ about:srcdoc:92
[  171461ms] [WARNING] WebGL: INVALID_OPERATION: uniform2f: location is not from the associated program @ about:srcdoc:93
[  171471ms] [WARNING] WebGL: INVALID_OPERATION: uniform1f: location is not from the associated program @ about:srcdoc:92
[  171472ms] [WARNING] WebGL: INVALID_OPERATION: uniform2f: location is not from the associated program @ about:srcdoc:93
[  171478ms] [WARNING] WebGL: INVALID_OPERATION: uniform1f: location is not from the associated program @ about:srcdoc:92
[  171478ms] [WARNING] WebGL: INVALID_OPERATION: uniform2f: location is not from the associated program @ about:srcdoc:93
[  171484ms] [WARNING] WebGL: INVALID_OPERATION: uniform1f: location is not from the associated program @ about:srcdoc:92
[  171485ms] [WARNING] WebGL: INVALID_OPERATION: uniform2f: location is not from the associated program @ about:srcdoc:93
[  171494ms] [WARNING] WebGL: INVALID_OPERATION: uniform1f: location is not from the associated program @ about:srcdoc:92
[  171494ms] [WARNING] WebGL: INVALID_OPERATION: uniform2f: location is not from the associated program @ about:srcdoc:93
[  171504ms] [WARNING] WebGL: INVALID_OPERATION: uniform1f: location is not from the associated program @ about:srcdoc:92
[  171504ms] [WARNING] WebGL: INVALID_OPERATION: uniform2f: location is not from the associated program @ about:srcdoc:93
[  171531ms] [WARNING] WebGL: INVALID_OPERATION: uniform1f: location is not from the associated program @ about:srcdoc:92
[  171531ms] [WARNING] WebGL: INVALID_OPERATION: uniform2f: location is not from the associated program @ about:srcdoc:93
[  171549ms] [WARNING] WebGL: INVALID_OPERATION: uniform1f: location is not from the associated program @ about:srcdoc:92
[  171549ms] [WARNING] WebGL: INVALID_OPERATION: uniform2f: location is not from the associated program @ about:srcdoc:93
[  171554ms] [WARNING] WebGL: INVALID_OPERATION: uniform1f: location is not from the associated program @ about:srcdoc:92
[  171554ms] [WARNING] WebGL: INVALID_OPERATION: uniform2f: location is not from the associated program @ about:srcdoc:93
[  171556ms] [WARNING] WebGL: INVALID_OPERATION: uniform1f: location is not from the associated program @ about:srcdoc:92
[  171556ms] [WARNING] WebGL: INVALID_OPERATION: uniform2f: location is not from the associated program @ about:srcdoc:93
[  171560ms] [WARNING] WebGL: INVALID_OPERATION: uniform1f: location is not from the associated program @ about:srcdoc:92
[  171560ms] [WARNING] WebGL: INVALID_OPERATION: uniform2f: location is not from the associated program @ about:srcdoc:93
[  171568ms] [WARNING] WebGL: INVALID_OPERATION: uniform1f: location is not from the associated program @ about:srcdoc:92
[  171568ms] [WARNING] WebGL: INVALID_OPERATION: uniform2f: location is not from the associated program @ about:srcdoc:93
[  171579ms] [WARNING] WebGL: INVALID_OPERATION: uniform1f: location is not from the associated program @ about:srcdoc:92
[  171580ms] [WARNING] WebGL: INVALID_OPERATION: uniform2f: location is not from the associated program @ about:srcdoc:93
[  171589ms] [WARNING] WebGL: INVALID_OPERATION: uniform1f: location is not from the associated program @ about:srcdoc:92
[  171589ms] [WARNING] WebGL: INVALID_OPERATION: uniform2f: location is not from the associated program @ about:srcdoc:93
[  171601ms] [WARNING] WebGL: INVALID_OPERATION: uniform1f: location is not from the associated program @ about:srcdoc:92
[  171602ms] [WARNING] WebGL: INVALID_OPERATION: uniform2f: location is not from the associated program @ about:srcdoc:93
[  171607ms] [WARNING] WebGL: INVALID_OPERATION: uniform1f: location is not from the associated program @ about:srcdoc:92
[  171608ms] [WARNING] WebGL: INVALID_OPERATION: uniform2f: location is not from the associated program @ about:srcdoc:93
[  171613ms] [WARNING] WebGL: INVALID_OPERATION: uniform1f: location is not from the associated program @ about:srcdoc:92
[  171613ms] [WARNING] WebGL: INVALID_OPERATION: uniform2f: location is not from the associated program @ about:srcdoc:93
[  171619ms] [WARNING] WebGL: INVALID_OPERATION: uniform1f: location is not from the associated program @ about:srcdoc:92
[  171619ms] [WARNING] WebGL: INVALID_OPERATION: uniform2f: location is not from the associated program @ about:srcdoc:93
[  171623ms] [WARNING] WebGL: INVALID_OPERATION: uniform1f: location is not from the associated program @ about:srcdoc:92
[  171624ms] [WARNING] WebGL: INVALID_OPERATION: uniform2f: location is not from the associated program @ about:srcdoc:93
[  171626ms] [WARNING] WebGL: INVALID_OPERATION: uniform1f: location is not from the associated program @ about:srcdoc:92
[  171626ms] [WARNING] WebGL: INVALID_OPERATION: uniform2f: location is not from the associated program @ about:srcdoc:93
[  171631ms] [WARNING] WebGL: INVALID_OPERATION: uniform1f: location is not from the associated program @ about:srcdoc:92
[  171633ms] [WARNING] WebGL: INVALID_OPERATION: uniform2f: location is not from the associated program @ about:srcdoc:93
[  171647ms] [WARNING] WebGL: INVALID_OPERATION: uniform1f: location is not from the associated program @ about:srcdoc:92
[  171647ms] [WARNING] WebGL: INVALID_OPERATION: uniform2f: location is not from the associated program @ about:srcdoc:93
[  171647ms] [WARNING] WebGL: too many errors, no more errors will be reported to the console for this context. @ about:srcdoc:93
[  277176ms] [WARNING] cdn.tailwindcss.com should not be used in production. To use Tailwind CSS in production, install it as a PostCSS plugin or use the Tailwind CLI: https://tailwindcss.com/docs/installation @ https://cdn.tailwindcss.com/?plugins=forms,container-queries:63
[  277460ms] [WARNING] cdn.tailwindcss.com should not be used in production. To use Tailwind CSS in production, install it as a PostCSS plugin or use the Tailwind CLI: https://tailwindcss.com/docs/installation @ https://cdn.tailwindcss.com/?plugins=forms,container-queries:63
[  277821ms] [WARNING] cdn.tailwindcss.com should not be used in production. To use Tailwind CSS in production, install it as a PostCSS plugin or use the Tailwind CLI: https://tailwindcss.com/docs/installation @ https://cdn.tailwindcss.com/?plugins=forms,container-queries:63
[  277945ms] [WARNING] cdn.tailwindcss.com should not be used in production. To use Tailwind CSS in production, install it as a PostCSS plugin or use the Tailwind CLI: https://tailwindcss.com/docs/installation @ https://cdn.tailwindcss.com/?plugins=forms,container-queries:63
[  278549ms] [WARNING] cdn.tailwindcss.com should not be used in production. To use Tailwind CSS in production, install it as a PostCSS plugin or use the Tailwind CLI: https://tailwindcss.com/docs/installation @ https://cdn.tailwindcss.com/?plugins=forms,container-queries:63
[  278578ms] [WARNING] cdn.tailwindcss.com should not be used in production. To use Tailwind CSS in production, install it as a PostCSS plugin or use the Tailwind CLI: https://tailwindcss.com/docs/installation @ https://cdn.tailwindcss.com/?plugins=forms,container-queries:63
[  278649ms] [WARNING] cdn.tailwindcss.com should not be used in production. To use Tailwind CSS in production, install it as a PostCSS plugin or use the Tailwind CLI: https://tailwindcss.com/docs/installation @ https://cdn.tailwindcss.com/?plugins=forms,container-queries:63
[  278974ms] [WARNING] cdn.tailwindcss.com should not be used in production. To use Tailwind CSS in production, install it as a PostCSS plugin or use the Tailwind CLI: https://tailwindcss.com/docs/installation @ https://cdn.tailwindcss.com/?plugins=forms,container-queries:63
[  279711ms] [WARNING] WebGL: INVALID_OPERATION: uniform1f: location is not from the associated program @ about:srcdoc:436
[  279711ms] [WARNING] WebGL: INVALID_OPERATION: uniform2f: location is not from the associated program @ about:srcdoc:437
[  279758ms] [WARNING] WebGL: INVALID_OPERATION: uniform1f: location is not from the associated program @ about:srcdoc:436
[  279758ms] [WARNING] WebGL: INVALID_OPERATION: uniform2f: location is not from the associated program @ about:srcdoc:437
[  279769ms] [WARNING] WebGL: INVALID_OPERATION: uniform1f: location is not from the associated program @ about:srcdoc:436
[  279769ms] [WARNING] WebGL: INVALID_OPERATION: uniform2f: location is not from the associated program @ about:srcdoc:437
[  279818ms] [WARNING] WebGL: INVALID_OPERATION: uniform1f: location is not from the associated program @ about:srcdoc:436
[  279818ms] [WARNING] WebGL: INVALID_OPERATION: uniform2f: location is not from the associated program @ about:srcdoc:437
[  279829ms] [WARNING] WebGL: INVALID_OPERATION: uniform1f: location is not from the associated program @ about:srcdoc:436
[  279829ms] [WARNING] WebGL: INVALID_OPERATION: uniform2f: location is not from the associated program @ about:srcdoc:437
[  279850ms] [WARNING] WebGL: INVALID_OPERATION: uniform1f: location is not from the associated program @ about:srcdoc:436
[  279850ms] [WARNING] WebGL: INVALID_OPERATION: uniform2f: location is not from the associated program @ about:srcdoc:437
[  279853ms] [WARNING] WebGL: INVALID_OPERATION: uniform1f: location is not from the associated program @ about:srcdoc:436
[  279853ms] [WARNING] WebGL: INVALID_OPERATION: uniform2f: location is not from the associated program @ about:srcdoc:437
[  279953ms] [WARNING] WebGL: INVALID_OPERATION: uniform1f: location is not from the associated program @ about:srcdoc:436
[  279954ms] [WARNING] WebGL: INVALID_OPERATION: uniform2f: location is not from the associated program @ about:srcdoc:437
[  279959ms] [WARNING] WebGL: INVALID_OPERATION: uniform1f: location is not from the associated program @ about:srcdoc:436
[  279959ms] [WARNING] WebGL: INVALID_OPERATION: uniform2f: location is not from the associated program @ about:srcdoc:437
[  279966ms] [WARNING] WebGL: INVALID_OPERATION: uniform1f: location is not from the associated program @ about:srcdoc:436
[  279966ms] [WARNING] WebGL: INVALID_OPERATION: uniform2f: location is not from the associated program @ about:srcdoc:437
[  280288ms] [WARNING] WebGL: INVALID_OPERATION: uniform1f: location is not from the associated program @ about:srcdoc:436
[  280288ms] [WARNING] WebGL: INVALID_OPERATION: uniform2f: location is not from the associated program @ about:srcdoc:437
[  280439ms] [WARNING] WebGL: INVALID_OPERATION: uniform1f: location is not from the associated program @ about:srcdoc:436
[  280439ms] [WARNING] WebGL: INVALID_OPERATION: uniform2f: location is not from the associated program @ about:srcdoc:437
[  280445ms] [WARNING] WebGL: INVALID_OPERATION: uniform1f: location is not from the associated program @ about:srcdoc:436
[  280445ms] [WARNING] WebGL: INVALID_OPERATION: uniform2f: location is not from the associated program @ about:srcdoc:437
[  280451ms] [WARNING] WebGL: INVALID_OPERATION: uniform1f: location is not from the associated program @ about:srcdoc:436
[  280452ms] [WARNING] WebGL: INVALID_OPERATION: uniform2f: location is not from the associated program @ about:srcdoc:437
[  280488ms] [WARNING] WebGL: INVALID_OPERATION: uniform1f: location is not from the associated program @ about:srcdoc:436
[  280488ms] [WARNING] WebGL: INVALID_OPERATION: uniform2f: location is not from the associated program @ about:srcdoc:437
[  280515ms] [WARNING] WebGL: INVALID_OPERATION: uniform1f: location is not from the associated program @ about:srcdoc:436
[  280516ms] [WARNING] WebGL: INVALID_OPERATION: uniform2f: location is not from the associated program @ about:srcdoc:437
[  280519ms] [WARNING] WebGL: INVALID_OPERATION: uniform1f: location is not from the associated program @ about:srcdoc:436
[  280519ms] [WARNING] WebGL: INVALID_OPERATION: uniform2f: location is not from the associated program @ about:srcdoc:437
[  280531ms] [WARNING] WebGL: INVALID_OPERATION: uniform1f: location is not from the associated program @ about:srcdoc:436
[  280531ms] [WARNING] WebGL: INVALID_OPERATION: uniform2f: location is not from the associated program @ about:srcdoc:437
[  280697ms] [WARNING] WebGL: INVALID_OPERATION: uniform1f: location is not from the associated program @ about:srcdoc:436
[  280697ms] [WARNING] WebGL: INVALID_OPERATION: uniform2f: location is not from the associated program @ about:srcdoc:437
[  280761ms] [WARNING] WebGL: INVALID_OPERATION: uniform1f: location is not from the associated program @ about:srcdoc:436
[  280762ms] [WARNING] WebGL: INVALID_OPERATION: uniform2f: location is not from the associated program @ about:srcdoc:437
[  280767ms] [WARNING] WebGL: INVALID_OPERATION: uniform1f: location is not from the associated program @ about:srcdoc:436
[  280767ms] [WARNING] WebGL: INVALID_OPERATION: uniform2f: location is not from the associated program @ about:srcdoc:437
[  280774ms] [WARNING] WebGL: INVALID_OPERATION: uniform1f: location is not from the associated program @ about:srcdoc:436
[  280774ms] [WARNING] WebGL: INVALID_OPERATION: uniform2f: location is not from the associated program @ about:srcdoc:437
[  280789ms] [WARNING] WebGL: INVALID_OPERATION: uniform1f: location is not from the associated program @ about:srcdoc:436
[  280789ms] [WARNING] WebGL: INVALID_OPERATION: uniform2f: location is not from the associated program @ about:srcdoc:437
[  280840ms] [WARNING] WebGL: INVALID_OPERATION: uniform1f: location is not from the associated program @ about:srcdoc:436
[  280841ms] [WARNING] WebGL: INVALID_OPERATION: uniform2f: location is not from the associated program @ about:srcdoc:437
[  280850ms] [WARNING] WebGL: INVALID_OPERATION: uniform1f: location is not from the associated program @ about:srcdoc:436
[  280850ms] [WARNING] WebGL: INVALID_OPERATION: uniform2f: location is not from the associated program @ about:srcdoc:437
[  280868ms] [WARNING] WebGL: INVALID_OPERATION: uniform1f: location is not from the associated program @ about:srcdoc:436
[  280868ms] [WARNING] WebGL: INVALID_OPERATION: uniform2f: location is not from the associated program @ about:srcdoc:437
[  280898ms] [WARNING] WebGL: INVALID_OPERATION: uniform1f: location is not from the associated program @ about:srcdoc:436
[  280898ms] [WARNING] WebGL: INVALID_OPERATION: uniform2f: location is not from the associated program @ about:srcdoc:437
[  280982ms] [WARNING] WebGL: INVALID_OPERATION: uniform1f: location is not from the associated program @ about:srcdoc:436
[  280983ms] [WARNING] WebGL: INVALID_OPERATION: uniform2f: location is not from the associated program @ about:srcdoc:437
[  280989ms] [WARNING] WebGL: INVALID_OPERATION: uniform1f: location is not from the associated program @ about:srcdoc:436
[  280989ms] [WARNING] WebGL: INVALID_OPERATION: uniform2f: location is not from the associated program @ about:srcdoc:437
[  280999ms] [WARNING] WebGL: INVALID_OPERATION: uniform1f: location is not from the associated program @ about:srcdoc:436
[  281000ms] [WARNING] WebGL: INVALID_OPERATION: uniform2f: location is not from the associated program @ about:srcdoc:437
[  281037ms] [WARNING] WebGL: INVALID_OPERATION: uniform1f: location is not from the associated program @ about:srcdoc:436
[  281037ms] [WARNING] WebGL: INVALID_OPERATION: uniform2f: location is not from the associated program @ about:srcdoc:437
[  281054ms] [WARNING] WebGL: INVALID_OPERATION: uniform1f: location is not from the associated program @ about:srcdoc:436
[  281054ms] [WARNING] WebGL: INVALID_OPERATION: uniform2f: location is not from the associated program @ about:srcdoc:437
[  281060ms] [WARNING] WebGL: INVALID_OPERATION: uniform1f: location is not from the associated program @ about:srcdoc:436
[  281060ms] [WARNING] WebGL: INVALID_OPERATION: uniform2f: location is not from the associated program @ about:srcdoc:437
[  281074ms] [WARNING] WebGL: INVALID_OPERATION: uniform1f: location is not from the associated program @ about:srcdoc:436
[  281074ms] [WARNING] WebGL: INVALID_OPERATION: uniform2f: location is not from the associated program @ about:srcdoc:437
[  281210ms] [WARNING] WebGL: INVALID_OPERATION: uniform1f: location is not from the associated program @ about:srcdoc:436
[  281210ms] [WARNING] WebGL: INVALID_OPERATION: uniform2f: location is not from the associated program @ about:srcdoc:437
[  281219ms] [WARNING] WebGL: INVALID_OPERATION: uniform1f: location is not from the associated program @ about:srcdoc:436
[  281219ms] [WARNING] WebGL: INVALID_OPERATION: uniform2f: location is not from the associated program @ about:srcdoc:437
[  281225ms] [WARNING] WebGL: INVALID_OPERATION: uniform1f: location is not from the associated program @ about:srcdoc:436
[  281225ms] [WARNING] WebGL: INVALID_OPERATION: uniform2f: location is not from the associated program @ about:srcdoc:437
[  281237ms] [WARNING] WebGL: INVALID_OPERATION: uniform1f: location is not from the associated program @ about:srcdoc:436
[  281237ms] [WARNING] WebGL: INVALID_OPERATION: uniform2f: location is not from the associated program @ about:srcdoc:437
[  281245ms] [WARNING] WebGL: INVALID_OPERATION: uniform1f: location is not from the associated program @ about:srcdoc:436
[  281245ms] [WARNING] WebGL: INVALID_OPERATION: uniform2f: location is not from the associated program @ about:srcdoc:437
[  281264ms] [WARNING] WebGL: INVALID_OPERATION: uniform1f: location is not from the associated program @ about:srcdoc:436
[  281265ms] [WARNING] WebGL: INVALID_OPERATION: uniform2f: location is not from the associated program @ about:srcdoc:437
[  281272ms] [WARNING] WebGL: INVALID_OPERATION: uniform1f: location is not from the associated program @ about:srcdoc:436
[  281272ms] [WARNING] WebGL: INVALID_OPERATION: uniform2f: location is not from the associated program @ about:srcdoc:437
[  281282ms] [WARNING] WebGL: INVALID_OPERATION: uniform1f: location is not from the associated program @ about:srcdoc:436
[  281282ms] [WARNING] WebGL: INVALID_OPERATION: uniform2f: location is not from the associated program @ about:srcdoc:437
[  281308ms] [WARNING] WebGL: INVALID_OPERATION: uniform1f: location is not from the associated program @ about:srcdoc:436
[  281308ms] [WARNING] WebGL: INVALID_OPERATION: uniform2f: location is not from the associated program @ about:srcdoc:437
[  281313ms] [WARNING] WebGL: INVALID_OPERATION: uniform1f: location is not from the associated program @ about:srcdoc:436
[  281314ms] [WARNING] WebGL: INVALID_OPERATION: uniform2f: location is not from the associated program @ about:srcdoc:437
[  281322ms] [WARNING] WebGL: INVALID_OPERATION: uniform1f: location is not from the associated program @ about:srcdoc:436
[  281322ms] [WARNING] WebGL: INVALID_OPERATION: uniform2f: location is not from the associated program @ about:srcdoc:437
[  281330ms] [WARNING] WebGL: INVALID_OPERATION: uniform1f: location is not from the associated program @ about:srcdoc:436
[  281330ms] [WARNING] WebGL: INVALID_OPERATION: uniform2f: location is not from the associated program @ about:srcdoc:437
[  281341ms] [WARNING] WebGL: INVALID_OPERATION: uniform1f: location is not from the associated program @ about:srcdoc:436
[  281341ms] [WARNING] WebGL: INVALID_OPERATION: uniform2f: location is not from the associated program @ about:srcdoc:437
[  281353ms] [WARNING] WebGL: INVALID_OPERATION: uniform1f: location is not from the associated program @ about:srcdoc:436
[  281353ms] [WARNING] WebGL: INVALID_OPERATION: uniform2f: location is not from the associated program @ about:srcdoc:437
[  281359ms] [WARNING] WebGL: INVALID_OPERATION: uniform1f: location is not from the associated program @ about:srcdoc:436
[  281360ms] [WARNING] WebGL: INVALID_OPERATION: uniform2f: location is not from the associated program @ about:srcdoc:437
[  281371ms] [WARNING] WebGL: INVALID_OPERATION: uniform1f: location is not from the associated program @ about:srcdoc:436
[  281371ms] [WARNING] WebGL: INVALID_OPERATION: uniform2f: location is not from the associated program @ about:srcdoc:437
[  281375ms] [WARNING] WebGL: INVALID_OPERATION: uniform1f: location is not from the associated program @ about:srcdoc:436
[  281375ms] [WARNING] WebGL: INVALID_OPERATION: uniform2f: location is not from the associated program @ about:srcdoc:437
[  281378ms] [WARNING] WebGL: INVALID_OPERATION: uniform1f: location is not from the associated program @ about:srcdoc:436
[  281378ms] [WARNING] WebGL: INVALID_OPERATION: uniform2f: location is not from the associated program @ about:srcdoc:437
[  281405ms] [WARNING] WebGL: INVALID_OPERATION: uniform1f: location is not from the associated program @ about:srcdoc:436
[  281405ms] [WARNING] WebGL: INVALID_OPERATION: uniform2f: location is not from the associated program @ about:srcdoc:437
[  281540ms] [WARNING] WebGL: INVALID_OPERATION: uniform1f: location is not from the associated program @ about:srcdoc:436
[  281540ms] [WARNING] WebGL: INVALID_OPERATION: uniform2f: location is not from the associated program @ about:srcdoc:437
[  281555ms] [WARNING] WebGL: INVALID_OPERATION: uniform1f: location is not from the associated program @ about:srcdoc:436
[  281555ms] [WARNING] WebGL: INVALID_OPERATION: uniform2f: location is not from the associated program @ about:srcdoc:437
[  281560ms] [WARNING] WebGL: INVALID_OPERATION: uniform1f: location is not from the associated program @ about:srcdoc:436
[  281560ms] [WARNING] WebGL: INVALID_OPERATION: uniform2f: location is not from the associated program @ about:srcdoc:437
[  281567ms] [WARNING] WebGL: INVALID_OPERATION: uniform1f: location is not from the associated program @ about:srcdoc:436
[  281567ms] [WARNING] WebGL: INVALID_OPERATION: uniform2f: location is not from the associated program @ about:srcdoc:437
[  281571ms] [WARNING] WebGL: INVALID_OPERATION: uniform1f: location is not from the associated program @ about:srcdoc:436
[  281571ms] [WARNING] WebGL: INVALID_OPERATION: uniform2f: location is not from the associated program @ about:srcdoc:437
[  281574ms] [WARNING] WebGL: INVALID_OPERATION: uniform1f: location is not from the associated program @ about:srcdoc:436
[  281574ms] [WARNING] WebGL: INVALID_OPERATION: uniform2f: location is not from the associated program @ about:srcdoc:437
[  281581ms] [WARNING] WebGL: INVALID_OPERATION: uniform1f: location is not from the associated program @ about:srcdoc:436
[  281581ms] [WARNING] WebGL: INVALID_OPERATION: uniform2f: location is not from the associated program @ about:srcdoc:437
[  281591ms] [WARNING] WebGL: INVALID_OPERATION: uniform1f: location is not from the associated program @ about:srcdoc:436
[  281591ms] [WARNING] WebGL: INVALID_OPERATION: uniform2f: location is not from the associated program @ about:srcdoc:437
[  281705ms] [WARNING] WebGL: INVALID_OPERATION: uniform1f: location is not from the associated program @ about:srcdoc:436
[  281706ms] [WARNING] WebGL: INVALID_OPERATION: uniform2f: location is not from the associated program @ about:srcdoc:437
[  281721ms] [WARNING] WebGL: INVALID_OPERATION: uniform1f: location is not from the associated program @ about:srcdoc:436
[  281721ms] [WARNING] WebGL: INVALID_OPERATION: uniform2f: location is not from the associated program @ about:srcdoc:437
[  281726ms] [WARNING] WebGL: INVALID_OPERATION: uniform1f: location is not from the associated program @ about:srcdoc:436
[  281726ms] [WARNING] WebGL: INVALID_OPERATION: uniform2f: location is not from the associated program @ about:srcdoc:437
[  281733ms] [WARNING] WebGL: INVALID_OPERATION: uniform1f: location is not from the associated program @ about:srcdoc:436
[  281733ms] [WARNING] WebGL: INVALID_OPERATION: uniform2f: location is not from the associated program @ about:srcdoc:437
[  281740ms] [WARNING] WebGL: INVALID_OPERATION: uniform1f: location is not from the associated program @ about:srcdoc:436
[  281740ms] [WARNING] WebGL: INVALID_OPERATION: uniform2f: location is not from the associated program @ about:srcdoc:437
[  281744ms] [WARNING] WebGL: INVALID_OPERATION: uniform1f: location is not from the associated program @ about:srcdoc:436
[  281745ms] [WARNING] WebGL: INVALID_OPERATION: uniform2f: location is not from the associated program @ about:srcdoc:437
[  281752ms] [WARNING] WebGL: INVALID_OPERATION: uniform1f: location is not from the associated program @ about:srcdoc:436
[  281752ms] [WARNING] WebGL: INVALID_OPERATION: uniform2f: location is not from the associated program @ about:srcdoc:437
[  281758ms] [WARNING] WebGL: INVALID_OPERATION: uniform1f: location is not from the associated program @ about:srcdoc:436
[  281758ms] [WARNING] WebGL: INVALID_OPERATION: uniform2f: location is not from the associated program @ about:srcdoc:437
[  281821ms] [WARNING] WebGL: INVALID_OPERATION: uniform1f: location is not from the associated program @ about:srcdoc:436
[  281822ms] [WARNING] WebGL: INVALID_OPERATION: uniform2f: location is not from the associated program @ about:srcdoc:437
[  281837ms] [WARNING] WebGL: INVALID_OPERATION: uniform1f: location is not from the associated program @ about:srcdoc:436
[  281837ms] [WARNING] WebGL: INVALID_OPERATION: uniform2f: location is not from the associated program @ about:srcdoc:437
[  281848ms] [WARNING] WebGL: INVALID_OPERATION: uniform1f: location is not from the associated program @ about:srcdoc:436
[  281848ms] [WARNING] WebGL: INVALID_OPERATION: uniform2f: location is not from the associated program @ about:srcdoc:437
[  281859ms] [WARNING] WebGL: INVALID_OPERATION: uniform1f: location is not from the associated program @ about:srcdoc:436
[  281859ms] [WARNING] WebGL: INVALID_OPERATION: uniform2f: location is not from the associated program @ about:srcdoc:437
[  281864ms] [WARNING] WebGL: INVALID_OPERATION: uniform1f: location is not from the associated program @ about:srcdoc:436
[  281864ms] [WARNING] WebGL: INVALID_OPERATION: uniform2f: location is not from the associated program @ about:srcdoc:437
[  281867ms] [WARNING] WebGL: INVALID_OPERATION: uniform1f: location is not from the associated program @ about:srcdoc:436
[  281868ms] [WARNING] WebGL: INVALID_OPERATION: uniform2f: location is not from the associated program @ about:srcdoc:437
[  281870ms] [WARNING] WebGL: INVALID_OPERATION: uniform1f: location is not from the associated program @ about:srcdoc:436
[  281870ms] [WARNING] WebGL: INVALID_OPERATION: uniform2f: location is not from the associated program @ about:srcdoc:437
[  281876ms] [WARNING] WebGL: INVALID_OPERATION: uniform1f: location is not from the associated program @ about:srcdoc:436
[  281876ms] [WARNING] WebGL: INVALID_OPERATION: uniform2f: location is not from the associated program @ about:srcdoc:437
[  281924ms] [WARNING] WebGL: INVALID_OPERATION: uniform1f: location is not from the associated program @ about:srcdoc:436
[  281925ms] [WARNING] WebGL: INVALID_OPERATION: uniform2f: location is not from the associated program @ about:srcdoc:437
[  281931ms] [WARNING] WebGL: INVALID_OPERATION: uniform1f: location is not from the associated program @ about:srcdoc:436
[  281931ms] [WARNING] WebGL: INVALID_OPERATION: uniform2f: location is not from the associated program @ about:srcdoc:437
[  281934ms] [WARNING] WebGL: INVALID_OPERATION: uniform1f: location is not from the associated program @ about:srcdoc:436
[  281935ms] [WARNING] WebGL: INVALID_OPERATION: uniform2f: location is not from the associated program @ about:srcdoc:437
[  281939ms] [WARNING] WebGL: INVALID_OPERATION: uniform1f: location is not from the associated program @ about:srcdoc:436
[  281939ms] [WARNING] WebGL: INVALID_OPERATION: uniform2f: location is not from the associated program @ about:srcdoc:437
[  281948ms] [WARNING] WebGL: INVALID_OPERATION: uniform1f: location is not from the associated program @ about:srcdoc:436
[  281948ms] [WARNING] WebGL: INVALID_OPERATION: uniform2f: location is not from the associated program @ about:srcdoc:437
[  281961ms] [WARNING] WebGL: INVALID_OPERATION: uniform1f: location is not from the associated program @ about:srcdoc:436
[  281962ms] [WARNING] WebGL: INVALID_OPERATION: uniform2f: location is not from the associated program @ about:srcdoc:437
[  281968ms] [WARNING] WebGL: INVALID_OPERATION: uniform1f: location is not from the associated program @ about:srcdoc:436
[  281968ms] [WARNING] WebGL: INVALID_OPERATION: uniform2f: location is not from the associated program @ about:srcdoc:437
[  281975ms] [WARNING] WebGL: INVALID_OPERATION: uniform1f: location is not from the associated program @ about:srcdoc:436
[  281975ms] [WARNING] WebGL: INVALID_OPERATION: uniform2f: location is not from the associated program @ about:srcdoc:437
[  282004ms] [WARNING] WebGL: INVALID_OPERATION: uniform1f: location is not from the associated program @ about:srcdoc:436
[  282004ms] [WARNING] WebGL: INVALID_OPERATION: uniform2f: location is not from the associated program @ about:srcdoc:437
[  282007ms] [WARNING] WebGL: INVALID_OPERATION: uniform1f: location is not from the associated program @ about:srcdoc:436
[  282007ms] [WARNING] WebGL: INVALID_OPERATION: uniform2f: location is not from the associated program @ about:srcdoc:437
[  282014ms] [WARNING] WebGL: INVALID_OPERATION: uniform1f: location is not from the associated program @ about:srcdoc:436
[  282014ms] [WARNING] WebGL: INVALID_OPERATION: uniform2f: location is not from the associated program @ about:srcdoc:437
[  282017ms] [WARNING] WebGL: INVALID_OPERATION: uniform1f: location is not from the associated program @ about:srcdoc:436
[  282017ms] [WARNING] WebGL: INVALID_OPERATION: uniform2f: location is not from the associated program @ about:srcdoc:437
[  282024ms] [WARNING] WebGL: INVALID_OPERATION: uniform1f: location is not from the associated program @ about:srcdoc:436
[  282024ms] [WARNING] WebGL: INVALID_OPERATION: uniform2f: location is not from the associated program @ about:srcdoc:437
[  282030ms] [WARNING] WebGL: INVALID_OPERATION: uniform1f: location is not from the associated program @ about:srcdoc:436
[  282030ms] [WARNING] WebGL: INVALID_OPERATION: uniform2f: location is not from the associated program @ about:srcdoc:437
[  282037ms] [WARNING] WebGL: INVALID_OPERATION: uniform1f: location is not from the associated program @ about:srcdoc:436
[  282037ms] [WARNING] WebGL: INVALID_OPERATION: uniform2f: location is not from the associated program @ about:srcdoc:437
[  282043ms] [WARNING] WebGL: INVALID_OPERATION: uniform1f: location is not from the associated program @ about:srcdoc:436
[  282044ms] [WARNING] WebGL: INVALID_OPERATION: uniform2f: location is not from the associated program @ about:srcdoc:437
[  282088ms] [WARNING] WebGL: INVALID_OPERATION: uniform1f: location is not from the associated program @ about:srcdoc:436
[  282088ms] [WARNING] WebGL: INVALID_OPERATION: uniform2f: location is not from the associated program @ about:srcdoc:437
[  282104ms] [WARNING] WebGL: INVALID_OPERATION: uniform1f: location is not from the associated program @ about:srcdoc:436
[  282104ms] [WARNING] WebGL: INVALID_OPERATION: uniform2f: location is not from the associated program @ about:srcdoc:437
[  282118ms] [WARNING] WebGL: INVALID_OPERATION: uniform1f: location is not from the associated program @ about:srcdoc:436
[  282118ms] [WARNING] WebGL: INVALID_OPERATION: uniform2f: location is not from the associated program @ about:srcdoc:437
[  282128ms] [WARNING] WebGL: INVALID_OPERATION: uniform1f: location is not from the associated program @ about:srcdoc:436
[  282128ms] [WARNING] WebGL: INVALID_OPERATION: uniform2f: location is not from the associated program @ about:srcdoc:437
[  282138ms] [WARNING] WebGL: INVALID_OPERATION: uniform1f: location is not from the associated program @ about:srcdoc:436
[  282138ms] [WARNING] WebGL: INVALID_OPERATION: uniform2f: location is not from the associated program @ about:srcdoc:437
[  282143ms] [WARNING] WebGL: INVALID_OPERATION: uniform1f: location is not from the associated program @ about:srcdoc:436
[  282143ms] [WARNING] WebGL: INVALID_OPERATION: uniform2f: location is not from the associated program @ about:srcdoc:437
[  282148ms] [WARNING] WebGL: INVALID_OPERATION: uniform1f: location is not from the associated program @ about:srcdoc:436
[  282148ms] [WARNING] WebGL: INVALID_OPERATION: uniform2f: location is not from the associated program @ about:srcdoc:437
[  282156ms] [WARNING] WebGL: INVALID_OPERATION: uniform1f: location is not from the associated program @ about:srcdoc:436
[  282156ms] [WARNING] WebGL: INVALID_OPERATION: uniform2f: location is not from the associated program @ about:srcdoc:437
[  282186ms] [WARNING] WebGL: INVALID_OPERATION: uniform1f: location is not from the associated program @ about:srcdoc:436
[  282186ms] [WARNING] WebGL: INVALID_OPERATION: uniform2f: location is not from the associated program @ about:srcdoc:437
[  282194ms] [WARNING] WebGL: INVALID_OPERATION: uniform1f: location is not from the associated program @ about:srcdoc:436
[  282195ms] [WARNING] WebGL: INVALID_OPERATION: uniform2f: location is not from the associated program @ about:srcdoc:437
[  282199ms] [WARNING] WebGL: INVALID_OPERATION: uniform1f: location is not from the associated program @ about:srcdoc:436
[  282199ms] [WARNING] WebGL: INVALID_OPERATION: uniform2f: location is not from the associated program @ about:srcdoc:437
[  282203ms] [WARNING] WebGL: INVALID_OPERATION: uniform1f: location is not from the associated program @ about:srcdoc:436
[  282203ms] [WARNING] WebGL: INVALID_OPERATION: uniform2f: location is not from the associated program @ about:srcdoc:437
[  282209ms] [WARNING] WebGL: INVALID_OPERATION: uniform1f: location is not from the associated program @ about:srcdoc:436
[  282210ms] [WARNING] WebGL: INVALID_OPERATION: uniform2f: location is not from the associated program @ about:srcdoc:437
[  282214ms] [WARNING] WebGL: INVALID_OPERATION: uniform1f: location is not from the associated program @ about:srcdoc:436
[  282214ms] [WARNING] WebGL: INVALID_OPERATION: uniform2f: location is not from the associated program @ about:srcdoc:437
[  282220ms] [WARNING] WebGL: INVALID_OPERATION: uniform1f: location is not from the associated program @ about:srcdoc:436
[  282220ms] [WARNING] WebGL: INVALID_OPERATION: uniform2f: location is not from the associated program @ about:srcdoc:437
[  282231ms] [WARNING] WebGL: INVALID_OPERATION: uniform1f: location is not from the associated program @ about:srcdoc:436
[  282231ms] [WARNING] WebGL: INVALID_OPERATION: uniform2f: location is not from the associated program @ about:srcdoc:437
[  282284ms] [WARNING] WebGL: INVALID_OPERATION: uniform1f: location is not from the associated program @ about:srcdoc:436
[  282285ms] [WARNING] WebGL: INVALID_OPERATION: uniform2f: location is not from the associated program @ about:srcdoc:437
[  282294ms] [WARNING] WebGL: INVALID_OPERATION: uniform1f: location is not from the associated program @ about:srcdoc:436
[  282294ms] [WARNING] WebGL: INVALID_OPERATION: uniform2f: location is not from the associated program @ about:srcdoc:437
[  282302ms] [WARNING] WebGL: INVALID_OPERATION: uniform1f: location is not from the associated program @ about:srcdoc:436
[  282302ms] [WARNING] WebGL: INVALID_OPERATION: uniform2f: location is not from the associated program @ about:srcdoc:437
[  282312ms] [WARNING] WebGL: INVALID_OPERATION: uniform1f: location is not from the associated program @ about:srcdoc:436
[  282312ms] [WARNING] WebGL: INVALID_OPERATION: uniform2f: location is not from the associated program @ about:srcdoc:437
[  282316ms] [WARNING] WebGL: INVALID_OPERATION: uniform1f: location is not from the associated program @ about:srcdoc:436
[  282316ms] [WARNING] WebGL: INVALID_OPERATION: uniform2f: location is not from the associated program @ about:srcdoc:437
[  282320ms] [WARNING] WebGL: INVALID_OPERATION: uniform1f: location is not from the associated program @ about:srcdoc:436
[  282320ms] [WARNING] WebGL: INVALID_OPERATION: uniform2f: location is not from the associated program @ about:srcdoc:437
[  282328ms] [WARNING] WebGL: INVALID_OPERATION: uniform1f: location is not from the associated program @ about:srcdoc:436
[  282328ms] [WARNING] WebGL: INVALID_OPERATION: uniform2f: location is not from the associated program @ about:srcdoc:437
[  282345ms] [WARNING] WebGL: INVALID_OPERATION: uniform1f: location is not from the associated program @ about:srcdoc:436
[  282345ms] [WARNING] WebGL: INVALID_OPERATION: uniform2f: location is not from the associated program @ about:srcdoc:437
[  282354ms] [WARNING] WebGL: INVALID_OPERATION: uniform1f: location is not from the associated program @ about:srcdoc:436
[  282354ms] [WARNING] WebGL: INVALID_OPERATION: uniform2f: location is not from the associated program @ about:srcdoc:437
[  282359ms] [WARNING] WebGL: INVALID_OPERATION: uniform1f: location is not from the associated program @ about:srcdoc:436
[  282360ms] [WARNING] WebGL: INVALID_OPERATION: uniform2f: location is not from the associated program @ about:srcdoc:437
[  282365ms] [WARNING] WebGL: INVALID_OPERATION: uniform1f: location is not from the associated program @ about:srcdoc:436
[  282365ms] [WARNING] WebGL: INVALID_OPERATION: uniform2f: location is not from the associated program @ about:srcdoc:437
[  282370ms] [WARNING] WebGL: INVALID_OPERATION: uniform1f: location is not from the associated program @ about:srcdoc:436
[  282370ms] [WARNING] WebGL: INVALID_OPERATION: uniform2f: location is not from the associated program @ about:srcdoc:437
[  282378ms] [WARNING] WebGL: INVALID_OPERATION: uniform1f: location is not from the associated program @ about:srcdoc:436
[  282378ms] [WARNING] WebGL: INVALID_OPERATION: uniform2f: location is not from the associated program @ about:srcdoc:437
[  282390ms] [WARNING] WebGL: INVALID_OPERATION: uniform1f: location is not from the associated program @ about:srcdoc:436
[  282390ms] [WARNING] WebGL: INVALID_OPERATION: uniform2f: location is not from the associated program @ about:srcdoc:437
[  282401ms] [WARNING] WebGL: INVALID_OPERATION: uniform1f: location is not from the associated program @ about:srcdoc:436
[  282401ms] [WARNING] WebGL: INVALID_OPERATION: uniform2f: location is not from the associated program @ about:srcdoc:437
[  282436ms] [WARNING] WebGL: INVALID_OPERATION: uniform1f: location is not from the associated program @ about:srcdoc:436
[  282436ms] [WARNING] WebGL: INVALID_OPERATION: uniform2f: location is not from the associated program @ about:srcdoc:437
[  282445ms] [WARNING] WebGL: INVALID_OPERATION: uniform1f: location is not from the associated program @ about:srcdoc:436
[  282445ms] [WARNING] WebGL: INVALID_OPERATION: uniform2f: location is not from the associated program @ about:srcdoc:437
[  282454ms] [WARNING] WebGL: INVALID_OPERATION: uniform1f: location is not from the associated program @ about:srcdoc:436
[  282454ms] [WARNING] WebGL: INVALID_OPERATION: uniform2f: location is not from the associated program @ about:srcdoc:437
[  282463ms] [WARNING] WebGL: INVALID_OPERATION: uniform1f: location is not from the associated program @ about:srcdoc:436
[  282463ms] [WARNING] WebGL: INVALID_OPERATION: uniform2f: location is not from the associated program @ about:srcdoc:437
[  282463ms] [WARNING] WebGL: too many errors, no more errors will be reported to the console for this context. @ about:srcdoc:437
[  390273ms] [ERROR] Failed to load resource: the server responded with a status of 502 () @ https://stitch.withgoogle.com/_/Nemo/data/batchexecute?rpcids=A7f2qf&source-path=%2F&bl=boq_pitchfork-nemo-ui_20260727.02_p0&f.sid=1227038478317606731&hl=en-GB&_reqid=3445106&rt=c:0
[  390278ms] [ERROR] [Stitch] RPC failed: type=object value=TransportError: Error code = 103, Path = /_/Nemo/data/batchexecute, Message = There was an error during the transport or processing of this request., HTTP status = 502, Incomplete XSS header at end of @ https://www.gstatic.com/_/mss/boq-pitchfork/_/js/k=boq-pitchfork.Nemo.en_GB.1Iq3TH-ukA0.2018.O/ck=boq-pitchfork.Nemo.YUPOZ5YPXbA.L.B1.O/d=1/exm=_b/excm=_b/ed=1/br=1/wt=2/ujg=1/rs=AFTLRieDEHzCwzACeGctMrD8gYxRBMTSNQ/ee=Pjplud:PoEs9b;QGR0gd:Mlhmy;ScI3Yc:e7Hzgb;YIZmRd:A1yn5d;cEt90b:ws9Tlc;dowIGb:ebZ3mb/dti=1/m=oxe1Cc:596
[  390281ms] [ERROR] Error: {"stack":"TransportError: Error code = 103, Path = /_/Nemo/data/batchexecute, Message = There was an error during the transport or processing of this request., HTTP status = 502, Incomplete XSS header at end of request\n    at new _.GP (https://www.gstatic.com/_/mss/boq-pitchfork/_/js/k=boq-pitchfork.Nemo.en_GB.1Iq3TH-ukA0.2018.O/ck=boq-pitchfork.Nemo.YUPOZ5YPXbA.L.B1.O/d=1/exm=_b/excm=_b/ed=1/br=1/wt=2/ujg=1/rs=AFTLRieDEHzCwzACeGctMrD8gYxRBMTSNQ/ee=Pjplud:PoEs9b;QGR0gd:Mlhmy;ScI3Yc:e7Hzgb;YIZmRd:A1yn5d;cEt90b:ws9Tlc;dowIGb:ebZ3mb/dti=1/m=oxe1Cc:183:394)\n    at EQ.V (https://www.gstatic.com/_/mss/boq-pitchfork/_/js/k=boq-pitchfork.Nemo.en_GB.1Iq3TH-ukA0.2018.O/ck=boq-pitchfork.Nemo.YUPOZ5YPXbA.L.B1.O/d=1/exm=_b/excm=_b/ed=1/br=1/wt=2/ujg=1/rs=AFTLRieDEHzCwzACeGctMrD8gYxRBMTSNQ/ee=Pjplud:PoEs9b;QGR0gd:Mlhmy;ScI3Yc:e7Hzgb;YIZmRd:A1yn5d;cEt90b:ws9Tlc;dowIGb:ebZ3mb/dti=1/m=oxe1Cc:193:195)\n    at Rz (https://www.gstatic.com/_/mss/boq-pitchfork/_/js/k=boq-pitchfork.Nemo.en_GB.1Iq3TH-ukA0.2018.O/d=1/excm=_b/ed=1/dg=0/br=1/wt=2/ujg=1/rs=AFTLRieHbDFUWucNN-ns67OLb5NDsxAsiA/ee=Pjplud:PoEs9b;QGR0gd:Mlhmy;ScI3Yc:e7Hzgb;YIZmRd:A1yn5d;cEt90b:ws9Tlc;dowIGb:ebZ3mb/dti=1/m=_b:476:234)\n    at Qz (https://www.gstatic.com/_/mss/boq-pitchfork/_/js/k=boq-pitchfork.Nemo.en_GB.1Iq3TH-ukA0.2018.O/d=1/excm=_b/ed=1/dg=0/br=1/wt=2/ujg=1/rs=AFTLRieHbDFUWucNN-ns67OLb5NDsxAsiA/ee=Pjplud:PoEs9b;QGR0gd:Mlhmy;ScI3Yc:e7Hzgb;YIZmRd:A1yn5d;cEt90b:ws9Tlc;dowIGb:ebZ3mb/dti=1/m=_b:473:520)\n    at _.jn.V (https://www.gstatic.com/_/mss/boq-pitchfork/_/js/k=boq-pitchfork.Nemo.en_GB.1Iq3TH-ukA0.2018.O/d=1/excm=_b/ed=1/dg=0/br=1/wt=2/ujg=1/rs=AFTLRieHbDFUWucNN-ns67OLb5NDsxAsiA/ee=Pjplud:PoEs9b;QGR0gd:Mlhmy;ScI3Yc:e7Hzgb;YIZmRd:A1yn5d;cEt90b:ws9Tlc;dowIGb:ebZ3mb/dti=1/m=_b:473:463)\n    at Rz (https://www.gstatic.com/_/mss/boq-pitchfork/_/js/k=boq-pitchfork.Nemo.en_GB.1Iq3TH-ukA0.2018.O/d=1/excm=_b/ed=1/dg=0/br=1/wt=2/ujg=1/rs=AFTLRieHbDFUWucNN-ns67OLb5NDsxAsiA/ee=Pjplud:PoEs9b;QGR0gd:Mlhmy;ScI3Yc:e7Hzgb;YIZmRd:A1yn5d;cEt90b:ws9Tlc;dowIGb:ebZ3mb/dti=1/m=_b:476:234)\n    at Qz (https://www.gstatic.com/_/mss/boq-pitchfork/_/js/k=boq-pitchfork.Nemo.en_GB.1Iq3TH-ukA0.2018.O/d=1/excm=_b/ed=1/dg=0/br=1/wt=2/ujg=1/rs=AFTLRieHbDFUWucNN-ns67OLb5NDsxAsiA/ee=Pjplud:PoEs9b;QGR0gd:Mlhmy;ScI3Yc:e7Hzgb;YIZmRd:A1yn5d;cEt90b:ws9Tlc;dowIGb:ebZ3mb/dti=1/m=_b:473:520)\n    at _.jn.A (https://www.gstatic.com/_/mss/boq-pitchfork/_/js/k=boq-pitchfork.Nemo.en_GB.1Iq3TH-ukA0.2018.O/d=1/excm=_b/ed=1/dg=0/br=1/wt=2/ujg=1/rs=AFTLRieHbDFUWucNN-ns67OLb5NDsxAsiA/ee=Pjplud:PoEs9b;QGR0gd:Mlhmy;ScI3Yc:e7Hzgb;YIZmRd:A1yn5d;cEt90b:ws9Tlc;dowIGb:ebZ3mb/dti=1/m=_b:474:39)\n    at Rz (https://www.gstatic.com/_/mss/boq-pitchfork/_/js/k=boq-pitchfork.Nemo.en_GB.1Iq3TH-ukA0.2018.O/d=1/excm=_b/ed=1/dg=0/br=1/wt=2/ujg=1/rs=AFTLRieHbDFUWucNN-ns67OLb5NDsxAsiA/ee=Pjplud:PoEs9b;QGR0gd:Mlhmy;ScI3Yc:e7Hzgb;YIZmRd:A1yn5d;cEt90b:ws9Tlc;dowIGb:ebZ3mb/dti=1/m=_b:476:234)\n    at Qz (https://www.gstatic.com/_/mss/boq-pitchfork/_/js/k=boq-pitchfork.Nemo.en_GB.1Iq3TH-ukA0.2018.O/d=1/excm=_b/ed=1/dg=0/br=1/wt=2/ujg=1/rs=AFTLRieHbDFUWucNN-ns67OLb5NDsxAsiA/ee=Pjplud:PoEs9b;QGR0gd:Mlhmy;ScI3Yc:e7Hzgb;YIZmRd:A1yn5d;cEt90b:ws9Tlc;dowIGb:ebZ3mb/dti=1/m=_b:473:520)","message":"Error code = 103, Path = /_/Nemo/data/batchexecute, Message = There was an error during the transport or processing of this request., HTTP status = 502, Incomplete XSS header at end of request","A":true,"name":"TransportError","B":103,"D":{"B":{"K":{"S":false,"Yb":{"src":"Maybe Circular","listeners":{},"A":0},"Co":"Maybe Circular","Uh":null,"G":{"A":[],"B":[]},"R":{"B":{},"A":[],"size":0,"D":0},"A":[{"K":"Maybe Circular","Df":"BEST_EFFORT","A":{"F":"","K":"","D":"","G":null,"B":"/_/Nemo/data/batchexecute","I":"","H":false,"A":{"A":{},"B":7,"D":null,"F":false}},"B":"POST","ia":32,"V":3245106,"G":{"B":{},"A":[],"size":0,"D":0},"R":false,"D":{"ov":true},"H":{"A":{},"B":2,"D":null,"F":false},"Jn":false,"U":true,"aa":{"F":[],"D":{},"Qh":1079,"Wf":0,"Xf":-1,"Uj":0,"B":{"S":false,"F":true,"A":{"S":false,"Yb":{"src":"Maybe Circular","listeners":{"complete":[{"proxy":null,"src":"Maybe Circular","type":"complete","capture":false,"handler":"Maybe Circular","key":22,"eh":false,"hg":false}],"ready":[{"proxy":null,"src":"Maybe Circular","type":"ready","capture":false,"handler":"Maybe Circular","key":23,"eh":false,"hg":false}],"readystatechange":[{"proxy":null,"src":"Maybe Circular","type":"readystatechange","capture":false,"handler":"Maybe Circular","key":24,"eh":false,"hg":false}]},"A":3},"Co":"Maybe Circular","Uh":null,"headers":{},"ea":null,"D":true,"A":{},"Y":"/_/Nemo/data/batchexecute?rpcids=UiiVCf&source-path=%2Fprojects%2F12718383057123730047&bl=boq_pitchfork-nemo-ui_20260727.02_p0&f.sid=1227038478317606731&hl=en-GB&_reqid=3245106&rt=c","B":0,"F":"","U":false,"M":false,"V":false,"H":false,"J":0,"G":null,"R":"","I":false},"Va":"c","U":null,"aa":false,"R":-1,"M":null,"I":false,"B":{},"H":0,"ia":false,"D":"Maybe Circular","closure_uid_11422293":7},"A":null},"am":1785222491113,"Lm":1785222491113,"bf":1,"started":true},{"K":"Maybe Circular","Df":"BEST_EFFORT","A":{"F":"","K":"","D":"","G":null,"B":"/_/Nemo/data/batchexecute","I":"","H":false,"A":{"A":{},"B":7,"D":null,"F":false}},"B":"POST","ia":33,"V":3345106,"G":{"B":{},"A":[],"size":0,"D":0},"R":false,"D":{"ov":true},"H":{"A":{},"B":2,"D":null,"F":false},"Jn":false,"U":true,"aa":{"F":[],"D":{},"Qh":1030,"Wf":0,"Xf":-1,"Uj":0,"B":{"S":false,"F":true,"A":{"S":false,"Yb":{"src":"Maybe Circular","listeners":{"complete":[{"proxy":null,"src":"Maybe Circular","type":"complete","capture":false,"handler":"Maybe Circular","key":17,"eh":false,"hg":false}],"ready":[{"proxy":null,"src":"Maybe Circular","type":"ready","capture":false,"handler":"Maybe Circular","key":18,"eh":false,"hg":false}],"readystatechange":[{"proxy":null,"src":"Maybe Circular","type":"readystatechange","capture":false,"handler":"Maybe Circular","key":19,"eh":false,"hg":false}]},"A":3},"Co":"Maybe Circular","Uh":null,"headers":{},"ea":null,"D":true,"A":{},"Y":"/_/Nemo/data/batchexecute?rpcids=A7f2qf&source-path=%2F&bl=boq_pitchfork-nemo-ui_20260727.02_p0&f.sid=1227038478317606731&hl=en-GB&_reqid=3345106&rt=c","B":0,"F":"","U":false,"M":false,"V":false,"H":false,"J":0,"G":null,"R":"","I":false},"Va":"c","U":null,"aa":false,"R":-1,"M":null,"I":false,"B":{},"H":0,"ia":false,"D":"Maybe Circular","closure_uid_11422293":6},"A":null},"am":1785222491247,"Lm":1785222491247,"bf":1,"started":true},"Maybe Circular",{"K":"Maybe Circular","Df":"BEST_EFFORT","A":{"F":"","K":"","D":"","G":null,"B":"/_/Nemo/data/batchexecute","I":"","H":false,"A":{"A":{},"B":7,"D":null,"F":false}},"B":"POST","ia":35,"V":3545106,"G":{"B":{},"A":[],"size":0,"D":0},"R":false,"D":{"ov":true},"H":{"A":{},"B":2,"D":null,"F":false},"Jn":false,"U":true,"aa":{"F":[],"D":{},"Qh":1056,"Wf":0,"Xf":-1,"Uj":0,"B":{"S":false,"F":true,"A":{"S":false,"Yb":{"src":"Maybe Circular","listeners":{"complete":[{"proxy":null,"src":"Maybe Circular","type":"complete","capture":false,"handler":"Maybe Circular","key":10,"eh":false,"hg":false}],"ready":[{"proxy":null,"src":"Maybe Circular","type":"ready","capture":false,"handler":"Maybe Circular","key":11,"eh":false,"hg":false}],"readystatechange":[{"proxy":null,"src":"Maybe Circular","type":"readystatechange","capture":false,"handler":"Maybe Circular","key":12,"eh":false,"hg":false}]},"A":3},"Co":"Maybe Circular","Uh":null,"headers":{},"ea":null,"D":true,"A":{},"Y":"/_/Nemo/data/batchexecute?rpcids=N5xENe&source-path=%2F&bl=boq_pitchfork-nemo-ui_20260727.02_p0&f.sid=1227038478317606731&hl=en-GB&_reqid=3545106&rt=c","B":0,"F":"","U":false,"M":false,"V":false,"H":false,"J":0,"G":null,"R":"","I":false},"Va":"c","U":null,"aa":false,"R":-1,"M":null,"I":false,"B":{},"H":0,"ia":false,"D":"Maybe Circular","closure_uid_11422293":4},"A":null},"am":1785222491255,"Lm":1785222491255,"bf":1,"started":true}],"D":["Maybe Circular"],"F":[{"S":false,"F":false,"A":{"S":false,"Yb":{"src":"Maybe Circular","listeners":{"complete":[{"proxy":null,"src":"Maybe Circular","type":"complete","capture":false,"handler":"Maybe Circular","key":3,"eh":false,"hg":false}],"ready":[{"proxy":null,"src":"Maybe Circular","type":"ready","capture":false,"handler":"Maybe Circular","key":4,"eh":false,"hg":false}]},"A":2},"Co":"Maybe Circular","Uh":null,"headers":{},"ea":null,"D":false,"A":null,"Y":"","B":0,"F":"","U":false,"M":false,"V":false,"H":false,"J":0,"G":null,"R":"","I":false},"Va":"j","U":null,"B":{},"closure_uid_11422293":2},{"S":false,"F":false,"A":{"S":false,"Yb":{"src":"Maybe Circular","listeners":{"complete":[{"proxy":null,"src":"Maybe Circular","type":"complete","capture":false,"handler":"Maybe Circular","key":6,"eh":false,"hg":false}],"ready":[{"proxy":null,"src":"Maybe Circular","type":"ready","capture":false,"handler":"Maybe Circular","key":7,"eh":false,"hg":false}],"readystatechange":[{"proxy":null,"src":"Maybe Circular","type":"readystatechange","capture":false,"handler":"Maybe Circular","key":8,"eh":false,"hg":false}]},"A":3},"Co":"Maybe Circular","Uh":null,"headers":{},"ea":null,"D":false,"A":null,"Y":"/_/Nemo/data/batchexecute?rpcids=UiiVCf&source-path=%2F&bl=boq_pitchfork-nemo-ui_20260727.02_p0&f.sid=1227038478317606731&hl=en-GB&_reqid=1445106&rt=c","B":0,"F":"","U":false,"M":false,"V":false,"H":false,"J":0,"G":null,"R":"","I":false},"Va":"c","U":null,"aa":false,"R":-1,"M":null,"I":true,"B":{},"closure_uid_11422293":3,"H":137,"ia":false,"D":{"K":"Maybe Circular","Df":"BEST_EFFORT","A":{"F":"","K":"","D":"","G":null,"B":"/_/Nemo/data/batchexecute","I":"","H":false,"A":{"A":{},"B":7,"D":null,"F":false}},"B":"POST","ia":14,"V":1445106,"G":{"B":{},"A":[],"size":0,"D":0},"R":false,"D":{"ov":true},"H":{"A":{},"B":2,"D":null,"F":false},"Jn":false,"U":true,"aa":{"F":[],"D":{"accept-ch":"Sec-CH-UA-Arch, Sec-CH-UA-Bitness, Sec-CH-UA-Full-Version, Sec-CH-UA-Full-Version-List, Sec-CH-UA-Model, Sec-CH-UA-WoW64, Sec-CH-UA-Form-Factors, Sec-CH-UA-Platform, Sec-CH-UA-Platform-Version","alt-svc":"h3=\":443\"; ma=2592000,h3-29=\":443\"; ma=2592000","cache-control":"no-cache, no-store, max-age=0, must-revalidate","content-disposition":"attachment; filename=\"response.bin\"; filename*=UTF-8''response.bin","content-encoding":"gzip","content-security-policy":"require-trusted-types-for 'script';report-uri /_/Nemo/cspreport","content-type":"application/json; charset=utf-8","cross-origin-opener-policy":"same-origin","cross-origin-resource-policy":"same-site","date":"Tue, 28 Jul 2026 07:03:04 GMT","expires":"Mon, 01 Jan 1990 00:00:00 GMT","permissions-policy":"ch-ua-arch=*, ch-ua-bitness=*, ch-ua-full-version=*, ch-ua-full-version-list=*, ch-ua-model=*, ch-ua-wow64=*, ch-ua-form-factors=*, ch-ua-platform=*, ch-ua-platform-version=*","pragma":"no-cache","server":"ESF","vary":"Sec-Fetch-Dest, Sec-Fetch-Mode, Sec-Fetch-Site","x-content-type-options":"nosniff","x-frame-options":"SAMEORIGIN","x-xss-protection":"0"},"Qh":931,"Wf":4,"Xf":4,"Uj":0,"B":null,"A":null,"G":null},"am":1785222185052,"Lm":1785222185052,"bf":1,"started":true,"rn":{},"I":200,"ha":1785222185492,"M":false,"S":null,"Ei":-1,"complete":true}},"Maybe Circular",{"S":false,"F":true,"A":{"S":false,"Yb":{"src":"Maybe Circular","listeners":{"complete":[{"proxy":null,"src":"Maybe Circular","type":"complete","capture":false,"handler":"Maybe Circular","key":14,"eh":false,"hg":false}],"ready":[{"proxy":null,"src":"Maybe Circular","type":"ready","capture":false,"handler":"Maybe Circular","key":15,"eh":false,"hg":false}],"readystatechange":[{"proxy":null,"src":"Maybe Circular","type":"readystatechange","capture":false,"handler":"Maybe Circular","key":16,"eh":false,"hg":false}]},"A":3},"Co":"Maybe Circular","Uh":null,"headers":{},"ea":null,"D":false,"A":null,"Y":"/_/Nemo/data/batchexecute?rpcids=A7f2qf&source-path=%2F&bl=boq_pitchfork-nemo-ui_20260727.02_p0&f.sid=1227038478317606731&hl=en-GB&_reqid=3445106&rt=c","B":6,"F":" [502]","U":true,"M":false,"V":false,"H":false,"J":0,"G":null,"R":"","I":false},"Va":"c","U":0,"aa":false,"R":-1,"M":null,"I":true,"B":{},"H":0,"ia":false,"D":"Maybe Circular","closure_uid_11422293":5},"Maybe Circular","Maybe Circular"],"Y":{"S":false,"B":"Maybe Circular","A":{}},"V":true,"U":false,"I":10,"M":"READY","B":null},"Df":"BEST_EFFORT","A":{"F":"","K":"","D":"","G":null,"B":"/_/Nemo/data/batchexecute","I":"","H":false,"A":{"A":{},"B":8,"D":null,"F":false}},"B":"POST","ia":34,"V":3445106,"G":{"B":{},"A":[],"size":0,"D":0},"R":false,"D":{"ov":true},"H":{"A":{},"B":2,"D":null,"F":false},"Jn":false,"U":true,"aa":{"F":[],"D":{},"Qh":2346,"Wf":0,"Xf":-1,"Uj":0,"B":"Maybe Circular","A":null,"G":{"B":"Maybe Circular","A":502,"I":false,"G":"Maybe Circular"},"oc":894,"mq":1785222493784},"am":1785222491251,"Lm":1785222491251,"bf":1,"started":true,"I":502,"rn":{},"M":true,"S":"Maybe Circular","complete":true},"A":103,"I":false,"H":"Incomplete XSS header at end of request","G":"Maybe Circular","yn":{"alt-svc":"h3=\":443\"; ma=2592000,h3-29=\":443\"; ma=2592000","content-length":"1613","content-type":"text/html; charset=UTF-8","date":"Tue, 28 Jul 2026 07:08:11 GMT","referrer-policy":"no-referrer"}}}
    at new _.GP (https://www.gstatic.com/_/mss/boq-pitchfork/_/js/k=boq-pitchfork.Nemo.en_GB.1Iq3TH-ukA0.2018.O/ck=boq-pitchfork.Nemo.YUPOZ5YPXbA.L.B1.O/d=1/exm=_b/excm=_b/ed=1/br=1/wt=2/ujg=1/rs=AFTLRieDEHzCwzACeGctMrD8gYxRBMTSNQ/ee=Pjplud:PoEs9b;QGR0gd:Mlhmy;ScI3Yc:e7Hzgb;YIZmRd:A1yn5d;cEt90b:ws9Tlc;dowIGb:ebZ3mb/dti=1/m=oxe1Cc:183:394)
    at EQ.V (https://www.gstatic.com/_/mss/boq-pitchfork/_/js/k=boq-pitchfork.Nemo.en_GB.1Iq3TH-ukA0.2018.O/ck=boq-pitchfork.Nemo.YUPOZ5YPXbA.L.B1.O/d=1/exm=_b/excm=_b/ed=1/br=1/wt=2/ujg=1/rs=AFTLRieDEHzCwzACeGctMrD8gYxRBMTSNQ/ee=Pjplud:PoEs9b;QGR0gd:Mlhmy;ScI3Yc:e7Hzgb;YIZmRd:A1yn5d;cEt90b:ws9Tlc;dowIGb:ebZ3mb/dti=1/m=oxe1Cc:193:195)
    at Rz (https://www.gstatic.com/_/mss/boq-pitchfork/_/js/k=boq-pitchfork.Nemo.en_GB.1Iq3TH-ukA0.2018.O/d=1/excm=_b/ed=1/dg=0/br=1/wt=2/ujg=1/rs=AFTLRieHbDFUWucNN-ns67OLb5NDsxAsiA/ee=Pjplud:PoEs9b;QGR0gd:Mlhmy;ScI3Yc:e7Hzgb;YIZmRd:A1yn5d;cEt90b:ws9Tlc;dowIGb:ebZ3mb/dti=1/m=_b:476:234)
    at Qz (https://www.gstatic.com/_/mss/boq-pitchfork/_/js/k=boq-pitchfork.Nemo.en_GB.1Iq3TH-ukA0.2018.O/d=1/excm=_b/ed=1/dg=0/br=1/wt=2/ujg=1/rs=AFTLRieHbDFUWucNN-ns67OLb5NDsxAsiA/ee=Pjplud:PoEs9b;QGR0gd:Mlhmy;ScI3Yc:e7Hzgb;YIZmRd:A1yn5d;cEt90b:ws9Tlc;dowIGb:ebZ3mb/dti=1/m=_b:473:520)
    at _.jn.V (https://www.gstatic.com/_/mss/boq-pitchfork/_/js/k=boq-pitchfork.Nemo.en_GB.1Iq3TH-ukA0.2018.O/d=1/excm=_b/ed=1/dg=0/br=1/wt=2/ujg=1/rs=AFTLRieHbDFUWucNN-ns67OLb5NDsxAsiA/ee=Pjplud:PoEs9b;QGR0gd:Mlhmy;ScI3Yc:e7Hzgb;YIZmRd:A1yn5d;cEt90b:ws9Tlc;dowIGb:ebZ3mb/dti=1/m=_b:473:463)
    at Rz (https://www.gstatic.com/_/mss/boq-pitchfork/_/js/k=boq-pitchfork.Nemo.en_GB.1Iq3TH-ukA0.2018.O/d=1/excm=_b/ed=1/dg=0/br=1/wt=2/ujg=1/rs=AFTLRieHbDFUWucNN-ns67OLb5NDsxAsiA/ee=Pjplud:PoEs9b;QGR0gd:Mlhmy;ScI3Yc:e7Hzgb;YIZmRd:A1yn5d;cEt90b:ws9Tlc;dowIGb:ebZ3mb/dti=1/m=_b:476:234)
    at Qz (https://www.gstatic.com/_/mss/boq-pitchfork/_/js/k=boq-pitchfork.Nemo.en_GB.1Iq3TH-ukA0.2018.O/d=1/excm=_b/ed=1/dg=0/br=1/wt=2/ujg=1/rs=AFTLRieHbDFUWucNN-ns67OLb5NDsxAsiA/ee=Pjplud:PoEs9b;QGR0gd:Mlhmy;ScI3Yc:e7Hzgb;YIZmRd:A1yn5d;cEt90b:ws9Tlc;dowIGb:ebZ3mb/dti=1/m=_b:473:520)
    at _.jn.A (https://www.gstatic.com/_/mss/boq-pitchfork/_/js/k=boq-pitchfork.Nemo.en_GB.1Iq3TH-ukA0.2018.O/d=1/excm=_b/ed=1/dg=0/br=1/wt=2/ujg=1/rs=AFTLRieHbDFUWucNN-ns67OLb5NDsxAsiA/ee=Pjplud:PoEs9b;QGR0gd:Mlhmy;ScI3Yc:e7Hzgb;YIZmRd:A1yn5d;cEt90b:ws9Tlc;dowIGb:ebZ3mb/dti=1/m=_b:474:39)
    at Rz (https://www.gstatic.com/_/mss/boq-pitchfork/_/js/k=boq-pitchfork.Nemo.en_GB.1Iq3TH-ukA0.2018.O/d=1/excm=_b/ed=1/dg=0/br=1/wt=2/ujg=1/rs=AFTLRieHbDFUWucNN-ns67OLb5NDsxAsiA/ee=Pjplud:PoEs9b;QGR0gd:Mlhmy;ScI3Yc:e7Hzgb;YIZmRd:A1yn5d;cEt90b:ws9Tlc;dowIGb:ebZ3mb/dti=1/m=_b:476:234)
    at Qz (https://www.gstatic.com/_/mss/boq-pitchfork/_/js/k=boq-pitchfork.Nemo.en_GB.1Iq3TH-ukA0.2018.O/d=1/excm=_b/ed=1/dg=0/br=1/wt=2/ujg=1/rs=AFTLRieHbDFUWucNN-ns67OLb5NDsxAsiA/ee=Pjplud:PoEs9b;QGR0gd:Mlhmy;ScI3Yc:e7Hzgb;YIZmRd:A1yn5d;cEt90b:ws9Tlc;dowIGb:ebZ3mb/dti=1/m=_b:473:520) @ https://www.gstatic.com/_/mss/boq-pitchfork/_/js/k=boq-pitchfork.Nemo.en_GB.1Iq3TH-ukA0.2018.O/ck=boq-pitchfork.Nemo.YUPOZ5YPXbA.L.B1.O/d=1/exm=_b/excm=_b/ed=1/br=1/wt=2/ujg=1/rs=AFTLRieDEHzCwzACeGctMrD8gYxRBMTSNQ/ee=Pjplud:PoEs9b;QGR0gd:Mlhmy;ScI3Yc:e7Hzgb;YIZmRd:A1yn5d;cEt90b:ws9Tlc;dowIGb:ebZ3mb/dti=1/m=oxe1Cc:738
[  450936ms] [WARNING] cdn.tailwindcss.com should not be used in production. To use Tailwind CSS in production, install it as a PostCSS plugin or use the Tailwind CLI: https://tailwindcss.com/docs/installation @ https://cdn.tailwindcss.com/?plugins=forms,container-queries:63
[  451145ms] [WARNING] cdn.tailwindcss.com should not be used in production. To use Tailwind CSS in production, install it as a PostCSS plugin or use the Tailwind CLI: https://tailwindcss.com/docs/installation @ https://cdn.tailwindcss.com/?plugins=forms,container-queries:63
[  451394ms] [WARNING] cdn.tailwindcss.com should not be used in production. To use Tailwind CSS in production, install it as a PostCSS plugin or use the Tailwind CLI: https://tailwindcss.com/docs/installation @ https://cdn.tailwindcss.com/?plugins=forms,container-queries:63
[  451564ms] [WARNING] WebGL: INVALID_OPERATION: uniform1f: location is not from the associated program @ about:srcdoc:436
[  451564ms] [WARNING] WebGL: INVALID_OPERATION: uniform2f: location is not from the associated program @ about:srcdoc:437
[  451565ms] [WARNING] WebGL: INVALID_OPERATION: uniform1f: location is not from the associated program @ about:srcdoc:436
[  451565ms] [WARNING] WebGL: INVALID_OPERATION: uniform2f: location is not from the associated program @ about:srcdoc:437
[  451565ms] [WARNING] WebGL: INVALID_OPERATION: uniform1f: location is not from the associated program @ about:srcdoc:436
[  451565ms] [WARNING] WebGL: INVALID_OPERATION: uniform2f: location is not from the associated program @ about:srcdoc:437
[  451566ms] [WARNING] WebGL: INVALID_OPERATION: uniform1f: location is not from the associated program @ about:srcdoc:436
[  451566ms] [WARNING] WebGL: INVALID_OPERATION: uniform2f: location is not from the associated program @ about:srcdoc:437
[  451738ms] [WARNING] WebGL: INVALID_OPERATION: uniform1f: location is not from the associated program @ about:srcdoc:436
[  451738ms] [WARNING] WebGL: INVALID_OPERATION: uniform2f: location is not from the associated program @ about:srcdoc:437
[  451824ms] [WARNING] WebGL: INVALID_OPERATION: uniform1f: location is not from the associated program @ about:srcdoc:436
[  451824ms] [WARNING] WebGL: INVALID_OPERATION: uniform2f: location is not from the associated program @ about:srcdoc:437
[  451829ms] [WARNING] WebGL: INVALID_OPERATION: uniform1f: location is not from the associated program @ about:srcdoc:436
[  451829ms] [WARNING] WebGL: INVALID_OPERATION: uniform2f: location is not from the associated program @ about:srcdoc:437
[  451842ms] [WARNING] cdn.tailwindcss.com should not be used in production. To use Tailwind CSS in production, install it as a PostCSS plugin or use the Tailwind CLI: https://tailwindcss.com/docs/installation @ https://cdn.tailwindcss.com/?plugins=forms,container-queries:63
[  452142ms] [WARNING] WebGL: INVALID_OPERATION: uniform1f: location is not from the associated program @ about:srcdoc:436
[  452143ms] [WARNING] WebGL: INVALID_OPERATION: uniform2f: location is not from the associated program @ about:srcdoc:437
[  452151ms] [WARNING] cdn.tailwindcss.com should not be used in production. To use Tailwind CSS in production, install it as a PostCSS plugin or use the Tailwind CLI: https://tailwindcss.com/docs/installation @ https://cdn.tailwindcss.com/?plugins=forms,container-queries:63
[  452166ms] [WARNING] WebGL: INVALID_OPERATION: uniform1f: location is not from the associated program @ about:srcdoc:436
[  452166ms] [WARNING] WebGL: INVALID_OPERATION: uniform2f: location is not from the associated program @ about:srcdoc:437
[  452178ms] [WARNING] WebGL: INVALID_OPERATION: uniform1f: location is not from the associated program @ about:srcdoc:436
[  452178ms] [WARNING] WebGL: INVALID_OPERATION: uniform2f: location is not from the associated program @ about:srcdoc:437
[  452331ms] [WARNING] WebGL: INVALID_OPERATION: uniform1f: location is not from the associated program @ about:srcdoc:436
[  452331ms] [WARNING] WebGL: INVALID_OPERATION: uniform2f: location is not from the associated program @ about:srcdoc:437
[  452339ms] [WARNING] cdn.tailwindcss.com should not be used in production. To use Tailwind CSS in production, install it as a PostCSS plugin or use the Tailwind CLI: https://tailwindcss.com/docs/installation @ https://cdn.tailwindcss.com/?plugins=forms,container-queries:63
[  452346ms] [WARNING] cdn.tailwindcss.com should not be used in production. To use Tailwind CSS in production, install it as a PostCSS plugin or use the Tailwind CLI: https://tailwindcss.com/docs/installation @ https://cdn.tailwindcss.com/?plugins=forms,container-queries:63
[  452478ms] [WARNING] WebGL: INVALID_OPERATION: uniform1f: location is not from the associated program @ about:srcdoc:436
[  452478ms] [WARNING] WebGL: INVALID_OPERATION: uniform2f: location is not from the associated program @ about:srcdoc:437
[  452617ms] [WARNING] WebGL: INVALID_OPERATION: uniform1f: location is not from the associated program @ about:srcdoc:436
[  452617ms] [WARNING] WebGL: INVALID_OPERATION: uniform2f: location is not from the associated program @ about:srcdoc:437
[  452651ms] [WARNING] cdn.tailwindcss.com should not be used in production. To use Tailwind CSS in production, install it as a PostCSS plugin or use the Tailwind CLI: https://tailwindcss.com/docs/installation @ https://cdn.tailwindcss.com/?plugins=forms,container-queries:63
[  452652ms] [WARNING] WebGL: INVALID_OPERATION: uniform1f: location is not from the associated program @ about:srcdoc:436
[  452653ms] [WARNING] WebGL: INVALID_OPERATION: uniform2f: location is not from the associated program @ about:srcdoc:437
[  452694ms] [WARNING] WebGL: INVALID_OPERATION: uniform1f: location is not from the associated program @ about:srcdoc:436
[  452694ms] [WARNING] WebGL: INVALID_OPERATION: uniform2f: location is not from the associated program @ about:srcdoc:437
[  452893ms] [WARNING] WebGL: INVALID_OPERATION: uniform1f: location is not from the associated program @ about:srcdoc:436
[  452893ms] [WARNING] WebGL: INVALID_OPERATION: uniform2f: location is not from the associated program @ about:srcdoc:437
[  452925ms] [WARNING] WebGL: INVALID_OPERATION: uniform1f: location is not from the associated program @ about:srcdoc:436
[  452925ms] [WARNING] WebGL: INVALID_OPERATION: uniform2f: location is not from the associated program @ about:srcdoc:437
[  453001ms] [WARNING] WebGL: INVALID_OPERATION: uniform1f: location is not from the associated program @ about:srcdoc:436
[  453001ms] [WARNING] WebGL: INVALID_OPERATION: uniform2f: location is not from the associated program @ about:srcdoc:437
[  453143ms] [WARNING] WebGL: INVALID_OPERATION: uniform1f: location is not from the associated program @ about:srcdoc:436
[  453143ms] [WARNING] WebGL: INVALID_OPERATION: uniform2f: location is not from the associated program @ about:srcdoc:437
[  453162ms] [WARNING] WebGL: INVALID_OPERATION: uniform1f: location is not from the associated program @ about:srcdoc:436
[  453162ms] [WARNING] WebGL: INVALID_OPERATION: uniform2f: location is not from the associated program @ about:srcdoc:437
[  453166ms] [WARNING] WebGL: INVALID_OPERATION: uniform1f: location is not from the associated program @ about:srcdoc:436
[  453166ms] [WARNING] WebGL: INVALID_OPERATION: uniform2f: location is not from the associated program @ about:srcdoc:437
[  453281ms] [WARNING] WebGL: INVALID_OPERATION: uniform1f: location is not from the associated program @ about:srcdoc:436
[  453281ms] [WARNING] WebGL: INVALID_OPERATION: uniform2f: location is not from the associated program @ about:srcdoc:437
[  453593ms] [WARNING] WebGL: INVALID_OPERATION: uniform1f: location is not from the associated program @ about:srcdoc:436
[  453593ms] [WARNING] WebGL: INVALID_OPERATION: uniform2f: location is not from the associated program @ about:srcdoc:437
[  453632ms] [WARNING] WebGL: INVALID_OPERATION: uniform1f: location is not from the associated program @ about:srcdoc:436
[  453632ms] [WARNING] WebGL: INVALID_OPERATION: uniform2f: location is not from the associated program @ about:srcdoc:437
[  453707ms] [WARNING] WebGL: INVALID_OPERATION: uniform1f: location is not from the associated program @ about:srcdoc:436
[  453707ms] [WARNING] WebGL: INVALID_OPERATION: uniform2f: location is not from the associated program @ about:srcdoc:437
[  453712ms] [WARNING] WebGL: INVALID_OPERATION: uniform1f: location is not from the associated program @ about:srcdoc:436
[  453712ms] [WARNING] WebGL: INVALID_OPERATION: uniform2f: location is not from the associated program @ about:srcdoc:437
[  453795ms] [WARNING] WebGL: INVALID_OPERATION: uniform1f: location is not from the associated program @ about:srcdoc:436
[  453795ms] [WARNING] WebGL: INVALID_OPERATION: uniform2f: location is not from the associated program @ about:srcdoc:437
[  453812ms] [WARNING] WebGL: INVALID_OPERATION: uniform1f: location is not from the associated program @ about:srcdoc:436
[  453812ms] [WARNING] WebGL: INVALID_OPERATION: uniform2f: location is not from the associated program @ about:srcdoc:437
[  453817ms] [WARNING] WebGL: INVALID_OPERATION: uniform1f: location is not from the associated program @ about:srcdoc:436
[  453817ms] [WARNING] WebGL: INVALID_OPERATION: uniform2f: location is not from the associated program @ about:srcdoc:437
[  453836ms] [WARNING] WebGL: INVALID_OPERATION: uniform1f: location is not from the associated program @ about:srcdoc:436
[  453836ms] [WARNING] WebGL: INVALID_OPERATION: uniform2f: location is not from the associated program @ about:srcdoc:437
[  453927ms] [WARNING] WebGL: INVALID_OPERATION: uniform1f: location is not from the associated program @ about:srcdoc:436
[  453927ms] [WARNING] WebGL: INVALID_OPERATION: uniform2f: location is not from the associated program @ about:srcdoc:437
[  453980ms] [WARNING] WebGL: INVALID_OPERATION: uniform1f: location is not from the associated program @ about:srcdoc:436
[  453980ms] [WARNING] WebGL: INVALID_OPERATION: uniform2f: location is not from the associated program @ about:srcdoc:437
[  454030ms] [WARNING] WebGL: INVALID_OPERATION: uniform1f: location is not from the associated program @ about:srcdoc:436
[  454030ms] [WARNING] WebGL: INVALID_OPERATION: uniform2f: location is not from the associated program @ about:srcdoc:437
[  454035ms] [WARNING] WebGL: INVALID_OPERATION: uniform1f: location is not from the associated program @ about:srcdoc:436
[  454035ms] [WARNING] WebGL: INVALID_OPERATION: uniform2f: location is not from the associated program @ about:srcdoc:437
[  454118ms] [WARNING] WebGL: INVALID_OPERATION: uniform1f: location is not from the associated program @ about:srcdoc:436
[  454118ms] [WARNING] WebGL: INVALID_OPERATION: uniform2f: location is not from the associated program @ about:srcdoc:437
[  454126ms] [WARNING] WebGL: INVALID_OPERATION: uniform1f: location is not from the associated program @ about:srcdoc:436
[  454126ms] [WARNING] WebGL: INVALID_OPERATION: uniform2f: location is not from the associated program @ about:srcdoc:437
[  454144ms] [WARNING] WebGL: INVALID_OPERATION: uniform1f: location is not from the associated program @ about:srcdoc:436
[  454145ms] [WARNING] WebGL: INVALID_OPERATION: uniform2f: location is not from the associated program @ about:srcdoc:437
[  454169ms] [WARNING] WebGL: INVALID_OPERATION: uniform1f: location is not from the associated program @ about:srcdoc:436
[  454169ms] [WARNING] WebGL: INVALID_OPERATION: uniform2f: location is not from the associated program @ about:srcdoc:437
[  454245ms] [WARNING] WebGL: INVALID_OPERATION: uniform1f: location is not from the associated program @ about:srcdoc:436
[  454245ms] [WARNING] WebGL: INVALID_OPERATION: uniform2f: location is not from the associated program @ about:srcdoc:437
[  454250ms] [WARNING] WebGL: INVALID_OPERATION: uniform1f: location is not from the associated program @ about:srcdoc:436
[  454250ms] [WARNING] WebGL: INVALID_OPERATION: uniform2f: location is not from the associated program @ about:srcdoc:437
[  454254ms] [WARNING] WebGL: INVALID_OPERATION: uniform1f: location is not from the associated program @ about:srcdoc:436
[  454254ms] [WARNING] WebGL: INVALID_OPERATION: uniform2f: location is not from the associated program @ about:srcdoc:437
[  454259ms] [WARNING] WebGL: INVALID_OPERATION: uniform1f: location is not from the associated program @ about:srcdoc:436
[  454259ms] [WARNING] WebGL: INVALID_OPERATION: uniform2f: location is not from the associated program @ about:srcdoc:437
[  454309ms] [WARNING] WebGL: INVALID_OPERATION: uniform1f: location is not from the associated program @ about:srcdoc:436
[  454309ms] [WARNING] WebGL: INVALID_OPERATION: uniform2f: location is not from the associated program @ about:srcdoc:437
[  454316ms] [WARNING] WebGL: INVALID_OPERATION: uniform1f: location is not from the associated program @ about:srcdoc:436
[  454316ms] [WARNING] WebGL: INVALID_OPERATION: uniform2f: location is not from the associated program @ about:srcdoc:437
[  454352ms] [WARNING] WebGL: INVALID_OPERATION: uniform1f: location is not from the associated program @ about:srcdoc:436
[  454353ms] [WARNING] WebGL: INVALID_OPERATION: uniform2f: location is not from the associated program @ about:srcdoc:437
[  454422ms] [WARNING] WebGL: INVALID_OPERATION: uniform1f: location is not from the associated program @ about:srcdoc:436
[  454422ms] [WARNING] WebGL: INVALID_OPERATION: uniform2f: location is not from the associated program @ about:srcdoc:437
[  454426ms] [WARNING] WebGL: INVALID_OPERATION: uniform1f: location is not from the associated program @ about:srcdoc:436
[  454426ms] [WARNING] WebGL: INVALID_OPERATION: uniform2f: location is not from the associated program @ about:srcdoc:437
[  454432ms] [WARNING] WebGL: INVALID_OPERATION: uniform1f: location is not from the associated program @ about:srcdoc:436
[  454432ms] [WARNING] WebGL: INVALID_OPERATION: uniform2f: location is not from the associated program @ about:srcdoc:437
[  454456ms] [WARNING] WebGL: INVALID_OPERATION: uniform1f: location is not from the associated program @ about:srcdoc:436
[  454456ms] [WARNING] WebGL: INVALID_OPERATION: uniform2f: location is not from the associated program @ about:srcdoc:437
[  454463ms] [WARNING] WebGL: INVALID_OPERATION: uniform1f: location is not from the associated program @ about:srcdoc:436
[  454463ms] [WARNING] WebGL: INVALID_OPERATION: uniform2f: location is not from the associated program @ about:srcdoc:437
[  454480ms] [WARNING] WebGL: INVALID_OPERATION: uniform1f: location is not from the associated program @ about:srcdoc:436
[  454480ms] [WARNING] WebGL: INVALID_OPERATION: uniform2f: location is not from the associated program @ about:srcdoc:437
[  454490ms] [WARNING] WebGL: INVALID_OPERATION: uniform1f: location is not from the associated program @ about:srcdoc:436
[  454490ms] [WARNING] WebGL: INVALID_OPERATION: uniform2f: location is not from the associated program @ about:srcdoc:437
[  454497ms] [WARNING] WebGL: INVALID_OPERATION: uniform1f: location is not from the associated program @ about:srcdoc:436
[  454498ms] [WARNING] WebGL: INVALID_OPERATION: uniform2f: location is not from the associated program @ about:srcdoc:437
[  454509ms] [WARNING] WebGL: INVALID_OPERATION: uniform1f: location is not from the associated program @ about:srcdoc:436
[  454509ms] [WARNING] WebGL: INVALID_OPERATION: uniform2f: location is not from the associated program @ about:srcdoc:437
[  454514ms] [WARNING] WebGL: INVALID_OPERATION: uniform1f: location is not from the associated program @ about:srcdoc:436
[  454515ms] [WARNING] WebGL: INVALID_OPERATION: uniform2f: location is not from the associated program @ about:srcdoc:437
[  454518ms] [WARNING] WebGL: INVALID_OPERATION: uniform1f: location is not from the associated program @ about:srcdoc:436
[  454518ms] [WARNING] WebGL: INVALID_OPERATION: uniform2f: location is not from the associated program @ about:srcdoc:437
[  454521ms] [WARNING] WebGL: INVALID_OPERATION: uniform1f: location is not from the associated program @ about:srcdoc:436
[  454522ms] [WARNING] WebGL: INVALID_OPERATION: uniform2f: location is not from the associated program @ about:srcdoc:437
[  454529ms] [WARNING] WebGL: INVALID_OPERATION: uniform1f: location is not from the associated program @ about:srcdoc:436
[  454530ms] [WARNING] WebGL: INVALID_OPERATION: uniform2f: location is not from the associated program @ about:srcdoc:437
[  454536ms] [WARNING] WebGL: INVALID_OPERATION: uniform1f: location is not from the associated program @ about:srcdoc:436
[  454536ms] [WARNING] WebGL: INVALID_OPERATION: uniform2f: location is not from the associated program @ about:srcdoc:437
[  454543ms] [WARNING] WebGL: INVALID_OPERATION: uniform1f: location is not from the associated program @ about:srcdoc:436
[  454543ms] [WARNING] WebGL: INVALID_OPERATION: uniform2f: location is not from the associated program @ about:srcdoc:437
[  454548ms] [WARNING] WebGL: INVALID_OPERATION: uniform1f: location is not from the associated program @ about:srcdoc:436
[  454548ms] [WARNING] WebGL: INVALID_OPERATION: uniform2f: location is not from the associated program @ about:srcdoc:437
[  454552ms] [WARNING] WebGL: INVALID_OPERATION: uniform1f: location is not from the associated program @ about:srcdoc:436
[  454553ms] [WARNING] WebGL: INVALID_OPERATION: uniform2f: location is not from the associated program @ about:srcdoc:437
[  454555ms] [WARNING] WebGL: INVALID_OPERATION: uniform1f: location is not from the associated program @ about:srcdoc:436
[  454556ms] [WARNING] WebGL: INVALID_OPERATION: uniform2f: location is not from the associated program @ about:srcdoc:437
[  454558ms] [WARNING] WebGL: INVALID_OPERATION: uniform1f: location is not from the associated program @ about:srcdoc:436
[  454558ms] [WARNING] WebGL: INVALID_OPERATION: uniform2f: location is not from the associated program @ about:srcdoc:437
[  454604ms] [WARNING] WebGL: INVALID_OPERATION: uniform1f: location is not from the associated program @ about:srcdoc:436
[  454604ms] [WARNING] WebGL: INVALID_OPERATION: uniform2f: location is not from the associated program @ about:srcdoc:437
[  454613ms] [WARNING] WebGL: INVALID_OPERATION: uniform1f: location is not from the associated program @ about:srcdoc:436
[  454614ms] [WARNING] WebGL: INVALID_OPERATION: uniform2f: location is not from the associated program @ about:srcdoc:437
[  454623ms] [WARNING] WebGL: INVALID_OPERATION: uniform1f: location is not from the associated program @ about:srcdoc:436
[  454623ms] [WARNING] WebGL: INVALID_OPERATION: uniform2f: location is not from the associated program @ about:srcdoc:437
[  454629ms] [WARNING] WebGL: INVALID_OPERATION: uniform1f: location is not from the associated program @ about:srcdoc:436
[  454629ms] [WARNING] WebGL: INVALID_OPERATION: uniform2f: location is not from the associated program @ about:srcdoc:437
[  454633ms] [WARNING] WebGL: INVALID_OPERATION: uniform1f: location is not from the associated program @ about:srcdoc:436
[  454633ms] [WARNING] WebGL: INVALID_OPERATION: uniform2f: location is not from the associated program @ about:srcdoc:437
[  454640ms] [WARNING] WebGL: INVALID_OPERATION: uniform1f: location is not from the associated program @ about:srcdoc:436
[  454640ms] [WARNING] WebGL: INVALID_OPERATION: uniform2f: location is not from the associated program @ about:srcdoc:437
[  454706ms] [WARNING] WebGL: INVALID_OPERATION: uniform1f: location is not from the associated program @ about:srcdoc:436
[  454706ms] [WARNING] WebGL: INVALID_OPERATION: uniform2f: location is not from the associated program @ about:srcdoc:437
[  454715ms] [WARNING] WebGL: INVALID_OPERATION: uniform1f: location is not from the associated program @ about:srcdoc:436
[  454715ms] [WARNING] WebGL: INVALID_OPERATION: uniform2f: location is not from the associated program @ about:srcdoc:437
[  454718ms] [WARNING] WebGL: INVALID_OPERATION: uniform1f: location is not from the associated program @ about:srcdoc:436
[  454718ms] [WARNING] WebGL: INVALID_OPERATION: uniform2f: location is not from the associated program @ about:srcdoc:437
[  454720ms] [WARNING] WebGL: INVALID_OPERATION: uniform1f: location is not from the associated program @ about:srcdoc:436
[  454720ms] [WARNING] WebGL: INVALID_OPERATION: uniform2f: location is not from the associated program @ about:srcdoc:437
[  454724ms] [WARNING] WebGL: INVALID_OPERATION: uniform1f: location is not from the associated program @ about:srcdoc:436
[  454724ms] [WARNING] WebGL: INVALID_OPERATION: uniform2f: location is not from the associated program @ about:srcdoc:437
[  454728ms] [WARNING] WebGL: INVALID_OPERATION: uniform1f: location is not from the associated program @ about:srcdoc:436
[  454728ms] [WARNING] WebGL: INVALID_OPERATION: uniform2f: location is not from the associated program @ about:srcdoc:437
[  454782ms] [WARNING] WebGL: INVALID_OPERATION: uniform1f: location is not from the associated program @ about:srcdoc:436
[  454783ms] [WARNING] WebGL: INVALID_OPERATION: uniform2f: location is not from the associated program @ about:srcdoc:437
[  454797ms] [WARNING] WebGL: INVALID_OPERATION: uniform1f: location is not from the associated program @ about:srcdoc:436
[  454797ms] [WARNING] WebGL: INVALID_OPERATION: uniform2f: location is not from the associated program @ about:srcdoc:437
[  454812ms] [WARNING] WebGL: INVALID_OPERATION: uniform1f: location is not from the associated program @ about:srcdoc:436
[  454812ms] [WARNING] WebGL: INVALID_OPERATION: uniform2f: location is not from the associated program @ about:srcdoc:437
[  454818ms] [WARNING] WebGL: INVALID_OPERATION: uniform1f: location is not from the associated program @ about:srcdoc:436
[  454818ms] [WARNING] WebGL: INVALID_OPERATION: uniform2f: location is not from the associated program @ about:srcdoc:437
[  454824ms] [WARNING] WebGL: INVALID_OPERATION: uniform1f: location is not from the associated program @ about:srcdoc:436
[  454825ms] [WARNING] WebGL: INVALID_OPERATION: uniform2f: location is not from the associated program @ about:srcdoc:437
[  454830ms] [WARNING] WebGL: INVALID_OPERATION: uniform1f: location is not from the associated program @ about:srcdoc:436
[  454830ms] [WARNING] WebGL: INVALID_OPERATION: uniform2f: location is not from the associated program @ about:srcdoc:437
[  454833ms] [WARNING] WebGL: INVALID_OPERATION: uniform1f: location is not from the associated program @ about:srcdoc:436
[  454833ms] [WARNING] WebGL: INVALID_OPERATION: uniform2f: location is not from the associated program @ about:srcdoc:437
[  454835ms] [WARNING] WebGL: INVALID_OPERATION: uniform1f: location is not from the associated program @ about:srcdoc:436
[  454836ms] [WARNING] WebGL: INVALID_OPERATION: uniform2f: location is not from the associated program @ about:srcdoc:437
[  454864ms] [WARNING] WebGL: INVALID_OPERATION: uniform1f: location is not from the associated program @ about:srcdoc:436
[  454864ms] [WARNING] WebGL: INVALID_OPERATION: uniform2f: location is not from the associated program @ about:srcdoc:437
[  454871ms] [WARNING] WebGL: INVALID_OPERATION: uniform1f: location is not from the associated program @ about:srcdoc:436
[  454872ms] [WARNING] WebGL: INVALID_OPERATION: uniform2f: location is not from the associated program @ about:srcdoc:437
[  454877ms] [WARNING] WebGL: INVALID_OPERATION: uniform1f: location is not from the associated program @ about:srcdoc:436
[  454877ms] [WARNING] WebGL: INVALID_OPERATION: uniform2f: location is not from the associated program @ about:srcdoc:437
[  454880ms] [WARNING] WebGL: INVALID_OPERATION: uniform1f: location is not from the associated program @ about:srcdoc:436
[  454880ms] [WARNING] WebGL: INVALID_OPERATION: uniform2f: location is not from the associated program @ about:srcdoc:437
[  454884ms] [WARNING] WebGL: INVALID_OPERATION: uniform1f: location is not from the associated program @ about:srcdoc:436
[  454884ms] [WARNING] WebGL: INVALID_OPERATION: uniform2f: location is not from the associated program @ about:srcdoc:437
[  454887ms] [WARNING] WebGL: INVALID_OPERATION: uniform1f: location is not from the associated program @ about:srcdoc:436
[  454887ms] [WARNING] WebGL: INVALID_OPERATION: uniform2f: location is not from the associated program @ about:srcdoc:437
[  454892ms] [WARNING] WebGL: INVALID_OPERATION: uniform1f: location is not from the associated program @ about:srcdoc:436
[  454892ms] [WARNING] WebGL: INVALID_OPERATION: uniform2f: location is not from the associated program @ about:srcdoc:437
[  454898ms] [WARNING] WebGL: INVALID_OPERATION: uniform1f: location is not from the associated program @ about:srcdoc:436
[  454898ms] [WARNING] WebGL: INVALID_OPERATION: uniform2f: location is not from the associated program @ about:srcdoc:437
[  454969ms] [WARNING] WebGL: INVALID_OPERATION: uniform1f: location is not from the associated program @ about:srcdoc:436
[  454969ms] [WARNING] WebGL: INVALID_OPERATION: uniform2f: location is not from the associated program @ about:srcdoc:437
[  454980ms] [WARNING] WebGL: INVALID_OPERATION: uniform1f: location is not from the associated program @ about:srcdoc:436
[  454980ms] [WARNING] WebGL: INVALID_OPERATION: uniform2f: location is not from the associated program @ about:srcdoc:437
[  454990ms] [WARNING] WebGL: INVALID_OPERATION: uniform1f: location is not from the associated program @ about:srcdoc:436
[  454990ms] [WARNING] WebGL: INVALID_OPERATION: uniform2f: location is not from the associated program @ about:srcdoc:437
[  454993ms] [WARNING] WebGL: INVALID_OPERATION: uniform1f: location is not from the associated program @ about:srcdoc:436
[  454993ms] [WARNING] WebGL: INVALID_OPERATION: uniform2f: location is not from the associated program @ about:srcdoc:437
[  454997ms] [WARNING] WebGL: INVALID_OPERATION: uniform1f: location is not from the associated program @ about:srcdoc:436
[  454997ms] [WARNING] WebGL: INVALID_OPERATION: uniform2f: location is not from the associated program @ about:srcdoc:437
[  455000ms] [WARNING] WebGL: INVALID_OPERATION: uniform1f: location is not from the associated program @ about:srcdoc:436
[  455000ms] [WARNING] WebGL: INVALID_OPERATION: uniform2f: location is not from the associated program @ about:srcdoc:437
[  455004ms] [WARNING] WebGL: INVALID_OPERATION: uniform1f: location is not from the associated program @ about:srcdoc:436
[  455005ms] [WARNING] WebGL: INVALID_OPERATION: uniform2f: location is not from the associated program @ about:srcdoc:437
[  455013ms] [WARNING] WebGL: INVALID_OPERATION: uniform1f: location is not from the associated program @ about:srcdoc:436
[  455013ms] [WARNING] WebGL: INVALID_OPERATION: uniform2f: location is not from the associated program @ about:srcdoc:437
[  455027ms] [WARNING] WebGL: INVALID_OPERATION: uniform1f: location is not from the associated program @ about:srcdoc:436
[  455027ms] [WARNING] WebGL: INVALID_OPERATION: uniform2f: location is not from the associated program @ about:srcdoc:437
[  455031ms] [WARNING] WebGL: INVALID_OPERATION: uniform1f: location is not from the associated program @ about:srcdoc:436
[  455031ms] [WARNING] WebGL: INVALID_OPERATION: uniform2f: location is not from the associated program @ about:srcdoc:437
[  455036ms] [WARNING] WebGL: INVALID_OPERATION: uniform1f: location is not from the associated program @ about:srcdoc:436
[  455036ms] [WARNING] WebGL: INVALID_OPERATION: uniform2f: location is not from the associated program @ about:srcdoc:437
[  455049ms] [WARNING] WebGL: INVALID_OPERATION: uniform1f: location is not from the associated program @ about:srcdoc:436
[  455050ms] [WARNING] WebGL: INVALID_OPERATION: uniform2f: location is not from the associated program @ about:srcdoc:437
[  455058ms] [WARNING] WebGL: INVALID_OPERATION: uniform1f: location is not from the associated program @ about:srcdoc:436
[  455059ms] [WARNING] WebGL: INVALID_OPERATION: uniform2f: location is not from the associated program @ about:srcdoc:437
[  455066ms] [WARNING] WebGL: INVALID_OPERATION: uniform1f: location is not from the associated program @ about:srcdoc:436
[  455067ms] [WARNING] WebGL: INVALID_OPERATION: uniform2f: location is not from the associated program @ about:srcdoc:437
[  455074ms] [WARNING] WebGL: INVALID_OPERATION: uniform1f: location is not from the associated program @ about:srcdoc:436
[  455075ms] [WARNING] WebGL: INVALID_OPERATION: uniform2f: location is not from the associated program @ about:srcdoc:437
[  455084ms] [WARNING] WebGL: INVALID_OPERATION: uniform1f: location is not from the associated program @ about:srcdoc:436
[  455084ms] [WARNING] WebGL: INVALID_OPERATION: uniform2f: location is not from the associated program @ about:srcdoc:437
[  455117ms] [WARNING] WebGL: INVALID_OPERATION: uniform1f: location is not from the associated program @ about:srcdoc:436
[  455117ms] [WARNING] WebGL: INVALID_OPERATION: uniform2f: location is not from the associated program @ about:srcdoc:437
[  455127ms] [WARNING] WebGL: INVALID_OPERATION: uniform1f: location is not from the associated program @ about:srcdoc:436
[  455127ms] [WARNING] WebGL: INVALID_OPERATION: uniform2f: location is not from the associated program @ about:srcdoc:437
[  455130ms] [WARNING] WebGL: INVALID_OPERATION: uniform1f: location is not from the associated program @ about:srcdoc:436
[  455131ms] [WARNING] WebGL: INVALID_OPERATION: uniform2f: location is not from the associated program @ about:srcdoc:437
[  455136ms] [WARNING] WebGL: INVALID_OPERATION: uniform1f: location is not from the associated program @ about:srcdoc:436
[  455137ms] [WARNING] WebGL: INVALID_OPERATION: uniform2f: location is not from the associated program @ about:srcdoc:437
[  455155ms] [WARNING] WebGL: INVALID_OPERATION: uniform1f: location is not from the associated program @ about:srcdoc:436
[  455156ms] [WARNING] WebGL: INVALID_OPERATION: uniform2f: location is not from the associated program @ about:srcdoc:437
[  455163ms] [WARNING] WebGL: INVALID_OPERATION: uniform1f: location is not from the associated program @ about:srcdoc:436
[  455163ms] [WARNING] WebGL: INVALID_OPERATION: uniform2f: location is not from the associated program @ about:srcdoc:437
[  455167ms] [WARNING] WebGL: INVALID_OPERATION: uniform1f: location is not from the associated program @ about:srcdoc:436
[  455167ms] [WARNING] WebGL: INVALID_OPERATION: uniform2f: location is not from the associated program @ about:srcdoc:437
[  455173ms] [WARNING] WebGL: INVALID_OPERATION: uniform1f: location is not from the associated program @ about:srcdoc:436
[  455173ms] [WARNING] WebGL: INVALID_OPERATION: uniform2f: location is not from the associated program @ about:srcdoc:437
[  455192ms] [WARNING] WebGL: INVALID_OPERATION: uniform1f: location is not from the associated program @ about:srcdoc:436
[  455192ms] [WARNING] WebGL: INVALID_OPERATION: uniform2f: location is not from the associated program @ about:srcdoc:437
[  455195ms] [WARNING] WebGL: INVALID_OPERATION: uniform1f: location is not from the associated program @ about:srcdoc:436
[  455195ms] [WARNING] WebGL: INVALID_OPERATION: uniform2f: location is not from the associated program @ about:srcdoc:437
[  455197ms] [WARNING] WebGL: INVALID_OPERATION: uniform1f: location is not from the associated program @ about:srcdoc:436
[  455197ms] [WARNING] WebGL: INVALID_OPERATION: uniform2f: location is not from the associated program @ about:srcdoc:437
[  455199ms] [WARNING] WebGL: INVALID_OPERATION: uniform1f: location is not from the associated program @ about:srcdoc:436
[  455200ms] [WARNING] WebGL: INVALID_OPERATION: uniform2f: location is not from the associated program @ about:srcdoc:437
[  455204ms] [WARNING] WebGL: INVALID_OPERATION: uniform1f: location is not from the associated program @ about:srcdoc:436
[  455204ms] [WARNING] WebGL: INVALID_OPERATION: uniform2f: location is not from the associated program @ about:srcdoc:437
[  455216ms] [WARNING] WebGL: INVALID_OPERATION: uniform1f: location is not from the associated program @ about:srcdoc:436
[  455216ms] [WARNING] WebGL: INVALID_OPERATION: uniform2f: location is not from the associated program @ about:srcdoc:437
[  455224ms] [WARNING] WebGL: INVALID_OPERATION: uniform1f: location is not from the associated program @ about:srcdoc:436
[  455225ms] [WARNING] WebGL: INVALID_OPERATION: uniform2f: location is not from the associated program @ about:srcdoc:437
[  455230ms] [WARNING] WebGL: INVALID_OPERATION: uniform1f: location is not from the associated program @ about:srcdoc:436
[  455231ms] [WARNING] WebGL: INVALID_OPERATION: uniform2f: location is not from the associated program @ about:srcdoc:437
[  455251ms] [WARNING] WebGL: INVALID_OPERATION: uniform1f: location is not from the associated program @ about:srcdoc:436
[  455251ms] [WARNING] WebGL: INVALID_OPERATION: uniform2f: location is not from the associated program @ about:srcdoc:437
[  455262ms] [WARNING] WebGL: INVALID_OPERATION: uniform1f: location is not from the associated program @ about:srcdoc:436
[  455262ms] [WARNING] WebGL: INVALID_OPERATION: uniform2f: location is not from the associated program @ about:srcdoc:437
[  455276ms] [WARNING] WebGL: INVALID_OPERATION: uniform1f: location is not from the associated program @ about:srcdoc:436
[  455276ms] [WARNING] WebGL: INVALID_OPERATION: uniform2f: location is not from the associated program @ about:srcdoc:437
[  455279ms] [WARNING] WebGL: INVALID_OPERATION: uniform1f: location is not from the associated program @ about:srcdoc:436
[  455279ms] [WARNING] WebGL: INVALID_OPERATION: uniform2f: location is not from the associated program @ about:srcdoc:437
[  455279ms] [WARNING] WebGL: too many errors, no more errors will be reported to the console for this context. @ about:srcdoc:437
[  451564ms] [WARNING] WebGL: INVALID_OPERATION: uniform1f: location is not from the associated program @ about:srcdoc:436
[  451564ms] [WARNING] WebGL: INVALID_OPERATION: uniform2f: location is not from the associated program @ about:srcdoc:437
[  451565ms] [WARNING] WebGL: INVALID_OPERATION: uniform1f: location is not from the associated program @ about:srcdoc:436
[  451565ms] [WARNING] WebGL: INVALID_OPERATION: uniform2f: location is not from the associated program @ about:srcdoc:437
[  451565ms] [WARNING] WebGL: INVALID_OPERATION: uniform1f: location is not from the associated program @ about:srcdoc:436
[  451565ms] [WARNING] WebGL: INVALID_OPERATION: uniform2f: location is not from the associated program @ about:srcdoc:437
[  451566ms] [WARNING] WebGL: INVALID_OPERATION: uniform1f: location is not from the associated program @ about:srcdoc:436
[  451566ms] [WARNING] WebGL: INVALID_OPERATION: uniform2f: location is not from the associated program @ about:srcdoc:437
[  451738ms] [WARNING] WebGL: INVALID_OPERATION: uniform1f: location is not from the associated program @ about:srcdoc:436
[  451738ms] [WARNING] WebGL: INVALID_OPERATION: uniform2f: location is not from the associated program @ about:srcdoc:437
[  451824ms] [WARNING] WebGL: INVALID_OPERATION: uniform1f: location is not from the associated program @ about:srcdoc:436
[  451824ms] [WARNING] WebGL: INVALID_OPERATION: uniform2f: location is not from the associated program @ about:srcdoc:437
[  451829ms] [WARNING] WebGL: INVALID_OPERATION: uniform1f: location is not from the associated program @ about:srcdoc:436
[  451829ms] [WARNING] WebGL: INVALID_OPERATION: uniform2f: location is not from the associated program @ about:srcdoc:437
[  452142ms] [WARNING] WebGL: INVALID_OPERATION: uniform1f: location is not from the associated program @ about:srcdoc:436
[  452143ms] [WARNING] WebGL: INVALID_OPERATION: uniform2f: location is not from the associated program @ about:srcdoc:437
[  452166ms] [WARNING] WebGL: INVALID_OPERATION: uniform1f: location is not from the associated program @ about:srcdoc:436
[  452166ms] [WARNING] WebGL: INVALID_OPERATION: uniform2f: location is not from the associated program @ about:srcdoc:437
[  452178ms] [WARNING] WebGL: INVALID_OPERATION: uniform1f: location is not from the associated program @ about:srcdoc:436
[  452178ms] [WARNING] WebGL: INVALID_OPERATION: uniform2f: location is not from the associated program @ about:srcdoc:437
[  452331ms] [WARNING] WebGL: INVALID_OPERATION: uniform1f: location is not from the associated program @ about:srcdoc:436
[  452331ms] [WARNING] WebGL: INVALID_OPERATION: uniform2f: location is not from the associated program @ about:srcdoc:437
[  452478ms] [WARNING] WebGL: INVALID_OPERATION: uniform1f: location is not from the associated program @ about:srcdoc:436
[  452478ms] [WARNING] WebGL: INVALID_OPERATION: uniform2f: location is not from the associated program @ about:srcdoc:437
[  452617ms] [WARNING] WebGL: INVALID_OPERATION: uniform1f: location is not from the associated program @ about:srcdoc:436
[  452617ms] [WARNING] WebGL: INVALID_OPERATION: uniform2f: location is not from the associated program @ about:srcdoc:437
[  452652ms] [WARNING] WebGL: INVALID_OPERATION: uniform1f: location is not from the associated program @ about:srcdoc:436
[  452653ms] [WARNING] WebGL: INVALID_OPERATION: uniform2f: location is not from the associated program @ about:srcdoc:437
[  452694ms] [WARNING] WebGL: INVALID_OPERATION: uniform1f: location is not from the associated program @ about:srcdoc:436
[  452694ms] [WARNING] WebGL: INVALID_OPERATION: uniform2f: location is not from the associated program @ about:srcdoc:437
[  452893ms] [WARNING] WebGL: INVALID_OPERATION: uniform1f: location is not from the associated program @ about:srcdoc:436
[  452893ms] [WARNING] WebGL: INVALID_OPERATION: uniform2f: location is not from the associated program @ about:srcdoc:437
[  452925ms] [WARNING] WebGL: INVALID_OPERATION: uniform1f: location is not from the associated program @ about:srcdoc:436
[  452925ms] [WARNING] WebGL: INVALID_OPERATION: uniform2f: location is not from the associated program @ about:srcdoc:437
[  453001ms] [WARNING] WebGL: INVALID_OPERATION: uniform1f: location is not from the associated program @ about:srcdoc:436
[  453001ms] [WARNING] WebGL: INVALID_OPERATION: uniform2f: location is not from the associated program @ about:srcdoc:437
[  453143ms] [WARNING] WebGL: INVALID_OPERATION: uniform1f: location is not from the associated program @ about:srcdoc:436
[  453143ms] [WARNING] WebGL: INVALID_OPERATION: uniform2f: location is not from the associated program @ about:srcdoc:437
[  453162ms] [WARNING] WebGL: INVALID_OPERATION: uniform1f: location is not from the associated program @ about:srcdoc:436
[  453162ms] [WARNING] WebGL: INVALID_OPERATION: uniform2f: location is not from the associated program @ about:srcdoc:437
[  453166ms] [WARNING] WebGL: INVALID_OPERATION: uniform1f: location is not from the associated program @ about:srcdoc:436
[  453166ms] [WARNING] WebGL: INVALID_OPERATION: uniform2f: location is not from the associated program @ about:srcdoc:437
[  453281ms] [WARNING] WebGL: INVALID_OPERATION: uniform1f: location is not from the associated program @ about:srcdoc:436
[  453281ms] [WARNING] WebGL: INVALID_OPERATION: uniform2f: location is not from the associated program @ about:srcdoc:437
[  453593ms] [WARNING] WebGL: INVALID_OPERATION: uniform1f: location is not from the associated program @ about:srcdoc:436
[  453593ms] [WARNING] WebGL: INVALID_OPERATION: uniform2f: location is not from the associated program @ about:srcdoc:437
[  453632ms] [WARNING] WebGL: INVALID_OPERATION: uniform1f: location is not from the associated program @ about:srcdoc:436
[  453632ms] [WARNING] WebGL: INVALID_OPERATION: uniform2f: location is not from the associated program @ about:srcdoc:437
[  453707ms] [WARNING] WebGL: INVALID_OPERATION: uniform1f: location is not from the associated program @ about:srcdoc:436
[  453707ms] [WARNING] WebGL: INVALID_OPERATION: uniform2f: location is not from the associated program @ about:srcdoc:437
[  453712ms] [WARNING] WebGL: INVALID_OPERATION: uniform1f: location is not from the associated program @ about:srcdoc:436
[  453712ms] [WARNING] WebGL: INVALID_OPERATION: uniform2f: location is not from the associated program @ about:srcdoc:437
[  453795ms] [WARNING] WebGL: INVALID_OPERATION: uniform1f: location is not from the associated program @ about:srcdoc:436
[  453795ms] [WARNING] WebGL: INVALID_OPERATION: uniform2f: location is not from the associated program @ about:srcdoc:437
[  453812ms] [WARNING] WebGL: INVALID_OPERATION: uniform1f: location is not from the associated program @ about:srcdoc:436
[  453812ms] [WARNING] WebGL: INVALID_OPERATION: uniform2f: location is not from the associated program @ about:srcdoc:437
[  453817ms] [WARNING] WebGL: INVALID_OPERATION: uniform1f: location is not from the associated program @ about:srcdoc:436
[  453817ms] [WARNING] WebGL: INVALID_OPERATION: uniform2f: location is not from the associated program @ about:srcdoc:437
[  453836ms] [WARNING] WebGL: INVALID_OPERATION: uniform1f: location is not from the associated program @ about:srcdoc:436
[  453836ms] [WARNING] WebGL: INVALID_OPERATION: uniform2f: location is not from the associated program @ about:srcdoc:437
[  453927ms] [WARNING] WebGL: INVALID_OPERATION: uniform1f: location is not from the associated program @ about:srcdoc:436
[  453927ms] [WARNING] WebGL: INVALID_OPERATION: uniform2f: location is not from the associated program @ about:srcdoc:437
[  453980ms] [WARNING] WebGL: INVALID_OPERATION: uniform1f: location is not from the associated program @ about:srcdoc:436
[  453980ms] [WARNING] WebGL: INVALID_OPERATION: uniform2f: location is not from the associated program @ about:srcdoc:437
[  454030ms] [WARNING] WebGL: INVALID_OPERATION: uniform1f: location is not from the associated program @ about:srcdoc:436
[  454030ms] [WARNING] WebGL: INVALID_OPERATION: uniform2f: location is not from the associated program @ about:srcdoc:437
[  454035ms] [WARNING] WebGL: INVALID_OPERATION: uniform1f: location is not from the associated program @ about:srcdoc:436
[  454035ms] [WARNING] WebGL: INVALID_OPERATION: uniform2f: location is not from the associated program @ about:srcdoc:437
[  454118ms] [WARNING] WebGL: INVALID_OPERATION: uniform1f: location is not from the associated program @ about:srcdoc:436
[  454118ms] [WARNING] WebGL: INVALID_OPERATION: uniform2f: location is not from the associated program @ about:srcdoc:437
[  454126ms] [WARNING] WebGL: INVALID_OPERATION: uniform1f: location is not from the associated program @ about:srcdoc:436
[  454126ms] [WARNING] WebGL: INVALID_OPERATION: uniform2f: location is not from the associated program @ about:srcdoc:437
[  454144ms] [WARNING] WebGL: INVALID_OPERATION: uniform1f: location is not from the associated program @ about:srcdoc:436
[  454145ms] [WARNING] WebGL: INVALID_OPERATION: uniform2f: location is not from the associated program @ about:srcdoc:437
[  454169ms] [WARNING] WebGL: INVALID_OPERATION: uniform1f: location is not from the associated program @ about:srcdoc:436
[  454169ms] [WARNING] WebGL: INVALID_OPERATION: uniform2f: location is not from the associated program @ about:srcdoc:437
[  454245ms] [WARNING] WebGL: INVALID_OPERATION: uniform1f: location is not from the associated program @ about:srcdoc:436
[  454245ms] [WARNING] WebGL: INVALID_OPERATION: uniform2f: location is not from the associated program @ about:srcdoc:437
[  454250ms] [WARNING] WebGL: INVALID_OPERATION: uniform1f: location is not from the associated program @ about:srcdoc:436
[  454250ms] [WARNING] WebGL: INVALID_OPERATION: uniform2f: location is not from the associated program @ about:srcdoc:437
[  454254ms] [WARNING] WebGL: INVALID_OPERATION: uniform1f: location is not from the associated program @ about:srcdoc:436
[  454254ms] [WARNING] WebGL: INVALID_OPERATION: uniform2f: location is not from the associated program @ about:srcdoc:437
[  454259ms] [WARNING] WebGL: INVALID_OPERATION: uniform1f: location is not from the associated program @ about:srcdoc:436
[  454259ms] [WARNING] WebGL: INVALID_OPERATION: uniform2f: location is not from the associated program @ about:srcdoc:437
[  454309ms] [WARNING] WebGL: INVALID_OPERATION: uniform1f: location is not from the associated program @ about:srcdoc:436
[  454309ms] [WARNING] WebGL: INVALID_OPERATION: uniform2f: location is not from the associated program @ about:srcdoc:437
[  454316ms] [WARNING] WebGL: INVALID_OPERATION: uniform1f: location is not from the associated program @ about:srcdoc:436
[  454316ms] [WARNING] WebGL: INVALID_OPERATION: uniform2f: location is not from the associated program @ about:srcdoc:437
[  454352ms] [WARNING] WebGL: INVALID_OPERATION: uniform1f: location is not from the associated program @ about:srcdoc:436
[  454353ms] [WARNING] WebGL: INVALID_OPERATION: uniform2f: location is not from the associated program @ about:srcdoc:437
[  454422ms] [WARNING] WebGL: INVALID_OPERATION: uniform1f: location is not from the associated program @ about:srcdoc:436
[  454422ms] [WARNING] WebGL: INVALID_OPERATION: uniform2f: location is not from the associated program @ about:srcdoc:437
[  454426ms] [WARNING] WebGL: INVALID_OPERATION: uniform1f: location is not from the associated program @ about:srcdoc:436
[  454426ms] [WARNING] WebGL: INVALID_OPERATION: uniform2f: location is not from the associated program @ about:srcdoc:437
[  454432ms] [WARNING] WebGL: INVALID_OPERATION: uniform1f: location is not from the associated program @ about:srcdoc:436
[  454432ms] [WARNING] WebGL: INVALID_OPERATION: uniform2f: location is not from the associated program @ about:srcdoc:437
[  454456ms] [WARNING] WebGL: INVALID_OPERATION: uniform1f: location is not from the associated program @ about:srcdoc:436
[  454456ms] [WARNING] WebGL: INVALID_OPERATION: uniform2f: location is not from the associated program @ about:srcdoc:437
[  454463ms] [WARNING] WebGL: INVALID_OPERATION: uniform1f: location is not from the associated program @ about:srcdoc:436
[  454463ms] [WARNING] WebGL: INVALID_OPERATION: uniform2f: location is not from the associated program @ about:srcdoc:437
[  454480ms] [WARNING] WebGL: INVALID_OPERATION: uniform1f: location is not from the associated program @ about:srcdoc:436
[  454480ms] [WARNING] WebGL: INVALID_OPERATION: uniform2f: location is not from the associated program @ about:srcdoc:437
[  454490ms] [WARNING] WebGL: INVALID_OPERATION: uniform1f: location is not from the associated program @ about:srcdoc:436
[  454490ms] [WARNING] WebGL: INVALID_OPERATION: uniform2f: location is not from the associated program @ about:srcdoc:437
[  454497ms] [WARNING] WebGL: INVALID_OPERATION: uniform1f: location is not from the associated program @ about:srcdoc:436
[  454498ms] [WARNING] WebGL: INVALID_OPERATION: uniform2f: location is not from the associated program @ about:srcdoc:437
[  454509ms] [WARNING] WebGL: INVALID_OPERATION: uniform1f: location is not from the associated program @ about:srcdoc:436
[  454509ms] [WARNING] WebGL: INVALID_OPERATION: uniform2f: location is not from the associated program @ about:srcdoc:437
[  454514ms] [WARNING] WebGL: INVALID_OPERATION: uniform1f: location is not from the associated program @ about:srcdoc:436
[  454515ms] [WARNING] WebGL: INVALID_OPERATION: uniform2f: location is not from the associated program @ about:srcdoc:437
[  454518ms] [WARNING] WebGL: INVALID_OPERATION: uniform1f: location is not from the associated program @ about:srcdoc:436
[  454518ms] [WARNING] WebGL: INVALID_OPERATION: uniform2f: location is not from the associated program @ about:srcdoc:437
[  454521ms] [WARNING] WebGL: INVALID_OPERATION: uniform1f: location is not from the associated program @ about:srcdoc:436
[  454522ms] [WARNING] WebGL: INVALID_OPERATION: uniform2f: location is not from the associated program @ about:srcdoc:437
[  454529ms] [WARNING] WebGL: INVALID_OPERATION: uniform1f: location is not from the associated program @ about:srcdoc:436
[  454530ms] [WARNING] WebGL: INVALID_OPERATION: uniform2f: location is not from the associated program @ about:srcdoc:437
[  454536ms] [WARNING] WebGL: INVALID_OPERATION: uniform1f: location is not from the associated program @ about:srcdoc:436
[  454536ms] [WARNING] WebGL: INVALID_OPERATION: uniform2f: location is not from the associated program @ about:srcdoc:437
[  454543ms] [WARNING] WebGL: INVALID_OPERATION: uniform1f: location is not from the associated program @ about:srcdoc:436
[  454543ms] [WARNING] WebGL: INVALID_OPERATION: uniform2f: location is not from the associated program @ about:srcdoc:437
[  454548ms] [WARNING] WebGL: INVALID_OPERATION: uniform1f: location is not from the associated program @ about:srcdoc:436
[  454548ms] [WARNING] WebGL: INVALID_OPERATION: uniform2f: location is not from the associated program @ about:srcdoc:437
[  454552ms] [WARNING] WebGL: INVALID_OPERATION: uniform1f: location is not from the associated program @ about:srcdoc:436
[  454553ms] [WARNING] WebGL: INVALID_OPERATION: uniform2f: location is not from the associated program @ about:srcdoc:437
[  454555ms] [WARNING] WebGL: INVALID_OPERATION: uniform1f: location is not from the associated program @ about:srcdoc:436
[  454556ms] [WARNING] WebGL: INVALID_OPERATION: uniform2f: location is not from the associated program @ about:srcdoc:437
[  454558ms] [WARNING] WebGL: INVALID_OPERATION: uniform1f: location is not from the associated program @ about:srcdoc:436
[  454558ms] [WARNING] WebGL: INVALID_OPERATION: uniform2f: location is not from the associated program @ about:srcdoc:437
[  454604ms] [WARNING] WebGL: INVALID_OPERATION: uniform1f: location is not from the associated program @ about:srcdoc:436
[  454604ms] [WARNING] WebGL: INVALID_OPERATION: uniform2f: location is not from the associated program @ about:srcdoc:437
[  454613ms] [WARNING] WebGL: INVALID_OPERATION: uniform1f: location is not from the associated program @ about:srcdoc:436
[  454614ms] [WARNING] WebGL: INVALID_OPERATION: uniform2f: location is not from the associated program @ about:srcdoc:437
[  454623ms] [WARNING] WebGL: INVALID_OPERATION: uniform1f: location is not from the associated program @ about:srcdoc:436
[  454623ms] [WARNING] WebGL: INVALID_OPERATION: uniform2f: location is not from the associated program @ about:srcdoc:437
[  454629ms] [WARNING] WebGL: INVALID_OPERATION: uniform1f: location is not from the associated program @ about:srcdoc:436
[  454629ms] [WARNING] WebGL: INVALID_OPERATION: uniform2f: location is not from the associated program @ about:srcdoc:437
[  454633ms] [WARNING] WebGL: INVALID_OPERATION: uniform1f: location is not from the associated program @ about:srcdoc:436
[  454633ms] [WARNING] WebGL: INVALID_OPERATION: uniform2f: location is not from the associated program @ about:srcdoc:437
[  454640ms] [WARNING] WebGL: INVALID_OPERATION: uniform1f: location is not from the associated program @ about:srcdoc:436
[  454640ms] [WARNING] WebGL: INVALID_OPERATION: uniform2f: location is not from the associated program @ about:srcdoc:437
[  454706ms] [WARNING] WebGL: INVALID_OPERATION: uniform1f: location is not from the associated program @ about:srcdoc:436
[  454706ms] [WARNING] WebGL: INVALID_OPERATION: uniform2f: location is not from the associated program @ about:srcdoc:437
[  454715ms] [WARNING] WebGL: INVALID_OPERATION: uniform1f: location is not from the associated program @ about:srcdoc:436
[  454715ms] [WARNING] WebGL: INVALID_OPERATION: uniform2f: location is not from the associated program @ about:srcdoc:437
[  454718ms] [WARNING] WebGL: INVALID_OPERATION: uniform1f: location is not from the associated program @ about:srcdoc:436
[  454718ms] [WARNING] WebGL: INVALID_OPERATION: uniform2f: location is not from the associated program @ about:srcdoc:437
[  454720ms] [WARNING] WebGL: INVALID_OPERATION: uniform1f: location is not from the associated program @ about:srcdoc:436
[  454720ms] [WARNING] WebGL: INVALID_OPERATION: uniform2f: location is not from the associated program @ about:srcdoc:437
[  454724ms] [WARNING] WebGL: INVALID_OPERATION: uniform1f: location is not from the associated program @ about:srcdoc:436
[  454724ms] [WARNING] WebGL: INVALID_OPERATION: uniform2f: location is not from the associated program @ about:srcdoc:437
[  454728ms] [WARNING] WebGL: INVALID_OPERATION: uniform1f: location is not from the associated program @ about:srcdoc:436
[  454728ms] [WARNING] WebGL: INVALID_OPERATION: uniform2f: location is not from the associated program @ about:srcdoc:437
[  454782ms] [WARNING] WebGL: INVALID_OPERATION: uniform1f: location is not from the associated program @ about:srcdoc:436
[  454783ms] [WARNING] WebGL: INVALID_OPERATION: uniform2f: location is not from the associated program @ about:srcdoc:437
[  454797ms] [WARNING] WebGL: INVALID_OPERATION: uniform1f: location is not from the associated program @ about:srcdoc:436
[  454797ms] [WARNING] WebGL: INVALID_OPERATION: uniform2f: location is not from the associated program @ about:srcdoc:437
[  454812ms] [WARNING] WebGL: INVALID_OPERATION: uniform1f: location is not from the associated program @ about:srcdoc:436
[  454812ms] [WARNING] WebGL: INVALID_OPERATION: uniform2f: location is not from the associated program @ about:srcdoc:437
[  454818ms] [WARNING] WebGL: INVALID_OPERATION: uniform1f: location is not from the associated program @ about:srcdoc:436
[  454818ms] [WARNING] WebGL: INVALID_OPERATION: uniform2f: location is not from the associated program @ about:srcdoc:437
[  454824ms] [WARNING] WebGL: INVALID_OPERATION: uniform1f: location is not from the associated program @ about:srcdoc:436
[  454825ms] [WARNING] WebGL: INVALID_OPERATION: uniform2f: location is not from the associated program @ about:srcdoc:437
[  454830ms] [WARNING] WebGL: INVALID_OPERATION: uniform1f: location is not from the associated program @ about:srcdoc:436
[  454830ms] [WARNING] WebGL: INVALID_OPERATION: uniform2f: location is not from the associated program @ about:srcdoc:437
[  454833ms] [WARNING] WebGL: INVALID_OPERATION: uniform1f: location is not from the associated program @ about:srcdoc:436
[  454833ms] [WARNING] WebGL: INVALID_OPERATION: uniform2f: location is not from the associated program @ about:srcdoc:437
[  454835ms] [WARNING] WebGL: INVALID_OPERATION: uniform1f: location is not from the associated program @ about:srcdoc:436
[  454836ms] [WARNING] WebGL: INVALID_OPERATION: uniform2f: location is not from the associated program @ about:srcdoc:437
[  454864ms] [WARNING] WebGL: INVALID_OPERATION: uniform1f: location is not from the associated program @ about:srcdoc:436
[  454864ms] [WARNING] WebGL: INVALID_OPERATION: uniform2f: location is not from the associated program @ about:srcdoc:437
[  454871ms] [WARNING] WebGL: INVALID_OPERATION: uniform1f: location is not from the associated program @ about:srcdoc:436
[  454872ms] [WARNING] WebGL: INVALID_OPERATION: uniform2f: location is not from the associated program @ about:srcdoc:437
[  454877ms] [WARNING] WebGL: INVALID_OPERATION: uniform1f: location is not from the associated program @ about:srcdoc:436
[  454877ms] [WARNING] WebGL: INVALID_OPERATION: uniform2f: location is not from the associated program @ about:srcdoc:437
[  454880ms] [WARNING] WebGL: INVALID_OPERATION: uniform1f: location is not from the associated program @ about:srcdoc:436
[  454880ms] [WARNING] WebGL: INVALID_OPERATION: uniform2f: location is not from the associated program @ about:srcdoc:437
[  454884ms] [WARNING] WebGL: INVALID_OPERATION: uniform1f: location is not from the associated program @ about:srcdoc:436
[  454884ms] [WARNING] WebGL: INVALID_OPERATION: uniform2f: location is not from the associated program @ about:srcdoc:437
[  454887ms] [WARNING] WebGL: INVALID_OPERATION: uniform1f: location is not from the associated program @ about:srcdoc:436
[  454887ms] [WARNING] WebGL: INVALID_OPERATION: uniform2f: location is not from the associated program @ about:srcdoc:437
[  454892ms] [WARNING] WebGL: INVALID_OPERATION: uniform1f: location is not from the associated program @ about:srcdoc:436
[  454892ms] [WARNING] WebGL: INVALID_OPERATION: uniform2f: location is not from the associated program @ about:srcdoc:437
[  454898ms] [WARNING] WebGL: INVALID_OPERATION: uniform1f: location is not from the associated program @ about:srcdoc:436
[  454898ms] [WARNING] WebGL: INVALID_OPERATION: uniform2f: location is not from the associated program @ about:srcdoc:437
[  454969ms] [WARNING] WebGL: INVALID_OPERATION: uniform1f: location is not from the associated program @ about:srcdoc:436
[  454969ms] [WARNING] WebGL: INVALID_OPERATION: uniform2f: location is not from the associated program @ about:srcdoc:437
[  454980ms] [WARNING] WebGL: INVALID_OPERATION: uniform1f: location is not from the associated program @ about:srcdoc:436
[  454980ms] [WARNING] WebGL: INVALID_OPERATION: uniform2f: location is not from the associated program @ about:srcdoc:437
[  454990ms] [WARNING] WebGL: INVALID_OPERATION: uniform1f: location is not from the associated program @ about:srcdoc:436
[  454990ms] [WARNING] WebGL: INVALID_OPERATION: uniform2f: location is not from the associated program @ about:srcdoc:437
[  454993ms] [WARNING] WebGL: INVALID_OPERATION: uniform1f: location is not from the associated program @ about:srcdoc:436
[  454993ms] [WARNING] WebGL: INVALID_OPERATION: uniform2f: location is not from the associated program @ about:srcdoc:437
[  454997ms] [WARNING] WebGL: INVALID_OPERATION: uniform1f: location is not from the associated program @ about:srcdoc:436
[  454997ms] [WARNING] WebGL: INVALID_OPERATION: uniform2f: location is not from the associated program @ about:srcdoc:437
[  455000ms] [WARNING] WebGL: INVALID_OPERATION: uniform1f: location is not from the associated program @ about:srcdoc:436
[  455000ms] [WARNING] WebGL: INVALID_OPERATION: uniform2f: location is not from the associated program @ about:srcdoc:437
[  455004ms] [WARNING] WebGL: INVALID_OPERATION: uniform1f: location is not from the associated program @ about:srcdoc:436
[  455005ms] [WARNING] WebGL: INVALID_OPERATION: uniform2f: location is not from the associated program @ about:srcdoc:437
[  455013ms] [WARNING] WebGL: INVALID_OPERATION: uniform1f: location is not from the associated program @ about:srcdoc:436
[  455013ms] [WARNING] WebGL: INVALID_OPERATION: uniform2f: location is not from the associated program @ about:srcdoc:437
[  455027ms] [WARNING] WebGL: INVALID_OPERATION: uniform1f: location is not from the associated program @ about:srcdoc:436
[  455027ms] [WARNING] WebGL: INVALID_OPERATION: uniform2f: location is not from the associated program @ about:srcdoc:437
[  455031ms] [WARNING] WebGL: INVALID_OPERATION: uniform1f: location is not from the associated program @ about:srcdoc:436
[  455031ms] [WARNING] WebGL: INVALID_OPERATION: uniform2f: location is not from the associated program @ about:srcdoc:437
[  455036ms] [WARNING] WebGL: INVALID_OPERATION: uniform1f: location is not from the associated program @ about:srcdoc:436
[  455036ms] [WARNING] WebGL: INVALID_OPERATION: uniform2f: location is not from the associated program @ about:srcdoc:437
[  455049ms] [WARNING] WebGL: INVALID_OPERATION: uniform1f: location is not from the associated program @ about:srcdoc:436
[  455050ms] [WARNING] WebGL: INVALID_OPERATION: uniform2f: location is not from the associated program @ about:srcdoc:437
[  455058ms] [WARNING] WebGL: INVALID_OPERATION: uniform1f: location is not from the associated program @ about:srcdoc:436
[  455059ms] [WARNING] WebGL: INVALID_OPERATION: uniform2f: location is not from the associated program @ about:srcdoc:437
[  455066ms] [WARNING] WebGL: INVALID_OPERATION: uniform1f: location is not from the associated program @ about:srcdoc:436
[  455067ms] [WARNING] WebGL: INVALID_OPERATION: uniform2f: location is not from the associated program @ about:srcdoc:437
[  455074ms] [WARNING] WebGL: INVALID_OPERATION: uniform1f: location is not from the associated program @ about:srcdoc:436
[  455075ms] [WARNING] WebGL: INVALID_OPERATION: uniform2f: location is not from the associated program @ about:srcdoc:437
[  455084ms] [WARNING] WebGL: INVALID_OPERATION: uniform1f: location is not from the associated program @ about:srcdoc:436
[  455084ms] [WARNING] WebGL: INVALID_OPERATION: uniform2f: location is not from the associated program @ about:srcdoc:437
[  455117ms] [WARNING] WebGL: INVALID_OPERATION: uniform1f: location is not from the associated program @ about:srcdoc:436
[  455117ms] [WARNING] WebGL: INVALID_OPERATION: uniform2f: location is not from the associated program @ about:srcdoc:437
[  455127ms] [WARNING] WebGL: INVALID_OPERATION: uniform1f: location is not from the associated program @ about:srcdoc:436
[  455127ms] [WARNING] WebGL: INVALID_OPERATION: uniform2f: location is not from the associated program @ about:srcdoc:437
[  455130ms] [WARNING] WebGL: INVALID_OPERATION: uniform1f: location is not from the associated program @ about:srcdoc:436
[  455131ms] [WARNING] WebGL: INVALID_OPERATION: uniform2f: location is not from the associated program @ about:srcdoc:437
[  455136ms] [WARNING] WebGL: INVALID_OPERATION: uniform1f: location is not from the associated program @ about:srcdoc:436
[  455137ms] [WARNING] WebGL: INVALID_OPERATION: uniform2f: location is not from the associated program @ about:srcdoc:437
[  455155ms] [WARNING] WebGL: INVALID_OPERATION: uniform1f: location is not from the associated program @ about:srcdoc:436
[  455156ms] [WARNING] WebGL: INVALID_OPERATION: uniform2f: location is not from the associated program @ about:srcdoc:437
[  455163ms] [WARNING] WebGL: INVALID_OPERATION: uniform1f: location is not from the associated program @ about:srcdoc:436
[  455163ms] [WARNING] WebGL: INVALID_OPERATION: uniform2f: location is not from the associated program @ about:srcdoc:437
[  455167ms] [WARNING] WebGL: INVALID_OPERATION: uniform1f: location is not from the associated program @ about:srcdoc:436
[  455167ms] [WARNING] WebGL: INVALID_OPERATION: uniform2f: location is not from the associated program @ about:srcdoc:437
[  455173ms] [WARNING] WebGL: INVALID_OPERATION: uniform1f: location is not from the associated program @ about:srcdoc:436
[  455173ms] [WARNING] WebGL: INVALID_OPERATION: uniform2f: location is not from the associated program @ about:srcdoc:437
[  455192ms] [WARNING] WebGL: INVALID_OPERATION: uniform1f: location is not from the associated program @ about:srcdoc:436
[  455192ms] [WARNING] WebGL: INVALID_OPERATION: uniform2f: location is not from the associated program @ about:srcdoc:437
[  455195ms] [WARNING] WebGL: INVALID_OPERATION: uniform1f: location is not from the associated program @ about:srcdoc:436
[  455195ms] [WARNING] WebGL: INVALID_OPERATION: uniform2f: location is not from the associated program @ about:srcdoc:437
[  455197ms] [WARNING] WebGL: INVALID_OPERATION: uniform1f: location is not from the associated program @ about:srcdoc:436
[  455197ms] [WARNING] WebGL: INVALID_OPERATION: uniform2f: location is not from the associated program @ about:srcdoc:437
[  455199ms] [WARNING] WebGL: INVALID_OPERATION: uniform1f: location is not from the associated program @ about:srcdoc:436
[  455200ms] [WARNING] WebGL: INVALID_OPERATION: uniform2f: location is not from the associated program @ about:srcdoc:437
[  455204ms] [WARNING] WebGL: INVALID_OPERATION: uniform1f: location is not from the associated program @ about:srcdoc:436
[  455204ms] [WARNING] WebGL: INVALID_OPERATION: uniform2f: location is not from the associated program @ about:srcdoc:437
[  455216ms] [WARNING] WebGL: INVALID_OPERATION: uniform1f: location is not from the associated program @ about:srcdoc:436
[  455216ms] [WARNING] WebGL: INVALID_OPERATION: uniform2f: location is not from the associated program @ about:srcdoc:437
[  455224ms] [WARNING] WebGL: INVALID_OPERATION: uniform1f: location is not from the associated program @ about:srcdoc:436
[  455225ms] [WARNING] WebGL: INVALID_OPERATION: uniform2f: location is not from the associated program @ about:srcdoc:437
[  455230ms] [WARNING] WebGL: INVALID_OPERATION: uniform1f: location is not from the associated program @ about:srcdoc:436
[  455231ms] [WARNING] WebGL: INVALID_OPERATION: uniform2f: location is not from the associated program @ about:srcdoc:437
[  455251ms] [WARNING] WebGL: INVALID_OPERATION: uniform1f: location is not from the associated program @ about:srcdoc:436
[  455251ms] [WARNING] WebGL: INVALID_OPERATION: uniform2f: location is not from the associated program @ about:srcdoc:437
[  455262ms] [WARNING] WebGL: INVALID_OPERATION: uniform1f: location is not from the associated program @ about:srcdoc:436
[  455262ms] [WARNING] WebGL: INVALID_OPERATION: uniform2f: location is not from the associated program @ about:srcdoc:437
[  455276ms] [WARNING] WebGL: INVALID_OPERATION: uniform1f: location is not from the associated program @ about:srcdoc:436
[  455276ms] [WARNING] WebGL: INVALID_OPERATION: uniform2f: location is not from the associated program @ about:srcdoc:437
[  455279ms] [WARNING] WebGL: INVALID_OPERATION: uniform1f: location is not from the associated program @ about:srcdoc:436
[  455279ms] [WARNING] WebGL: INVALID_OPERATION: uniform2f: location is not from the associated program @ about:srcdoc:437
[  455279ms] [WARNING] WebGL: too many errors, no more errors will be reported to the console for this context. @ about:srcdoc:437
[  451564ms] [WARNING] WebGL: INVALID_OPERATION: uniform1f: location is not from the associated program @ about:srcdoc:436
[  451564ms] [WARNING] WebGL: INVALID_OPERATION: uniform2f: location is not from the associated program @ about:srcdoc:437
[  451565ms] [WARNING] WebGL: INVALID_OPERATION: uniform1f: location is not from the associated program @ about:srcdoc:436
[  451565ms] [WARNING] WebGL: INVALID_OPERATION: uniform2f: location is not from the associated program @ about:srcdoc:437
[  451565ms] [WARNING] WebGL: INVALID_OPERATION: uniform1f: location is not from the associated program @ about:srcdoc:436
[  451565ms] [WARNING] WebGL: INVALID_OPERATION: uniform2f: location is not from the associated program @ about:srcdoc:437
[  451566ms] [WARNING] WebGL: INVALID_OPERATION: uniform1f: location is not from the associated program @ about:srcdoc:436
[  451566ms] [WARNING] WebGL: INVALID_OPERATION: uniform2f: location is not from the associated program @ about:srcdoc:437
[  451738ms] [WARNING] WebGL: INVALID_OPERATION: uniform1f: location is not from the associated program @ about:srcdoc:436
[  451738ms] [WARNING] WebGL: INVALID_OPERATION: uniform2f: location is not from the associated program @ about:srcdoc:437
[  451824ms] [WARNING] WebGL: INVALID_OPERATION: uniform1f: location is not from the associated program @ about:srcdoc:436
[  451824ms] [WARNING] WebGL: INVALID_OPERATION: uniform2f: location is not from the associated program @ about:srcdoc:437
[  451829ms] [WARNING] WebGL: INVALID_OPERATION: uniform1f: location is not from the associated program @ about:srcdoc:436
[  451829ms] [WARNING] WebGL: INVALID_OPERATION: uniform2f: location is not from the associated program @ about:srcdoc:437
[  452142ms] [WARNING] WebGL: INVALID_OPERATION: uniform1f: location is not from the associated program @ about:srcdoc:436
[  452143ms] [WARNING] WebGL: INVALID_OPERATION: uniform2f: location is not from the associated program @ about:srcdoc:437
[  452166ms] [WARNING] WebGL: INVALID_OPERATION: uniform1f: location is not from the associated program @ about:srcdoc:436
[  452166ms] [WARNING] WebGL: INVALID_OPERATION: uniform2f: location is not from the associated program @ about:srcdoc:437
[  452178ms] [WARNING] WebGL: INVALID_OPERATION: uniform1f: location is not from the associated program @ about:srcdoc:436
[  452178ms] [WARNING] WebGL: INVALID_OPERATION: uniform2f: location is not from the associated program @ about:srcdoc:437
[  452331ms] [WARNING] WebGL: INVALID_OPERATION: uniform1f: location is not from the associated program @ about:srcdoc:436
[  452331ms] [WARNING] WebGL: INVALID_OPERATION: uniform2f: location is not from the associated program @ about:srcdoc:437
[  452478ms] [WARNING] WebGL: INVALID_OPERATION: uniform1f: location is not from the associated program @ about:srcdoc:436
[  452478ms] [WARNING] WebGL: INVALID_OPERATION: uniform2f: location is not from the associated program @ about:srcdoc:437
[  452617ms] [WARNING] WebGL: INVALID_OPERATION: uniform1f: location is not from the associated program @ about:srcdoc:436
[  452617ms] [WARNING] WebGL: INVALID_OPERATION: uniform2f: location is not from the associated program @ about:srcdoc:437
[  452652ms] [WARNING] WebGL: INVALID_OPERATION: uniform1f: location is not from the associated program @ about:srcdoc:436
[  452653ms] [WARNING] WebGL: INVALID_OPERATION: uniform2f: location is not from the associated program @ about:srcdoc:437
[  452694ms] [WARNING] WebGL: INVALID_OPERATION: uniform1f: location is not from the associated program @ about:srcdoc:436
[  452694ms] [WARNING] WebGL: INVALID_OPERATION: uniform2f: location is not from the associated program @ about:srcdoc:437
[  452893ms] [WARNING] WebGL: INVALID_OPERATION: uniform1f: location is not from the associated program @ about:srcdoc:436
[  452893ms] [WARNING] WebGL: INVALID_OPERATION: uniform2f: location is not from the associated program @ about:srcdoc:437
[  452925ms] [WARNING] WebGL: INVALID_OPERATION: uniform1f: location is not from the associated program @ about:srcdoc:436
[  452925ms] [WARNING] WebGL: INVALID_OPERATION: uniform2f: location is not from the associated program @ about:srcdoc:437
[  453001ms] [WARNING] WebGL: INVALID_OPERATION: uniform1f: location is not from the associated program @ about:srcdoc:436
[  453001ms] [WARNING] WebGL: INVALID_OPERATION: uniform2f: location is not from the associated program @ about:srcdoc:437
[  453143ms] [WARNING] WebGL: INVALID_OPERATION: uniform1f: location is not from the associated program @ about:srcdoc:436
[  453143ms] [WARNING] WebGL: INVALID_OPERATION: uniform2f: location is not from the associated program @ about:srcdoc:437
[  453162ms] [WARNING] WebGL: INVALID_OPERATION: uniform1f: location is not from the associated program @ about:srcdoc:436
[  453162ms] [WARNING] WebGL: INVALID_OPERATION: uniform2f: location is not from the associated program @ about:srcdoc:437
[  453166ms] [WARNING] WebGL: INVALID_OPERATION: uniform1f: location is not from the associated program @ about:srcdoc:436
[  453166ms] [WARNING] WebGL: INVALID_OPERATION: uniform2f: location is not from the associated program @ about:srcdoc:437
[  453281ms] [WARNING] WebGL: INVALID_OPERATION: uniform1f: location is not from the associated program @ about:srcdoc:436
[  453281ms] [WARNING] WebGL: INVALID_OPERATION: uniform2f: location is not from the associated program @ about:srcdoc:437
[  453593ms] [WARNING] WebGL: INVALID_OPERATION: uniform1f: location is not from the associated program @ about:srcdoc:436
[  453593ms] [WARNING] WebGL: INVALID_OPERATION: uniform2f: location is not from the associated program @ about:srcdoc:437
[  453632ms] [WARNING] WebGL: INVALID_OPERATION: uniform1f: location is not from the associated program @ about:srcdoc:436
[  453632ms] [WARNING] WebGL: INVALID_OPERATION: uniform2f: location is not from the associated program @ about:srcdoc:437
[  453707ms] [WARNING] WebGL: INVALID_OPERATION: uniform1f: location is not from the associated program @ about:srcdoc:436
[  453707ms] [WARNING] WebGL: INVALID_OPERATION: uniform2f: location is not from the associated program @ about:srcdoc:437
[  453712ms] [WARNING] WebGL: INVALID_OPERATION: uniform1f: location is not from the associated program @ about:srcdoc:436
[  453712ms] [WARNING] WebGL: INVALID_OPERATION: uniform2f: location is not from the associated program @ about:srcdoc:437
[  453795ms] [WARNING] WebGL: INVALID_OPERATION: uniform1f: location is not from the associated program @ about:srcdoc:436
[  453795ms] [WARNING] WebGL: INVALID_OPERATION: uniform2f: location is not from the associated program @ about:srcdoc:437
[  453812ms] [WARNING] WebGL: INVALID_OPERATION: uniform1f: location is not from the associated program @ about:srcdoc:436
[  453812ms] [WARNING] WebGL: INVALID_OPERATION: uniform2f: location is not from the associated program @ about:srcdoc:437
[  453817ms] [WARNING] WebGL: INVALID_OPERATION: uniform1f: location is not from the associated program @ about:srcdoc:436
[  453817ms] [WARNING] WebGL: INVALID_OPERATION: uniform2f: location is not from the associated program @ about:srcdoc:437
[  453836ms] [WARNING] WebGL: INVALID_OPERATION: uniform1f: location is not from the associated program @ about:srcdoc:436
[  453836ms] [WARNING] WebGL: INVALID_OPERATION: uniform2f: location is not from the associated program @ about:srcdoc:437
[  453927ms] [WARNING] WebGL: INVALID_OPERATION: uniform1f: location is not from the associated program @ about:srcdoc:436
[  453927ms] [WARNING] WebGL: INVALID_OPERATION: uniform2f: location is not from the associated program @ about:srcdoc:437
[  453980ms] [WARNING] WebGL: INVALID_OPERATION: uniform1f: location is not from the associated program @ about:srcdoc:436
[  453980ms] [WARNING] WebGL: INVALID_OPERATION: uniform2f: location is not from the associated program @ about:srcdoc:437
[  454030ms] [WARNING] WebGL: INVALID_OPERATION: uniform1f: location is not from the associated program @ about:srcdoc:436
[  454030ms] [WARNING] WebGL: INVALID_OPERATION: uniform2f: location is not from the associated program @ about:srcdoc:437
[  454035ms] [WARNING] WebGL: INVALID_OPERATION: uniform1f: location is not from the associated program @ about:srcdoc:436
[  454035ms] [WARNING] WebGL: INVALID_OPERATION: uniform2f: location is not from the associated program @ about:srcdoc:437
[  454118ms] [WARNING] WebGL: INVALID_OPERATION: uniform1f: location is not from the associated program @ about:srcdoc:436
[  454118ms] [WARNING] WebGL: INVALID_OPERATION: uniform2f: location is not from the associated program @ about:srcdoc:437
[  454126ms] [WARNING] WebGL: INVALID_OPERATION: uniform1f: location is not from the associated program @ about:srcdoc:436
[  454126ms] [WARNING] WebGL: INVALID_OPERATION: uniform2f: location is not from the associated program @ about:srcdoc:437
[  454144ms] [WARNING] WebGL: INVALID_OPERATION: uniform1f: location is not from the associated program @ about:srcdoc:436
[  454145ms] [WARNING] WebGL: INVALID_OPERATION: uniform2f: location is not from the associated program @ about:srcdoc:437
[  454169ms] [WARNING] WebGL: INVALID_OPERATION: uniform1f: location is not from the associated program @ about:srcdoc:436
[  454169ms] [WARNING] WebGL: INVALID_OPERATION: uniform2f: location is not from the associated program @ about:srcdoc:437
[  454245ms] [WARNING] WebGL: INVALID_OPERATION: uniform1f: location is not from the associated program @ about:srcdoc:436
[  454245ms] [WARNING] WebGL: INVALID_OPERATION: uniform2f: location is not from the associated program @ about:srcdoc:437
[  454250ms] [WARNING] WebGL: INVALID_OPERATION: uniform1f: location is not from the associated program @ about:srcdoc:436
[  454250ms] [WARNING] WebGL: INVALID_OPERATION: uniform2f: location is not from the associated program @ about:srcdoc:437
[  454254ms] [WARNING] WebGL: INVALID_OPERATION: uniform1f: location is not from the associated program @ about:srcdoc:436
[  454254ms] [WARNING] WebGL: INVALID_OPERATION: uniform2f: location is not from the associated program @ about:srcdoc:437
[  454259ms] [WARNING] WebGL: INVALID_OPERATION: uniform1f: location is not from the associated program @ about:srcdoc:436
[  454259ms] [WARNING] WebGL: INVALID_OPERATION: uniform2f: location is not from the associated program @ about:srcdoc:437
[  454309ms] [WARNING] WebGL: INVALID_OPERATION: uniform1f: location is not from the associated program @ about:srcdoc:436
[  454309ms] [WARNING] WebGL: INVALID_OPERATION: uniform2f: location is not from the associated program @ about:srcdoc:437
[  454316ms] [WARNING] WebGL: INVALID_OPERATION: uniform1f: location is not from the associated program @ about:srcdoc:436
[  454316ms] [WARNING] WebGL: INVALID_OPERATION: uniform2f: location is not from the associated program @ about:srcdoc:437
[  454352ms] [WARNING] WebGL: INVALID_OPERATION: uniform1f: location is not from the associated program @ about:srcdoc:436
[  454353ms] [WARNING] WebGL: INVALID_OPERATION: uniform2f: location is not from the associated program @ about:srcdoc:437
[  454422ms] [WARNING] WebGL: INVALID_OPERATION: uniform1f: location is not from the associated program @ about:srcdoc:436
[  454422ms] [WARNING] WebGL: INVALID_OPERATION: uniform2f: location is not from the associated program @ about:srcdoc:437
[  454426ms] [WARNING] WebGL: INVALID_OPERATION: uniform1f: location is not from the associated program @ about:srcdoc:436
[  454426ms] [WARNING] WebGL: INVALID_OPERATION: uniform2f: location is not from the associated program @ about:srcdoc:437
[  454432ms] [WARNING] WebGL: INVALID_OPERATION: uniform1f: location is not from the associated program @ about:srcdoc:436
[  454432ms] [WARNING] WebGL: INVALID_OPERATION: uniform2f: location is not from the associated program @ about:srcdoc:437
[  454456ms] [WARNING] WebGL: INVALID_OPERATION: uniform1f: location is not from the associated program @ about:srcdoc:436
[  454456ms] [WARNING] WebGL: INVALID_OPERATION: uniform2f: location is not from the associated program @ about:srcdoc:437
[  454463ms] [WARNING] WebGL: INVALID_OPERATION: uniform1f: location is not from the associated program @ about:srcdoc:436
[  454463ms] [WARNING] WebGL: INVALID_OPERATION: uniform2f: location is not from the associated program @ about:srcdoc:437
[  454480ms] [WARNING] WebGL: INVALID_OPERATION: uniform1f: location is not from the associated program @ about:srcdoc:436
[  454480ms] [WARNING] WebGL: INVALID_OPERATION: uniform2f: location is not from the associated program @ about:srcdoc:437
[  454490ms] [WARNING] WebGL: INVALID_OPERATION: uniform1f: location is not from the associated program @ about:srcdoc:436
[  454490ms] [WARNING] WebGL: INVALID_OPERATION: uniform2f: location is not from the associated program @ about:srcdoc:437
[  454497ms] [WARNING] WebGL: INVALID_OPERATION: uniform1f: location is not from the associated program @ about:srcdoc:436
[  454498ms] [WARNING] WebGL: INVALID_OPERATION: uniform2f: location is not from the associated program @ about:srcdoc:437
[  454509ms] [WARNING] WebGL: INVALID_OPERATION: uniform1f: location is not from the associated program @ about:srcdoc:436
[  454509ms] [WARNING] WebGL: INVALID_OPERATION: uniform2f: location is not from the associated program @ about:srcdoc:437
[  454514ms] [WARNING] WebGL: INVALID_OPERATION: uniform1f: location is not from the associated program @ about:srcdoc:436
[  454515ms] [WARNING] WebGL: INVALID_OPERATION: uniform2f: location is not from the associated program @ about:srcdoc:437
[  454518ms] [WARNING] WebGL: INVALID_OPERATION: uniform1f: location is not from the associated program @ about:srcdoc:436
[  454518ms] [WARNING] WebGL: INVALID_OPERATION: uniform2f: location is not from the associated program @ about:srcdoc:437
[  454521ms] [WARNING] WebGL: INVALID_OPERATION: uniform1f: location is not from the associated program @ about:srcdoc:436
[  454522ms] [WARNING] WebGL: INVALID_OPERATION: uniform2f: location is not from the associated program @ about:srcdoc:437
[  454529ms] [WARNING] WebGL: INVALID_OPERATION: uniform1f: location is not from the associated program @ about:srcdoc:436
[  454530ms] [WARNING] WebGL: INVALID_OPERATION: uniform2f: location is not from the associated program @ about:srcdoc:437
[  454536ms] [WARNING] WebGL: INVALID_OPERATION: uniform1f: location is not from the associated program @ about:srcdoc:436
[  454536ms] [WARNING] WebGL: INVALID_OPERATION: uniform2f: location is not from the associated program @ about:srcdoc:437
[  454543ms] [WARNING] WebGL: INVALID_OPERATION: uniform1f: location is not from the associated program @ about:srcdoc:436
[  454543ms] [WARNING] WebGL: INVALID_OPERATION: uniform2f: location is not from the associated program @ about:srcdoc:437
[  454548ms] [WARNING] WebGL: INVALID_OPERATION: uniform1f: location is not from the associated program @ about:srcdoc:436
[  454548ms] [WARNING] WebGL: INVALID_OPERATION: uniform2f: location is not from the associated program @ about:srcdoc:437
[  454552ms] [WARNING] WebGL: INVALID_OPERATION: uniform1f: location is not from the associated program @ about:srcdoc:436
[  454553ms] [WARNING] WebGL: INVALID_OPERATION: uniform2f: location is not from the associated program @ about:srcdoc:437
[  454555ms] [WARNING] WebGL: INVALID_OPERATION: uniform1f: location is not from the associated program @ about:srcdoc:436
[  454556ms] [WARNING] WebGL: INVALID_OPERATION: uniform2f: location is not from the associated program @ about:srcdoc:437
[  454558ms] [WARNING] WebGL: INVALID_OPERATION: uniform1f: location is not from the associated program @ about:srcdoc:436
[  454558ms] [WARNING] WebGL: INVALID_OPERATION: uniform2f: location is not from the associated program @ about:srcdoc:437
[  454604ms] [WARNING] WebGL: INVALID_OPERATION: uniform1f: location is not from the associated program @ about:srcdoc:436
[  454604ms] [WARNING] WebGL: INVALID_OPERATION: uniform2f: location is not from the associated program @ about:srcdoc:437
[  454613ms] [WARNING] WebGL: INVALID_OPERATION: uniform1f: location is not from the associated program @ about:srcdoc:436
[  454614ms] [WARNING] WebGL: INVALID_OPERATION: uniform2f: location is not from the associated program @ about:srcdoc:437
[  454623ms] [WARNING] WebGL: INVALID_OPERATION: uniform1f: location is not from the associated program @ about:srcdoc:436
[  454623ms] [WARNING] WebGL: INVALID_OPERATION: uniform2f: location is not from the associated program @ about:srcdoc:437
[  454629ms] [WARNING] WebGL: INVALID_OPERATION: uniform1f: location is not from the associated program @ about:srcdoc:436
[  454629ms] [WARNING] WebGL: INVALID_OPERATION: uniform2f: location is not from the associated program @ about:srcdoc:437
[  454633ms] [WARNING] WebGL: INVALID_OPERATION: uniform1f: location is not from the associated program @ about:srcdoc:436
[  454633ms] [WARNING] WebGL: INVALID_OPERATION: uniform2f: location is not from the associated program @ about:srcdoc:437
[  454640ms] [WARNING] WebGL: INVALID_OPERATION: uniform1f: location is not from the associated program @ about:srcdoc:436
[  454640ms] [WARNING] WebGL: INVALID_OPERATION: uniform2f: location is not from the associated program @ about:srcdoc:437
[  454706ms] [WARNING] WebGL: INVALID_OPERATION: uniform1f: location is not from the associated program @ about:srcdoc:436
[  454706ms] [WARNING] WebGL: INVALID_OPERATION: uniform2f: location is not from the associated program @ about:srcdoc:437
[  454715ms] [WARNING] WebGL: INVALID_OPERATION: uniform1f: location is not from the associated program @ about:srcdoc:436
[  454715ms] [WARNING] WebGL: INVALID_OPERATION: uniform2f: location is not from the associated program @ about:srcdoc:437
[  454718ms] [WARNING] WebGL: INVALID_OPERATION: uniform1f: location is not from the associated program @ about:srcdoc:436
[  454718ms] [WARNING] WebGL: INVALID_OPERATION: uniform2f: location is not from the associated program @ about:srcdoc:437
[  454720ms] [WARNING] WebGL: INVALID_OPERATION: uniform1f: location is not from the associated program @ about:srcdoc:436
[  454720ms] [WARNING] WebGL: INVALID_OPERATION: uniform2f: location is not from the associated program @ about:srcdoc:437
[  454724ms] [WARNING] WebGL: INVALID_OPERATION: uniform1f: location is not from the associated program @ about:srcdoc:436
[  454724ms] [WARNING] WebGL: INVALID_OPERATION: uniform2f: location is not from the associated program @ about:srcdoc:437
[  454728ms] [WARNING] WebGL: INVALID_OPERATION: uniform1f: location is not from the associated program @ about:srcdoc:436
[  454728ms] [WARNING] WebGL: INVALID_OPERATION: uniform2f: location is not from the associated program @ about:srcdoc:437
[  454782ms] [WARNING] WebGL: INVALID_OPERATION: uniform1f: location is not from the associated program @ about:srcdoc:436
[  454783ms] [WARNING] WebGL: INVALID_OPERATION: uniform2f: location is not from the associated program @ about:srcdoc:437
[  454797ms] [WARNING] WebGL: INVALID_OPERATION: uniform1f: location is not from the associated program @ about:srcdoc:436
[  454797ms] [WARNING] WebGL: INVALID_OPERATION: uniform2f: location is not from the associated program @ about:srcdoc:437
[  454812ms] [WARNING] WebGL: INVALID_OPERATION: uniform1f: location is not from the associated program @ about:srcdoc:436
[  454812ms] [WARNING] WebGL: INVALID_OPERATION: uniform2f: location is not from the associated program @ about:srcdoc:437
[  454818ms] [WARNING] WebGL: INVALID_OPERATION: uniform1f: location is not from the associated program @ about:srcdoc:436
[  454818ms] [WARNING] WebGL: INVALID_OPERATION: uniform2f: location is not from the associated program @ about:srcdoc:437
[  454824ms] [WARNING] WebGL: INVALID_OPERATION: uniform1f: location is not from the associated program @ about:srcdoc:436
[  454825ms] [WARNING] WebGL: INVALID_OPERATION: uniform2f: location is not from the associated program @ about:srcdoc:437
[  454830ms] [WARNING] WebGL: INVALID_OPERATION: uniform1f: location is not from the associated program @ about:srcdoc:436
[  454830ms] [WARNING] WebGL: INVALID_OPERATION: uniform2f: location is not from the associated program @ about:srcdoc:437
[  454833ms] [WARNING] WebGL: INVALID_OPERATION: uniform1f: location is not from the associated program @ about:srcdoc:436
[  454833ms] [WARNING] WebGL: INVALID_OPERATION: uniform2f: location is not from the associated program @ about:srcdoc:437
[  454835ms] [WARNING] WebGL: INVALID_OPERATION: uniform1f: location is not from the associated program @ about:srcdoc:436
[  454836ms] [WARNING] WebGL: INVALID_OPERATION: uniform2f: location is not from the associated program @ about:srcdoc:437
[  454864ms] [WARNING] WebGL: INVALID_OPERATION: uniform1f: location is not from the associated program @ about:srcdoc:436
[  454864ms] [WARNING] WebGL: INVALID_OPERATION: uniform2f: location is not from the associated program @ about:srcdoc:437
[  454871ms] [WARNING] WebGL: INVALID_OPERATION: uniform1f: location is not from the associated program @ about:srcdoc:436
[  454872ms] [WARNING] WebGL: INVALID_OPERATION: uniform2f: location is not from the associated program @ about:srcdoc:437
[  454877ms] [WARNING] WebGL: INVALID_OPERATION: uniform1f: location is not from the associated program @ about:srcdoc:436
[  454877ms] [WARNING] WebGL: INVALID_OPERATION: uniform2f: location is not from the associated program @ about:srcdoc:437
[  454880ms] [WARNING] WebGL: INVALID_OPERATION: uniform1f: location is not from the associated program @ about:srcdoc:436
[  454880ms] [WARNING] WebGL: INVALID_OPERATION: uniform2f: location is not from the associated program @ about:srcdoc:437
[  454884ms] [WARNING] WebGL: INVALID_OPERATION: uniform1f: location is not from the associated program @ about:srcdoc:436
[  454884ms] [WARNING] WebGL: INVALID_OPERATION: uniform2f: location is not from the associated program @ about:srcdoc:437
[  454887ms] [WARNING] WebGL: INVALID_OPERATION: uniform1f: location is not from the associated program @ about:srcdoc:436
[  454887ms] [WARNING] WebGL: INVALID_OPERATION: uniform2f: location is not from the associated program @ about:srcdoc:437
[  454892ms] [WARNING] WebGL: INVALID_OPERATION: uniform1f: location is not from the associated program @ about:srcdoc:436
[  454892ms] [WARNING] WebGL: INVALID_OPERATION: uniform2f: location is not from the associated program @ about:srcdoc:437
[  454898ms] [WARNING] WebGL: INVALID_OPERATION: uniform1f: location is not from the associated program @ about:srcdoc:436
[  454898ms] [WARNING] WebGL: INVALID_OPERATION: uniform2f: location is not from the associated program @ about:srcdoc:437
[  454969ms] [WARNING] WebGL: INVALID_OPERATION: uniform1f: location is not from the associated program @ about:srcdoc:436
[  454969ms] [WARNING] WebGL: INVALID_OPERATION: uniform2f: location is not from the associated program @ about:srcdoc:437
[  454980ms] [WARNING] WebGL: INVALID_OPERATION: uniform1f: location is not from the associated program @ about:srcdoc:436
[  454980ms] [WARNING] WebGL: INVALID_OPERATION: uniform2f: location is not from the associated program @ about:srcdoc:437
[  454990ms] [WARNING] WebGL: INVALID_OPERATION: uniform1f: location is not from the associated program @ about:srcdoc:436
[  454990ms] [WARNING] WebGL: INVALID_OPERATION: uniform2f: location is not from the associated program @ about:srcdoc:437
[  454993ms] [WARNING] WebGL: INVALID_OPERATION: uniform1f: location is not from the associated program @ about:srcdoc:436
[  454993ms] [WARNING] WebGL: INVALID_OPERATION: uniform2f: location is not from the associated program @ about:srcdoc:437
[  454997ms] [WARNING] WebGL: INVALID_OPERATION: uniform1f: location is not from the associated program @ about:srcdoc:436
[  454997ms] [WARNING] WebGL: INVALID_OPERATION: uniform2f: location is not from the associated program @ about:srcdoc:437
[  455000ms] [WARNING] WebGL: INVALID_OPERATION: uniform1f: location is not from the associated program @ about:srcdoc:436
[  455000ms] [WARNING] WebGL: INVALID_OPERATION: uniform2f: location is not from the associated program @ about:srcdoc:437
[  455004ms] [WARNING] WebGL: INVALID_OPERATION: uniform1f: location is not from the associated program @ about:srcdoc:436
[  455005ms] [WARNING] WebGL: INVALID_OPERATION: uniform2f: location is not from the associated program @ about:srcdoc:437
[  455013ms] [WARNING] WebGL: INVALID_OPERATION: uniform1f: location is not from the associated program @ about:srcdoc:436
[  455013ms] [WARNING] WebGL: INVALID_OPERATION: uniform2f: location is not from the associated program @ about:srcdoc:437
[  455027ms] [WARNING] WebGL: INVALID_OPERATION: uniform1f: location is not from the associated program @ about:srcdoc:436
[  455027ms] [WARNING] WebGL: INVALID_OPERATION: uniform2f: location is not from the associated program @ about:srcdoc:437
[  455031ms] [WARNING] WebGL: INVALID_OPERATION: uniform1f: location is not from the associated program @ about:srcdoc:436
[  455031ms] [WARNING] WebGL: INVALID_OPERATION: uniform2f: location is not from the associated program @ about:srcdoc:437
[  455036ms] [WARNING] WebGL: INVALID_OPERATION: uniform1f: location is not from the associated program @ about:srcdoc:436
[  455036ms] [WARNING] WebGL: INVALID_OPERATION: uniform2f: location is not from the associated program @ about:srcdoc:437
[  455049ms] [WARNING] WebGL: INVALID_OPERATION: uniform1f: location is not from the associated program @ about:srcdoc:436
[  455050ms] [WARNING] WebGL: INVALID_OPERATION: uniform2f: location is not from the associated program @ about:srcdoc:437
[  455058ms] [WARNING] WebGL: INVALID_OPERATION: uniform1f: location is not from the associated program @ about:srcdoc:436
[  455059ms] [WARNING] WebGL: INVALID_OPERATION: uniform2f: location is not from the associated program @ about:srcdoc:437
[  455066ms] [WARNING] WebGL: INVALID_OPERATION: uniform1f: location is not from the associated program @ about:srcdoc:436
[  455067ms] [WARNING] WebGL: INVALID_OPERATION: uniform2f: location is not from the associated program @ about:srcdoc:437
[  455074ms] [WARNING] WebGL: INVALID_OPERATION: uniform1f: location is not from the associated program @ about:srcdoc:436
[  455075ms] [WARNING] WebGL: INVALID_OPERATION: uniform2f: location is not from the associated program @ about:srcdoc:437
[  455084ms] [WARNING] WebGL: INVALID_OPERATION: uniform1f: location is not from the associated program @ about:srcdoc:436
[  455084ms] [WARNING] WebGL: INVALID_OPERATION: uniform2f: location is not from the associated program @ about:srcdoc:437
[  455117ms] [WARNING] WebGL: INVALID_OPERATION: uniform1f: location is not from the associated program @ about:srcdoc:436
[  455117ms] [WARNING] WebGL: INVALID_OPERATION: uniform2f: location is not from the associated program @ about:srcdoc:437
[  455127ms] [WARNING] WebGL: INVALID_OPERATION: uniform1f: location is not from the associated program @ about:srcdoc:436
[  455127ms] [WARNING] WebGL: INVALID_OPERATION: uniform2f: location is not from the associated program @ about:srcdoc:437
[  455130ms] [WARNING] WebGL: INVALID_OPERATION: uniform1f: location is not from the associated program @ about:srcdoc:436
[  455131ms] [WARNING] WebGL: INVALID_OPERATION: uniform2f: location is not from the associated program @ about:srcdoc:437
[  455136ms] [WARNING] WebGL: INVALID_OPERATION: uniform1f: location is not from the associated program @ about:srcdoc:436
[  455137ms] [WARNING] WebGL: INVALID_OPERATION: uniform2f: location is not from the associated program @ about:srcdoc:437
[  455155ms] [WARNING] WebGL: INVALID_OPERATION: uniform1f: location is not from the associated program @ about:srcdoc:436
[  455156ms] [WARNING] WebGL: INVALID_OPERATION: uniform2f: location is not from the associated program @ about:srcdoc:437
[  455163ms] [WARNING] WebGL: INVALID_OPERATION: uniform1f: location is not from the associated program @ about:srcdoc:436
[  455163ms] [WARNING] WebGL: INVALID_OPERATION: uniform2f: location is not from the associated program @ about:srcdoc:437
[  455167ms] [WARNING] WebGL: INVALID_OPERATION: uniform1f: location is not from the associated program @ about:srcdoc:436
[  455167ms] [WARNING] WebGL: INVALID_OPERATION: uniform2f: location is not from the associated program @ about:srcdoc:437
[  455173ms] [WARNING] WebGL: INVALID_OPERATION: uniform1f: location is not from the associated program @ about:srcdoc:436
[  455173ms] [WARNING] WebGL: INVALID_OPERATION: uniform2f: location is not from the associated program @ about:srcdoc:437
[  455192ms] [WARNING] WebGL: INVALID_OPERATION: uniform1f: location is not from the associated program @ about:srcdoc:436
[  455192ms] [WARNING] WebGL: INVALID_OPERATION: uniform2f: location is not from the associated program @ about:srcdoc:437
[  455195ms] [WARNING] WebGL: INVALID_OPERATION: uniform1f: location is not from the associated program @ about:srcdoc:436
[  455195ms] [WARNING] WebGL: INVALID_OPERATION: uniform2f: location is not from the associated program @ about:srcdoc:437
[  455197ms] [WARNING] WebGL: INVALID_OPERATION: uniform1f: location is not from the associated program @ about:srcdoc:436
[  455197ms] [WARNING] WebGL: INVALID_OPERATION: uniform2f: location is not from the associated program @ about:srcdoc:437
[  455199ms] [WARNING] WebGL: INVALID_OPERATION: uniform1f: location is not from the associated program @ about:srcdoc:436
[  455200ms] [WARNING] WebGL: INVALID_OPERATION: uniform2f: location is not from the associated program @ about:srcdoc:437
[  455204ms] [WARNING] WebGL: INVALID_OPERATION: uniform1f: location is not from the associated program @ about:srcdoc:436
[  455204ms] [WARNING] WebGL: INVALID_OPERATION: uniform2f: location is not from the associated program @ about:srcdoc:437
[  455216ms] [WARNING] WebGL: INVALID_OPERATION: uniform1f: location is not from the associated program @ about:srcdoc:436
[  455216ms] [WARNING] WebGL: INVALID_OPERATION: uniform2f: location is not from the associated program @ about:srcdoc:437
[  455224ms] [WARNING] WebGL: INVALID_OPERATION: uniform1f: location is not from the associated program @ about:srcdoc:436
[  455225ms] [WARNING] WebGL: INVALID_OPERATION: uniform2f: location is not from the associated program @ about:srcdoc:437
[  455230ms] [WARNING] WebGL: INVALID_OPERATION: uniform1f: location is not from the associated program @ about:srcdoc:436
[  455231ms] [WARNING] WebGL: INVALID_OPERATION: uniform2f: location is not from the associated program @ about:srcdoc:437
[  455251ms] [WARNING] WebGL: INVALID_OPERATION: uniform1f: location is not from the associated program @ about:srcdoc:436
[  455251ms] [WARNING] WebGL: INVALID_OPERATION: uniform2f: location is not from the associated program @ about:srcdoc:437
[  455262ms] [WARNING] WebGL: INVALID_OPERATION: uniform1f: location is not from the associated program @ about:srcdoc:436
[  455262ms] [WARNING] WebGL: INVALID_OPERATION: uniform2f: location is not from the associated program @ about:srcdoc:437
[  455276ms] [WARNING] WebGL: INVALID_OPERATION: uniform1f: location is not from the associated program @ about:srcdoc:436
[  455276ms] [WARNING] WebGL: INVALID_OPERATION: uniform2f: location is not from the associated program @ about:srcdoc:437
[  455279ms] [WARNING] WebGL: INVALID_OPERATION: uniform1f: location is not from the associated program @ about:srcdoc:436
[  455279ms] [WARNING] WebGL: INVALID_OPERATION: uniform2f: location is not from the associated program @ about:srcdoc:437
[  455279ms] [WARNING] WebGL: too many errors, no more errors will be reported to the console for this context. @ about:srcdoc:437
[  451564ms] [WARNING] WebGL: INVALID_OPERATION: uniform1f: location is not from the associated program @ about:srcdoc:436
[  451564ms] [WARNING] WebGL: INVALID_OPERATION: uniform2f: location is not from the associated program @ about:srcdoc:437
[  451565ms] [WARNING] WebGL: INVALID_OPERATION: uniform1f: location is not from the associated program @ about:srcdoc:436
[  451565ms] [WARNING] WebGL: INVALID_OPERATION: uniform2f: location is not from the associated program @ about:srcdoc:437
[  451565ms] [WARNING] WebGL: INVALID_OPERATION: uniform1f: location is not from the associated program @ about:srcdoc:436
[  451565ms] [WARNING] WebGL: INVALID_OPERATION: uniform2f: location is not from the associated program @ about:srcdoc:437
[  451566ms] [WARNING] WebGL: INVALID_OPERATION: uniform1f: location is not from the associated program @ about:srcdoc:436
[  451566ms] [WARNING] WebGL: INVALID_OPERATION: uniform2f: location is not from the associated program @ about:srcdoc:437
[  451738ms] [WARNING] WebGL: INVALID_OPERATION: uniform1f: location is not from the associated program @ about:srcdoc:436
[  451738ms] [WARNING] WebGL: INVALID_OPERATION: uniform2f: location is not from the associated program @ about:srcdoc:437
[  451824ms] [WARNING] WebGL: INVALID_OPERATION: uniform1f: location is not from the associated program @ about:srcdoc:436
[  451824ms] [WARNING] WebGL: INVALID_OPERATION: uniform2f: location is not from the associated program @ about:srcdoc:437
[  451829ms] [WARNING] WebGL: INVALID_OPERATION: uniform1f: location is not from the associated program @ about:srcdoc:436
[  451829ms] [WARNING] WebGL: INVALID_OPERATION: uniform2f: location is not from the associated program @ about:srcdoc:437
[  452142ms] [WARNING] WebGL: INVALID_OPERATION: uniform1f: location is not from the associated program @ about:srcdoc:436
[  452143ms] [WARNING] WebGL: INVALID_OPERATION: uniform2f: location is not from the associated program @ about:srcdoc:437
[  452166ms] [WARNING] WebGL: INVALID_OPERATION: uniform1f: location is not from the associated program @ about:srcdoc:436
[  452166ms] [WARNING] WebGL: INVALID_OPERATION: uniform2f: location is not from the associated program @ about:srcdoc:437
[  452178ms] [WARNING] WebGL: INVALID_OPERATION: uniform1f: location is not from the associated program @ about:srcdoc:436
[  452178ms] [WARNING] WebGL: INVALID_OPERATION: uniform2f: location is not from the associated program @ about:srcdoc:437
[  452331ms] [WARNING] WebGL: INVALID_OPERATION: uniform1f: location is not from the associated program @ about:srcdoc:436
[  452331ms] [WARNING] WebGL: INVALID_OPERATION: uniform2f: location is not from the associated program @ about:srcdoc:437
[  452478ms] [WARNING] WebGL: INVALID_OPERATION: uniform1f: location is not from the associated program @ about:srcdoc:436
[  452478ms] [WARNING] WebGL: INVALID_OPERATION: uniform2f: location is not from the associated program @ about:srcdoc:437
[  452617ms] [WARNING] WebGL: INVALID_OPERATION: uniform1f: location is not from the associated program @ about:srcdoc:436
[  452617ms] [WARNING] WebGL: INVALID_OPERATION: uniform2f: location is not from the associated program @ about:srcdoc:437
[  452652ms] [WARNING] WebGL: INVALID_OPERATION: uniform1f: location is not from the associated program @ about:srcdoc:436
[  452653ms] [WARNING] WebGL: INVALID_OPERATION: uniform2f: location is not from the associated program @ about:srcdoc:437
[  452694ms] [WARNING] WebGL: INVALID_OPERATION: uniform1f: location is not from the associated program @ about:srcdoc:436
[  452694ms] [WARNING] WebGL: INVALID_OPERATION: uniform2f: location is not from the associated program @ about:srcdoc:437
[  452893ms] [WARNING] WebGL: INVALID_OPERATION: uniform1f: location is not from the associated program @ about:srcdoc:436
[  452893ms] [WARNING] WebGL: INVALID_OPERATION: uniform2f: location is not from the associated program @ about:srcdoc:437
[  452925ms] [WARNING] WebGL: INVALID_OPERATION: uniform1f: location is not from the associated program @ about:srcdoc:436
[  452925ms] [WARNING] WebGL: INVALID_OPERATION: uniform2f: location is not from the associated program @ about:srcdoc:437
[  453001ms] [WARNING] WebGL: INVALID_OPERATION: uniform1f: location is not from the associated program @ about:srcdoc:436
[  453001ms] [WARNING] WebGL: INVALID_OPERATION: uniform2f: location is not from the associated program @ about:srcdoc:437
[  453143ms] [WARNING] WebGL: INVALID_OPERATION: uniform1f: location is not from the associated program @ about:srcdoc:436
[  453143ms] [WARNING] WebGL: INVALID_OPERATION: uniform2f: location is not from the associated program @ about:srcdoc:437
[  453162ms] [WARNING] WebGL: INVALID_OPERATION: uniform1f: location is not from the associated program @ about:srcdoc:436
[  453162ms] [WARNING] WebGL: INVALID_OPERATION: uniform2f: location is not from the associated program @ about:srcdoc:437
[  453166ms] [WARNING] WebGL: INVALID_OPERATION: uniform1f: location is not from the associated program @ about:srcdoc:436
[  453166ms] [WARNING] WebGL: INVALID_OPERATION: uniform2f: location is not from the associated program @ about:srcdoc:437
[  453281ms] [WARNING] WebGL: INVALID_OPERATION: uniform1f: location is not from the associated program @ about:srcdoc:436
[  453281ms] [WARNING] WebGL: INVALID_OPERATION: uniform2f: location is not from the associated program @ about:srcdoc:437
[  453593ms] [WARNING] WebGL: INVALID_OPERATION: uniform1f: location is not from the associated program @ about:srcdoc:436
[  453593ms] [WARNING] WebGL: INVALID_OPERATION: uniform2f: location is not from the associated program @ about:srcdoc:437
[  453632ms] [WARNING] WebGL: INVALID_OPERATION: uniform1f: location is not from the associated program @ about:srcdoc:436
[  453632ms] [WARNING] WebGL: INVALID_OPERATION: uniform2f: location is not from the associated program @ about:srcdoc:437
[  453707ms] [WARNING] WebGL: INVALID_OPERATION: uniform1f: location is not from the associated program @ about:srcdoc:436
[  453707ms] [WARNING] WebGL: INVALID_OPERATION: uniform2f: location is not from the associated program @ about:srcdoc:437
[  453712ms] [WARNING] WebGL: INVALID_OPERATION: uniform1f: location is not from the associated program @ about:srcdoc:436
[  453712ms] [WARNING] WebGL: INVALID_OPERATION: uniform2f: location is not from the associated program @ about:srcdoc:437
[  453795ms] [WARNING] WebGL: INVALID_OPERATION: uniform1f: location is not from the associated program @ about:srcdoc:436
[  453795ms] [WARNING] WebGL: INVALID_OPERATION: uniform2f: location is not from the associated program @ about:srcdoc:437
[  453812ms] [WARNING] WebGL: INVALID_OPERATION: uniform1f: location is not from the associated program @ about:srcdoc:436
[  453812ms] [WARNING] WebGL: INVALID_OPERATION: uniform2f: location is not from the associated program @ about:srcdoc:437
[  453817ms] [WARNING] WebGL: INVALID_OPERATION: uniform1f: location is not from the associated program @ about:srcdoc:436
[  453817ms] [WARNING] WebGL: INVALID_OPERATION: uniform2f: location is not from the associated program @ about:srcdoc:437
[  453836ms] [WARNING] WebGL: INVALID_OPERATION: uniform1f: location is not from the associated program @ about:srcdoc:436
[  453836ms] [WARNING] WebGL: INVALID_OPERATION: uniform2f: location is not from the associated program @ about:srcdoc:437
[  453927ms] [WARNING] WebGL: INVALID_OPERATION: uniform1f: location is not from the associated program @ about:srcdoc:436
[  453927ms] [WARNING] WebGL: INVALID_OPERATION: uniform2f: location is not from the associated program @ about:srcdoc:437
[  453980ms] [WARNING] WebGL: INVALID_OPERATION: uniform1f: location is not from the associated program @ about:srcdoc:436
[  453980ms] [WARNING] WebGL: INVALID_OPERATION: uniform2f: location is not from the associated program @ about:srcdoc:437
[  454030ms] [WARNING] WebGL: INVALID_OPERATION: uniform1f: location is not from the associated program @ about:srcdoc:436
[  454030ms] [WARNING] WebGL: INVALID_OPERATION: uniform2f: location is not from the associated program @ about:srcdoc:437
[  454035ms] [WARNING] WebGL: INVALID_OPERATION: uniform1f: location is not from the associated program @ about:srcdoc:436
[  454035ms] [WARNING] WebGL: INVALID_OPERATION: uniform2f: location is not from the associated program @ about:srcdoc:437
[  454118ms] [WARNING] WebGL: INVALID_OPERATION: uniform1f: location is not from the associated program @ about:srcdoc:436
[  454118ms] [WARNING] WebGL: INVALID_OPERATION: uniform2f: location is not from the associated program @ about:srcdoc:437
[  454126ms] [WARNING] WebGL: INVALID_OPERATION: uniform1f: location is not from the associated program @ about:srcdoc:436
[  454126ms] [WARNING] WebGL: INVALID_OPERATION: uniform2f: location is not from the associated program @ about:srcdoc:437
[  454144ms] [WARNING] WebGL: INVALID_OPERATION: uniform1f: location is not from the associated program @ about:srcdoc:436
[  454145ms] [WARNING] WebGL: INVALID_OPERATION: uniform2f: location is not from the associated program @ about:srcdoc:437
[  454169ms] [WARNING] WebGL: INVALID_OPERATION: uniform1f: location is not from the associated program @ about:srcdoc:436
[  454169ms] [WARNING] WebGL: INVALID_OPERATION: uniform2f: location is not from the associated program @ about:srcdoc:437
[  454245ms] [WARNING] WebGL: INVALID_OPERATION: uniform1f: location is not from the associated program @ about:srcdoc:436
[  454245ms] [WARNING] WebGL: INVALID_OPERATION: uniform2f: location is not from the associated program @ about:srcdoc:437
[  454250ms] [WARNING] WebGL: INVALID_OPERATION: uniform1f: location is not from the associated program @ about:srcdoc:436
[  454250ms] [WARNING] WebGL: INVALID_OPERATION: uniform2f: location is not from the associated program @ about:srcdoc:437
[  454254ms] [WARNING] WebGL: INVALID_OPERATION: uniform1f: location is not from the associated program @ about:srcdoc:436
[  454254ms] [WARNING] WebGL: INVALID_OPERATION: uniform2f: location is not from the associated program @ about:srcdoc:437
[  454259ms] [WARNING] WebGL: INVALID_OPERATION: uniform1f: location is not from the associated program @ about:srcdoc:436
[  454259ms] [WARNING] WebGL: INVALID_OPERATION: uniform2f: location is not from the associated program @ about:srcdoc:437
[  454309ms] [WARNING] WebGL: INVALID_OPERATION: uniform1f: location is not from the associated program @ about:srcdoc:436
[  454309ms] [WARNING] WebGL: INVALID_OPERATION: uniform2f: location is not from the associated program @ about:srcdoc:437
[  454316ms] [WARNING] WebGL: INVALID_OPERATION: uniform1f: location is not from the associated program @ about:srcdoc:436
[  454316ms] [WARNING] WebGL: INVALID_OPERATION: uniform2f: location is not from the associated program @ about:srcdoc:437
[  454352ms] [WARNING] WebGL: INVALID_OPERATION: uniform1f: location is not from the associated program @ about:srcdoc:436
[  454353ms] [WARNING] WebGL: INVALID_OPERATION: uniform2f: location is not from the associated program @ about:srcdoc:437
[  454422ms] [WARNING] WebGL: INVALID_OPERATION: uniform1f: location is not from the associated program @ about:srcdoc:436
[  454422ms] [WARNING] WebGL: INVALID_OPERATION: uniform2f: location is not from the associated program @ about:srcdoc:437
[  454426ms] [WARNING] WebGL: INVALID_OPERATION: uniform1f: location is not from the associated program @ about:srcdoc:436
[  454426ms] [WARNING] WebGL: INVALID_OPERATION: uniform2f: location is not from the associated program @ about:srcdoc:437
[  454432ms] [WARNING] WebGL: INVALID_OPERATION: uniform1f: location is not from the associated program @ about:srcdoc:436
[  454432ms] [WARNING] WebGL: INVALID_OPERATION: uniform2f: location is not from the associated program @ about:srcdoc:437
[  454456ms] [WARNING] WebGL: INVALID_OPERATION: uniform1f: location is not from the associated program @ about:srcdoc:436
[  454456ms] [WARNING] WebGL: INVALID_OPERATION: uniform2f: location is not from the associated program @ about:srcdoc:437
[  454463ms] [WARNING] WebGL: INVALID_OPERATION: uniform1f: location is not from the associated program @ about:srcdoc:436
[  454463ms] [WARNING] WebGL: INVALID_OPERATION: uniform2f: location is not from the associated program @ about:srcdoc:437
[  454480ms] [WARNING] WebGL: INVALID_OPERATION: uniform1f: location is not from the associated program @ about:srcdoc:436
[  454480ms] [WARNING] WebGL: INVALID_OPERATION: uniform2f: location is not from the associated program @ about:srcdoc:437
[  454490ms] [WARNING] WebGL: INVALID_OPERATION: uniform1f: location is not from the associated program @ about:srcdoc:436
[  454490ms] [WARNING] WebGL: INVALID_OPERATION: uniform2f: location is not from the associated program @ about:srcdoc:437
[  454497ms] [WARNING] WebGL: INVALID_OPERATION: uniform1f: location is not from the associated program @ about:srcdoc:436
[  454498ms] [WARNING] WebGL: INVALID_OPERATION: uniform2f: location is not from the associated program @ about:srcdoc:437
[  454509ms] [WARNING] WebGL: INVALID_OPERATION: uniform1f: location is not from the associated program @ about:srcdoc:436
[  454509ms] [WARNING] WebGL: INVALID_OPERATION: uniform2f: location is not from the associated program @ about:srcdoc:437
[  454514ms] [WARNING] WebGL: INVALID_OPERATION: uniform1f: location is not from the associated program @ about:srcdoc:436
[  454515ms] [WARNING] WebGL: INVALID_OPERATION: uniform2f: location is not from the associated program @ about:srcdoc:437
[  454518ms] [WARNING] WebGL: INVALID_OPERATION: uniform1f: location is not from the associated program @ about:srcdoc:436
[  454518ms] [WARNING] WebGL: INVALID_OPERATION: uniform2f: location is not from the associated program @ about:srcdoc:437
[  454521ms] [WARNING] WebGL: INVALID_OPERATION: uniform1f: location is not from the associated program @ about:srcdoc:436
[  454522ms] [WARNING] WebGL: INVALID_OPERATION: uniform2f: location is not from the associated program @ about:srcdoc:437
[  454529ms] [WARNING] WebGL: INVALID_OPERATION: uniform1f: location is not from the associated program @ about:srcdoc:436
[  454530ms] [WARNING] WebGL: INVALID_OPERATION: uniform2f: location is not from the associated program @ about:srcdoc:437
[  454536ms] [WARNING] WebGL: INVALID_OPERATION: uniform1f: location is not from the associated program @ about:srcdoc:436
[  454536ms] [WARNING] WebGL: INVALID_OPERATION: uniform2f: location is not from the associated program @ about:srcdoc:437
[  454543ms] [WARNING] WebGL: INVALID_OPERATION: uniform1f: location is not from the associated program @ about:srcdoc:436
[  454543ms] [WARNING] WebGL: INVALID_OPERATION: uniform2f: location is not from the associated program @ about:srcdoc:437
[  454548ms] [WARNING] WebGL: INVALID_OPERATION: uniform1f: location is not from the associated program @ about:srcdoc:436
[  454548ms] [WARNING] WebGL: INVALID_OPERATION: uniform2f: location is not from the associated program @ about:srcdoc:437
[  454552ms] [WARNING] WebGL: INVALID_OPERATION: uniform1f: location is not from the associated program @ about:srcdoc:436
[  454553ms] [WARNING] WebGL: INVALID_OPERATION: uniform2f: location is not from the associated program @ about:srcdoc:437
[  454555ms] [WARNING] WebGL: INVALID_OPERATION: uniform1f: location is not from the associated program @ about:srcdoc:436
[  454556ms] [WARNING] WebGL: INVALID_OPERATION: uniform2f: location is not from the associated program @ about:srcdoc:437
[  454558ms] [WARNING] WebGL: INVALID_OPERATION: uniform1f: location is not from the associated program @ about:srcdoc:436
[  454558ms] [WARNING] WebGL: INVALID_OPERATION: uniform2f: location is not from the associated program @ about:srcdoc:437
[  454604ms] [WARNING] WebGL: INVALID_OPERATION: uniform1f: location is not from the associated program @ about:srcdoc:436
[  454604ms] [WARNING] WebGL: INVALID_OPERATION: uniform2f: location is not from the associated program @ about:srcdoc:437
[  454613ms] [WARNING] WebGL: INVALID_OPERATION: uniform1f: location is not from the associated program @ about:srcdoc:436
[  454614ms] [WARNING] WebGL: INVALID_OPERATION: uniform2f: location is not from the associated program @ about:srcdoc:437
[  454623ms] [WARNING] WebGL: INVALID_OPERATION: uniform1f: location is not from the associated program @ about:srcdoc:436
[  454623ms] [WARNING] WebGL: INVALID_OPERATION: uniform2f: location is not from the associated program @ about:srcdoc:437
[  454629ms] [WARNING] WebGL: INVALID_OPERATION: uniform1f: location is not from the associated program @ about:srcdoc:436
[  454629ms] [WARNING] WebGL: INVALID_OPERATION: uniform2f: location is not from the associated program @ about:srcdoc:437
[  454633ms] [WARNING] WebGL: INVALID_OPERATION: uniform1f: location is not from the associated program @ about:srcdoc:436
[  454633ms] [WARNING] WebGL: INVALID_OPERATION: uniform2f: location is not from the associated program @ about:srcdoc:437
[  454640ms] [WARNING] WebGL: INVALID_OPERATION: uniform1f: location is not from the associated program @ about:srcdoc:436
[  454640ms] [WARNING] WebGL: INVALID_OPERATION: uniform2f: location is not from the associated program @ about:srcdoc:437
[  454706ms] [WARNING] WebGL: INVALID_OPERATION: uniform1f: location is not from the associated program @ about:srcdoc:436
[  454706ms] [WARNING] WebGL: INVALID_OPERATION: uniform2f: location is not from the associated program @ about:srcdoc:437
[  454715ms] [WARNING] WebGL: INVALID_OPERATION: uniform1f: location is not from the associated program @ about:srcdoc:436
[  454715ms] [WARNING] WebGL: INVALID_OPERATION: uniform2f: location is not from the associated program @ about:srcdoc:437
[  454718ms] [WARNING] WebGL: INVALID_OPERATION: uniform1f: location is not from the associated program @ about:srcdoc:436
[  454718ms] [WARNING] WebGL: INVALID_OPERATION: uniform2f: location is not from the associated program @ about:srcdoc:437
[  454720ms] [WARNING] WebGL: INVALID_OPERATION: uniform1f: location is not from the associated program @ about:srcdoc:436
[  454720ms] [WARNING] WebGL: INVALID_OPERATION: uniform2f: location is not from the associated program @ about:srcdoc:437
[  454724ms] [WARNING] WebGL: INVALID_OPERATION: uniform1f: location is not from the associated program @ about:srcdoc:436
[  454724ms] [WARNING] WebGL: INVALID_OPERATION: uniform2f: location is not from the associated program @ about:srcdoc:437
[  454728ms] [WARNING] WebGL: INVALID_OPERATION: uniform1f: location is not from the associated program @ about:srcdoc:436
[  454728ms] [WARNING] WebGL: INVALID_OPERATION: uniform2f: location is not from the associated program @ about:srcdoc:437
[  454782ms] [WARNING] WebGL: INVALID_OPERATION: uniform1f: location is not from the associated program @ about:srcdoc:436
[  454783ms] [WARNING] WebGL: INVALID_OPERATION: uniform2f: location is not from the associated program @ about:srcdoc:437
[  454797ms] [WARNING] WebGL: INVALID_OPERATION: uniform1f: location is not from the associated program @ about:srcdoc:436
[  454797ms] [WARNING] WebGL: INVALID_OPERATION: uniform2f: location is not from the associated program @ about:srcdoc:437
[  454812ms] [WARNING] WebGL: INVALID_OPERATION: uniform1f: location is not from the associated program @ about:srcdoc:436
[  454812ms] [WARNING] WebGL: INVALID_OPERATION: uniform2f: location is not from the associated program @ about:srcdoc:437
[  454818ms] [WARNING] WebGL: INVALID_OPERATION: uniform1f: location is not from the associated program @ about:srcdoc:436
[  454818ms] [WARNING] WebGL: INVALID_OPERATION: uniform2f: location is not from the associated program @ about:srcdoc:437
[  454824ms] [WARNING] WebGL: INVALID_OPERATION: uniform1f: location is not from the associated program @ about:srcdoc:436
[  454825ms] [WARNING] WebGL: INVALID_OPERATION: uniform2f: location is not from the associated program @ about:srcdoc:437
[  454830ms] [WARNING] WebGL: INVALID_OPERATION: uniform1f: location is not from the associated program @ about:srcdoc:436
[  454830ms] [WARNING] WebGL: INVALID_OPERATION: uniform2f: location is not from the associated program @ about:srcdoc:437
[  454833ms] [WARNING] WebGL: INVALID_OPERATION: uniform1f: location is not from the associated program @ about:srcdoc:436
[  454833ms] [WARNING] WebGL: INVALID_OPERATION: uniform2f: location is not from the associated program @ about:srcdoc:437
[  454835ms] [WARNING] WebGL: INVALID_OPERATION: uniform1f: location is not from the associated program @ about:srcdoc:436
[  454836ms] [WARNING] WebGL: INVALID_OPERATION: uniform2f: location is not from the associated program @ about:srcdoc:437
[  454864ms] [WARNING] WebGL: INVALID_OPERATION: uniform1f: location is not from the associated program @ about:srcdoc:436
[  454864ms] [WARNING] WebGL: INVALID_OPERATION: uniform2f: location is not from the associated program @ about:srcdoc:437
[  454871ms] [WARNING] WebGL: INVALID_OPERATION: uniform1f: location is not from the associated program @ about:srcdoc:436
[  454872ms] [WARNING] WebGL: INVALID_OPERATION: uniform2f: location is not from the associated program @ about:srcdoc:437
[  454877ms] [WARNING] WebGL: INVALID_OPERATION: uniform1f: location is not from the associated program @ about:srcdoc:436
[  454877ms] [WARNING] WebGL: INVALID_OPERATION: uniform2f: location is not from the associated program @ about:srcdoc:437
[  454880ms] [WARNING] WebGL: INVALID_OPERATION: uniform1f: location is not from the associated program @ about:srcdoc:436
[  454880ms] [WARNING] WebGL: INVALID_OPERATION: uniform2f: location is not from the associated program @ about:srcdoc:437
[  454884ms] [WARNING] WebGL: INVALID_OPERATION: uniform1f: location is not from the associated program @ about:srcdoc:436
[  454884ms] [WARNING] WebGL: INVALID_OPERATION: uniform2f: location is not from the associated program @ about:srcdoc:437
[  454887ms] [WARNING] WebGL: INVALID_OPERATION: uniform1f: location is not from the associated program @ about:srcdoc:436
[  454887ms] [WARNING] WebGL: INVALID_OPERATION: uniform2f: location is not from the associated program @ about:srcdoc:437
[  454892ms] [WARNING] WebGL: INVALID_OPERATION: uniform1f: location is not from the associated program @ about:srcdoc:436
[  454892ms] [WARNING] WebGL: INVALID_OPERATION: uniform2f: location is not from the associated program @ about:srcdoc:437
[  454898ms] [WARNING] WebGL: INVALID_OPERATION: uniform1f: location is not from the associated program @ about:srcdoc:436
[  454898ms] [WARNING] WebGL: INVALID_OPERATION: uniform2f: location is not from the associated program @ about:srcdoc:437
[  454969ms] [WARNING] WebGL: INVALID_OPERATION: uniform1f: location is not from the associated program @ about:srcdoc:436
[  454969ms] [WARNING] WebGL: INVALID_OPERATION: uniform2f: location is not from the associated program @ about:srcdoc:437
[  454980ms] [WARNING] WebGL: INVALID_OPERATION: uniform1f: location is not from the associated program @ about:srcdoc:436
[  454980ms] [WARNING] WebGL: INVALID_OPERATION: uniform2f: location is not from the associated program @ about:srcdoc:437
[  454990ms] [WARNING] WebGL: INVALID_OPERATION: uniform1f: location is not from the associated program @ about:srcdoc:436
[  454990ms] [WARNING] WebGL: INVALID_OPERATION: uniform2f: location is not from the associated program @ about:srcdoc:437
[  454993ms] [WARNING] WebGL: INVALID_OPERATION: uniform1f: location is not from the associated program @ about:srcdoc:436
[  454993ms] [WARNING] WebGL: INVALID_OPERATION: uniform2f: location is not from the associated program @ about:srcdoc:437
[  454997ms] [WARNING] WebGL: INVALID_OPERATION: uniform1f: location is not from the associated program @ about:srcdoc:436
[  454997ms] [WARNING] WebGL: INVALID_OPERATION: uniform2f: location is not from the associated program @ about:srcdoc:437
[  455000ms] [WARNING] WebGL: INVALID_OPERATION: uniform1f: location is not from the associated program @ about:srcdoc:436
[  455000ms] [WARNING] WebGL: INVALID_OPERATION: uniform2f: location is not from the associated program @ about:srcdoc:437
[  455004ms] [WARNING] WebGL: INVALID_OPERATION: uniform1f: location is not from the associated program @ about:srcdoc:436
[  455005ms] [WARNING] WebGL: INVALID_OPERATION: uniform2f: location is not from the associated program @ about:srcdoc:437
[  455013ms] [WARNING] WebGL: INVALID_OPERATION: uniform1f: location is not from the associated program @ about:srcdoc:436
[  455013ms] [WARNING] WebGL: INVALID_OPERATION: uniform2f: location is not from the associated program @ about:srcdoc:437
[  455027ms] [WARNING] WebGL: INVALID_OPERATION: uniform1f: location is not from the associated program @ about:srcdoc:436
[  455027ms] [WARNING] WebGL: INVALID_OPERATION: uniform2f: location is not from the associated program @ about:srcdoc:437
[  455031ms] [WARNING] WebGL: INVALID_OPERATION: uniform1f: location is not from the associated program @ about:srcdoc:436
[  455031ms] [WARNING] WebGL: INVALID_OPERATION: uniform2f: location is not from the associated program @ about:srcdoc:437
[  455036ms] [WARNING] WebGL: INVALID_OPERATION: uniform1f: location is not from the associated program @ about:srcdoc:436
[  455036ms] [WARNING] WebGL: INVALID_OPERATION: uniform2f: location is not from the associated program @ about:srcdoc:437
[  455049ms] [WARNING] WebGL: INVALID_OPERATION: uniform1f: location is not from the associated program @ about:srcdoc:436
[  455050ms] [WARNING] WebGL: INVALID_OPERATION: uniform2f: location is not from the associated program @ about:srcdoc:437
[  455058ms] [WARNING] WebGL: INVALID_OPERATION: uniform1f: location is not from the associated program @ about:srcdoc:436
[  455059ms] [WARNING] WebGL: INVALID_OPERATION: uniform2f: location is not from the associated program @ about:srcdoc:437
[  455066ms] [WARNING] WebGL: INVALID_OPERATION: uniform1f: location is not from the associated program @ about:srcdoc:436
[  455067ms] [WARNING] WebGL: INVALID_OPERATION: uniform2f: location is not from the associated program @ about:srcdoc:437
[  455074ms] [WARNING] WebGL: INVALID_OPERATION: uniform1f: location is not from the associated program @ about:srcdoc:436
[  455075ms] [WARNING] WebGL: INVALID_OPERATION: uniform2f: location is not from the associated program @ about:srcdoc:437
[  455084ms] [WARNING] WebGL: INVALID_OPERATION: uniform1f: location is not from the associated program @ about:srcdoc:436
[  455084ms] [WARNING] WebGL: INVALID_OPERATION: uniform2f: location is not from the associated program @ about:srcdoc:437
[  455117ms] [WARNING] WebGL: INVALID_OPERATION: uniform1f: location is not from the associated program @ about:srcdoc:436
[  455117ms] [WARNING] WebGL: INVALID_OPERATION: uniform2f: location is not from the associated program @ about:srcdoc:437
[  455127ms] [WARNING] WebGL: INVALID_OPERATION: uniform1f: location is not from the associated program @ about:srcdoc:436
[  455127ms] [WARNING] WebGL: INVALID_OPERATION: uniform2f: location is not from the associated program @ about:srcdoc:437
[  455130ms] [WARNING] WebGL: INVALID_OPERATION: uniform1f: location is not from the associated program @ about:srcdoc:436
[  455131ms] [WARNING] WebGL: INVALID_OPERATION: uniform2f: location is not from the associated program @ about:srcdoc:437
[  455136ms] [WARNING] WebGL: INVALID_OPERATION: uniform1f: location is not from the associated program @ about:srcdoc:436
[  455137ms] [WARNING] WebGL: INVALID_OPERATION: uniform2f: location is not from the associated program @ about:srcdoc:437
[  455155ms] [WARNING] WebGL: INVALID_OPERATION: uniform1f: location is not from the associated program @ about:srcdoc:436
[  455156ms] [WARNING] WebGL: INVALID_OPERATION: uniform2f: location is not from the associated program @ about:srcdoc:437
[  455163ms] [WARNING] WebGL: INVALID_OPERATION: uniform1f: location is not from the associated program @ about:srcdoc:436
[  455163ms] [WARNING] WebGL: INVALID_OPERATION: uniform2f: location is not from the associated program @ about:srcdoc:437
[  455167ms] [WARNING] WebGL: INVALID_OPERATION: uniform1f: location is not from the associated program @ about:srcdoc:436
[  455167ms] [WARNING] WebGL: INVALID_OPERATION: uniform2f: location is not from the associated program @ about:srcdoc:437
[  455173ms] [WARNING] WebGL: INVALID_OPERATION: uniform1f: location is not from the associated program @ about:srcdoc:436
[  455173ms] [WARNING] WebGL: INVALID_OPERATION: uniform2f: location is not from the associated program @ about:srcdoc:437
[  455192ms] [WARNING] WebGL: INVALID_OPERATION: uniform1f: location is not from the associated program @ about:srcdoc:436
[  455192ms] [WARNING] WebGL: INVALID_OPERATION: uniform2f: location is not from the associated program @ about:srcdoc:437
[  455195ms] [WARNING] WebGL: INVALID_OPERATION: uniform1f: location is not from the associated program @ about:srcdoc:436
[  455195ms] [WARNING] WebGL: INVALID_OPERATION: uniform2f: location is not from the associated program @ about:srcdoc:437
[  455197ms] [WARNING] WebGL: INVALID_OPERATION: uniform1f: location is not from the associated program @ about:srcdoc:436
[  455197ms] [WARNING] WebGL: INVALID_OPERATION: uniform2f: location is not from the associated program @ about:srcdoc:437
[  455199ms] [WARNING] WebGL: INVALID_OPERATION: uniform1f: location is not from the associated program @ about:srcdoc:436
[  455200ms] [WARNING] WebGL: INVALID_OPERATION: uniform2f: location is not from the associated program @ about:srcdoc:437
[  455204ms] [WARNING] WebGL: INVALID_OPERATION: uniform1f: location is not from the associated program @ about:srcdoc:436
[  455204ms] [WARNING] WebGL: INVALID_OPERATION: uniform2f: location is not from the associated program @ about:srcdoc:437
[  455216ms] [WARNING] WebGL: INVALID_OPERATION: uniform1f: location is not from the associated program @ about:srcdoc:436
[  455216ms] [WARNING] WebGL: INVALID_OPERATION: uniform2f: location is not from the associated program @ about:srcdoc:437
[  455224ms] [WARNING] WebGL: INVALID_OPERATION: uniform1f: location is not from the associated program @ about:srcdoc:436
[  455225ms] [WARNING] WebGL: INVALID_OPERATION: uniform2f: location is not from the associated program @ about:srcdoc:437
[  455230ms] [WARNING] WebGL: INVALID_OPERATION: uniform1f: location is not from the associated program @ about:srcdoc:436
[  455231ms] [WARNING] WebGL: INVALID_OPERATION: uniform2f: location is not from the associated program @ about:srcdoc:437
[  455251ms] [WARNING] WebGL: INVALID_OPERATION: uniform1f: location is not from the associated program @ about:srcdoc:436
[  455251ms] [WARNING] WebGL: INVALID_OPERATION: uniform2f: location is not from the associated program @ about:srcdoc:437
[  455262ms] [WARNING] WebGL: INVALID_OPERATION: uniform1f: location is not from the associated program @ about:srcdoc:436
[  455262ms] [WARNING] WebGL: INVALID_OPERATION: uniform2f: location is not from the associated program @ about:srcdoc:437
[  455276ms] [WARNING] WebGL: INVALID_OPERATION: uniform1f: location is not from the associated program @ about:srcdoc:436
[  455276ms] [WARNING] WebGL: INVALID_OPERATION: uniform2f: location is not from the associated program @ about:srcdoc:437
[  455279ms] [WARNING] WebGL: INVALID_OPERATION: uniform1f: location is not from the associated program @ about:srcdoc:436
[  455279ms] [WARNING] WebGL: INVALID_OPERATION: uniform2f: location is not from the associated program @ about:srcdoc:437
[  455279ms] [WARNING] WebGL: too many errors, no more errors will be reported to the console for this context. @ about:srcdoc:437
[  451564ms] [WARNING] WebGL: INVALID_OPERATION: uniform1f: location is not from the associated program @ about:srcdoc:436
[  451564ms] [WARNING] WebGL: INVALID_OPERATION: uniform2f: location is not from the associated program @ about:srcdoc:437
[  451565ms] [WARNING] WebGL: INVALID_OPERATION: uniform1f: location is not from the associated program @ about:srcdoc:436
[  451565ms] [WARNING] WebGL: INVALID_OPERATION: uniform2f: location is not from the associated program @ about:srcdoc:437
[  451565ms] [WARNING] WebGL: INVALID_OPERATION: uniform1f: location is not from the associated program @ about:srcdoc:436
[  451565ms] [WARNING] WebGL: INVALID_OPERATION: uniform2f: location is not from the associated program @ about:srcdoc:437
[  451566ms] [WARNING] WebGL: INVALID_OPERATION: uniform1f: location is not from the associated program @ about:srcdoc:436
[  451566ms] [WARNING] WebGL: INVALID_OPERATION: uniform2f: location is not from the associated program @ about:srcdoc:437
[  451738ms] [WARNING] WebGL: INVALID_OPERATION: uniform1f: location is not from the associated program @ about:srcdoc:436
[  451738ms] [WARNING] WebGL: INVALID_OPERATION: uniform2f: location is not from the associated program @ about:srcdoc:437
[  451824ms] [WARNING] WebGL: INVALID_OPERATION: uniform1f: location is not from the associated program @ about:srcdoc:436
[  451824ms] [WARNING] WebGL: INVALID_OPERATION: uniform2f: location is not from the associated program @ about:srcdoc:437
[  451829ms] [WARNING] WebGL: INVALID_OPERATION: uniform1f: location is not from the associated program @ about:srcdoc:436
[  451829ms] [WARNING] WebGL: INVALID_OPERATION: uniform2f: location is not from the associated program @ about:srcdoc:437
[  452142ms] [WARNING] WebGL: INVALID_OPERATION: uniform1f: location is not from the associated program @ about:srcdoc:436
[  452143ms] [WARNING] WebGL: INVALID_OPERATION: uniform2f: location is not from the associated program @ about:srcdoc:437
[  452166ms] [WARNING] WebGL: INVALID_OPERATION: uniform1f: location is not from the associated program @ about:srcdoc:436
[  452166ms] [WARNING] WebGL: INVALID_OPERATION: uniform2f: location is not from the associated program @ about:srcdoc:437
[  452178ms] [WARNING] WebGL: INVALID_OPERATION: uniform1f: location is not from the associated program @ about:srcdoc:436
[  452178ms] [WARNING] WebGL: INVALID_OPERATION: uniform2f: location is not from the associated program @ about:srcdoc:437
[  452331ms] [WARNING] WebGL: INVALID_OPERATION: uniform1f: location is not from the associated program @ about:srcdoc:436
[  452331ms] [WARNING] WebGL: INVALID_OPERATION: uniform2f: location is not from the associated program @ about:srcdoc:437
[  452478ms] [WARNING] WebGL: INVALID_OPERATION: uniform1f: location is not from the associated program @ about:srcdoc:436
[  452478ms] [WARNING] WebGL: INVALID_OPERATION: uniform2f: location is not from the associated program @ about:srcdoc:437
[  452617ms] [WARNING] WebGL: INVALID_OPERATION: uniform1f: location is not from the associated program @ about:srcdoc:436
[  452617ms] [WARNING] WebGL: INVALID_OPERATION: uniform2f: location is not from the associated program @ about:srcdoc:437
[  452652ms] [WARNING] WebGL: INVALID_OPERATION: uniform1f: location is not from the associated program @ about:srcdoc:436
[  452653ms] [WARNING] WebGL: INVALID_OPERATION: uniform2f: location is not from the associated program @ about:srcdoc:437
[  452694ms] [WARNING] WebGL: INVALID_OPERATION: uniform1f: location is not from the associated program @ about:srcdoc:436
[  452694ms] [WARNING] WebGL: INVALID_OPERATION: uniform2f: location is not from the associated program @ about:srcdoc:437
[  452893ms] [WARNING] WebGL: INVALID_OPERATION: uniform1f: location is not from the associated program @ about:srcdoc:436
[  452893ms] [WARNING] WebGL: INVALID_OPERATION: uniform2f: location is not from the associated program @ about:srcdoc:437
[  452925ms] [WARNING] WebGL: INVALID_OPERATION: uniform1f: location is not from the associated program @ about:srcdoc:436
[  452925ms] [WARNING] WebGL: INVALID_OPERATION: uniform2f: location is not from the associated program @ about:srcdoc:437
[  453001ms] [WARNING] WebGL: INVALID_OPERATION: uniform1f: location is not from the associated program @ about:srcdoc:436
[  453001ms] [WARNING] WebGL: INVALID_OPERATION: uniform2f: location is not from the associated program @ about:srcdoc:437
[  453143ms] [WARNING] WebGL: INVALID_OPERATION: uniform1f: location is not from the associated program @ about:srcdoc:436
[  453143ms] [WARNING] WebGL: INVALID_OPERATION: uniform2f: location is not from the associated program @ about:srcdoc:437
[  453162ms] [WARNING] WebGL: INVALID_OPERATION: uniform1f: location is not from the associated program @ about:srcdoc:436
[  453162ms] [WARNING] WebGL: INVALID_OPERATION: uniform2f: location is not from the associated program @ about:srcdoc:437
[  453166ms] [WARNING] WebGL: INVALID_OPERATION: uniform1f: location is not from the associated program @ about:srcdoc:436
[  453166ms] [WARNING] WebGL: INVALID_OPERATION: uniform2f: location is not from the associated program @ about:srcdoc:437
[  453281ms] [WARNING] WebGL: INVALID_OPERATION: uniform1f: location is not from the associated program @ about:srcdoc:436
[  453281ms] [WARNING] WebGL: INVALID_OPERATION: uniform2f: location is not from the associated program @ about:srcdoc:437
[  453593ms] [WARNING] WebGL: INVALID_OPERATION: uniform1f: location is not from the associated program @ about:srcdoc:436
[  453593ms] [WARNING] WebGL: INVALID_OPERATION: uniform2f: location is not from the associated program @ about:srcdoc:437
[  453632ms] [WARNING] WebGL: INVALID_OPERATION: uniform1f: location is not from the associated program @ about:srcdoc:436
[  453632ms] [WARNING] WebGL: INVALID_OPERATION: uniform2f: location is not from the associated program @ about:srcdoc:437
[  453707ms] [WARNING] WebGL: INVALID_OPERATION: uniform1f: location is not from the associated program @ about:srcdoc:436
[  453707ms] [WARNING] WebGL: INVALID_OPERATION: uniform2f: location is not from the associated program @ about:srcdoc:437
[  453712ms] [WARNING] WebGL: INVALID_OPERATION: uniform1f: location is not from the associated program @ about:srcdoc:436
[  453712ms] [WARNING] WebGL: INVALID_OPERATION: uniform2f: location is not from the associated program @ about:srcdoc:437
[  453795ms] [WARNING] WebGL: INVALID_OPERATION: uniform1f: location is not from the associated program @ about:srcdoc:436
[  453795ms] [WARNING] WebGL: INVALID_OPERATION: uniform2f: location is not from the associated program @ about:srcdoc:437
[  453812ms] [WARNING] WebGL: INVALID_OPERATION: uniform1f: location is not from the associated program @ about:srcdoc:436
[  453812ms] [WARNING] WebGL: INVALID_OPERATION: uniform2f: location is not from the associated program @ about:srcdoc:437
[  453817ms] [WARNING] WebGL: INVALID_OPERATION: uniform1f: location is not from the associated program @ about:srcdoc:436
[  453817ms] [WARNING] WebGL: INVALID_OPERATION: uniform2f: location is not from the associated program @ about:srcdoc:437
[  453836ms] [WARNING] WebGL: INVALID_OPERATION: uniform1f: location is not from the associated program @ about:srcdoc:436
[  453836ms] [WARNING] WebGL: INVALID_OPERATION: uniform2f: location is not from the associated program @ about:srcdoc:437
[  453927ms] [WARNING] WebGL: INVALID_OPERATION: uniform1f: location is not from the associated program @ about:srcdoc:436
[  453927ms] [WARNING] WebGL: INVALID_OPERATION: uniform2f: location is not from the associated program @ about:srcdoc:437
[  453980ms] [WARNING] WebGL: INVALID_OPERATION: uniform1f: location is not from the associated program @ about:srcdoc:436
[  453980ms] [WARNING] WebGL: INVALID_OPERATION: uniform2f: location is not from the associated program @ about:srcdoc:437
[  454030ms] [WARNING] WebGL: INVALID_OPERATION: uniform1f: location is not from the associated program @ about:srcdoc:436
[  454030ms] [WARNING] WebGL: INVALID_OPERATION: uniform2f: location is not from the associated program @ about:srcdoc:437
[  454035ms] [WARNING] WebGL: INVALID_OPERATION: uniform1f: location is not from the associated program @ about:srcdoc:436
[  454035ms] [WARNING] WebGL: INVALID_OPERATION: uniform2f: location is not from the associated program @ about:srcdoc:437
[  454118ms] [WARNING] WebGL: INVALID_OPERATION: uniform1f: location is not from the associated program @ about:srcdoc:436
[  454118ms] [WARNING] WebGL: INVALID_OPERATION: uniform2f: location is not from the associated program @ about:srcdoc:437
[  454126ms] [WARNING] WebGL: INVALID_OPERATION: uniform1f: location is not from the associated program @ about:srcdoc:436
[  454126ms] [WARNING] WebGL: INVALID_OPERATION: uniform2f: location is not from the associated program @ about:srcdoc:437
[  454144ms] [WARNING] WebGL: INVALID_OPERATION: uniform1f: location is not from the associated program @ about:srcdoc:436
[  454145ms] [WARNING] WebGL: INVALID_OPERATION: uniform2f: location is not from the associated program @ about:srcdoc:437
[  454169ms] [WARNING] WebGL: INVALID_OPERATION: uniform1f: location is not from the associated program @ about:srcdoc:436
[  454169ms] [WARNING] WebGL: INVALID_OPERATION: uniform2f: location is not from the associated program @ about:srcdoc:437
[  454245ms] [WARNING] WebGL: INVALID_OPERATION: uniform1f: location is not from the associated program @ about:srcdoc:436
[  454245ms] [WARNING] WebGL: INVALID_OPERATION: uniform2f: location is not from the associated program @ about:srcdoc:437
[  454250ms] [WARNING] WebGL: INVALID_OPERATION: uniform1f: location is not from the associated program @ about:srcdoc:436
[  454250ms] [WARNING] WebGL: INVALID_OPERATION: uniform2f: location is not from the associated program @ about:srcdoc:437
[  454254ms] [WARNING] WebGL: INVALID_OPERATION: uniform1f: location is not from the associated program @ about:srcdoc:436
[  454254ms] [WARNING] WebGL: INVALID_OPERATION: uniform2f: location is not from the associated program @ about:srcdoc:437
[  454259ms] [WARNING] WebGL: INVALID_OPERATION: uniform1f: location is not from the associated program @ about:srcdoc:436
[  454259ms] [WARNING] WebGL: INVALID_OPERATION: uniform2f: location is not from the associated program @ about:srcdoc:437
[  454309ms] [WARNING] WebGL: INVALID_OPERATION: uniform1f: location is not from the associated program @ about:srcdoc:436
[  454309ms] [WARNING] WebGL: INVALID_OPERATION: uniform2f: location is not from the associated program @ about:srcdoc:437
[  454316ms] [WARNING] WebGL: INVALID_OPERATION: uniform1f: location is not from the associated program @ about:srcdoc:436
[  454316ms] [WARNING] WebGL: INVALID_OPERATION: uniform2f: location is not from the associated program @ about:srcdoc:437
[  454352ms] [WARNING] WebGL: INVALID_OPERATION: uniform1f: location is not from the associated program @ about:srcdoc:436
[  454353ms] [WARNING] WebGL: INVALID_OPERATION: uniform2f: location is not from the associated program @ about:srcdoc:437
[  454422ms] [WARNING] WebGL: INVALID_OPERATION: uniform1f: location is not from the associated program @ about:srcdoc:436
[  454422ms] [WARNING] WebGL: INVALID_OPERATION: uniform2f: location is not from the associated program @ about:srcdoc:437
[  454426ms] [WARNING] WebGL: INVALID_OPERATION: uniform1f: location is not from the associated program @ about:srcdoc:436
[  454426ms] [WARNING] WebGL: INVALID_OPERATION: uniform2f: location is not from the associated program @ about:srcdoc:437
[  454432ms] [WARNING] WebGL: INVALID_OPERATION: uniform1f: location is not from the associated program @ about:srcdoc:436
[  454432ms] [WARNING] WebGL: INVALID_OPERATION: uniform2f: location is not from the associated program @ about:srcdoc:437
[  454456ms] [WARNING] WebGL: INVALID_OPERATION: uniform1f: location is not from the associated program @ about:srcdoc:436
[  454456ms] [WARNING] WebGL: INVALID_OPERATION: uniform2f: location is not from the associated program @ about:srcdoc:437
[  454463ms] [WARNING] WebGL: INVALID_OPERATION: uniform1f: location is not from the associated program @ about:srcdoc:436
[  454463ms] [WARNING] WebGL: INVALID_OPERATION: uniform2f: location is not from the associated program @ about:srcdoc:437
[  454480ms] [WARNING] WebGL: INVALID_OPERATION: uniform1f: location is not from the associated program @ about:srcdoc:436
[  454480ms] [WARNING] WebGL: INVALID_OPERATION: uniform2f: location is not from the associated program @ about:srcdoc:437
[  454490ms] [WARNING] WebGL: INVALID_OPERATION: uniform1f: location is not from the associated program @ about:srcdoc:436
[  454490ms] [WARNING] WebGL: INVALID_OPERATION: uniform2f: location is not from the associated program @ about:srcdoc:437
[  454497ms] [WARNING] WebGL: INVALID_OPERATION: uniform1f: location is not from the associated program @ about:srcdoc:436
[  454498ms] [WARNING] WebGL: INVALID_OPERATION: uniform2f: location is not from the associated program @ about:srcdoc:437
[  454509ms] [WARNING] WebGL: INVALID_OPERATION: uniform1f: location is not from the associated program @ about:srcdoc:436
[  454509ms] [WARNING] WebGL: INVALID_OPERATION: uniform2f: location is not from the associated program @ about:srcdoc:437
[  454514ms] [WARNING] WebGL: INVALID_OPERATION: uniform1f: location is not from the associated program @ about:srcdoc:436
[  454515ms] [WARNING] WebGL: INVALID_OPERATION: uniform2f: location is not from the associated program @ about:srcdoc:437
[  454518ms] [WARNING] WebGL: INVALID_OPERATION: uniform1f: location is not from the associated program @ about:srcdoc:436
[  454518ms] [WARNING] WebGL: INVALID_OPERATION: uniform2f: location is not from the associated program @ about:srcdoc:437
[  454521ms] [WARNING] WebGL: INVALID_OPERATION: uniform1f: location is not from the associated program @ about:srcdoc:436
[  454522ms] [WARNING] WebGL: INVALID_OPERATION: uniform2f: location is not from the associated program @ about:srcdoc:437
[  454529ms] [WARNING] WebGL: INVALID_OPERATION: uniform1f: location is not from the associated program @ about:srcdoc:436
[  454530ms] [WARNING] WebGL: INVALID_OPERATION: uniform2f: location is not from the associated program @ about:srcdoc:437
[  454536ms] [WARNING] WebGL: INVALID_OPERATION: uniform1f: location is not from the associated program @ about:srcdoc:436
[  454536ms] [WARNING] WebGL: INVALID_OPERATION: uniform2f: location is not from the associated program @ about:srcdoc:437
[  454543ms] [WARNING] WebGL: INVALID_OPERATION: uniform1f: location is not from the associated program @ about:srcdoc:436
[  454543ms] [WARNING] WebGL: INVALID_OPERATION: uniform2f: location is not from the associated program @ about:srcdoc:437
[  454548ms] [WARNING] WebGL: INVALID_OPERATION: uniform1f: location is not from the associated program @ about:srcdoc:436
[  454548ms] [WARNING] WebGL: INVALID_OPERATION: uniform2f: location is not from the associated program @ about:srcdoc:437
[  454552ms] [WARNING] WebGL: INVALID_OPERATION: uniform1f: location is not from the associated program @ about:srcdoc:436
[  454553ms] [WARNING] WebGL: INVALID_OPERATION: uniform2f: location is not from the associated program @ about:srcdoc:437
[  454555ms] [WARNING] WebGL: INVALID_OPERATION: uniform1f: location is not from the associated program @ about:srcdoc:436
[  454556ms] [WARNING] WebGL: INVALID_OPERATION: uniform2f: location is not from the associated program @ about:srcdoc:437
[  454558ms] [WARNING] WebGL: INVALID_OPERATION: uniform1f: location is not from the associated program @ about:srcdoc:436
[  454558ms] [WARNING] WebGL: INVALID_OPERATION: uniform2f: location is not from the associated program @ about:srcdoc:437
[  454604ms] [WARNING] WebGL: INVALID_OPERATION: uniform1f: location is not from the associated program @ about:srcdoc:436
[  454604ms] [WARNING] WebGL: INVALID_OPERATION: uniform2f: location is not from the associated program @ about:srcdoc:437
[  454613ms] [WARNING] WebGL: INVALID_OPERATION: uniform1f: location is not from the associated program @ about:srcdoc:436
[  454614ms] [WARNING] WebGL: INVALID_OPERATION: uniform2f: location is not from the associated program @ about:srcdoc:437
[  454623ms] [WARNING] WebGL: INVALID_OPERATION: uniform1f: location is not from the associated program @ about:srcdoc:436
[  454623ms] [WARNING] WebGL: INVALID_OPERATION: uniform2f: location is not from the associated program @ about:srcdoc:437
[  454629ms] [WARNING] WebGL: INVALID_OPERATION: uniform1f: location is not from the associated program @ about:srcdoc:436
[  454629ms] [WARNING] WebGL: INVALID_OPERATION: uniform2f: location is not from the associated program @ about:srcdoc:437
[  454633ms] [WARNING] WebGL: INVALID_OPERATION: uniform1f: location is not from the associated program @ about:srcdoc:436
[  454633ms] [WARNING] WebGL: INVALID_OPERATION: uniform2f: location is not from the associated program @ about:srcdoc:437
[  454640ms] [WARNING] WebGL: INVALID_OPERATION: uniform1f: location is not from the associated program @ about:srcdoc:436
[  454640ms] [WARNING] WebGL: INVALID_OPERATION: uniform2f: location is not from the associated program @ about:srcdoc:437
[  454706ms] [WARNING] WebGL: INVALID_OPERATION: uniform1f: location is not from the associated program @ about:srcdoc:436
[  454706ms] [WARNING] WebGL: INVALID_OPERATION: uniform2f: location is not from the associated program @ about:srcdoc:437
[  454715ms] [WARNING] WebGL: INVALID_OPERATION: uniform1f: location is not from the associated program @ about:srcdoc:436
[  454715ms] [WARNING] WebGL: INVALID_OPERATION: uniform2f: location is not from the associated program @ about:srcdoc:437
[  454718ms] [WARNING] WebGL: INVALID_OPERATION: uniform1f: location is not from the associated program @ about:srcdoc:436
[  454718ms] [WARNING] WebGL: INVALID_OPERATION: uniform2f: location is not from the associated program @ about:srcdoc:437
[  454720ms] [WARNING] WebGL: INVALID_OPERATION: uniform1f: location is not from the associated program @ about:srcdoc:436
[  454720ms] [WARNING] WebGL: INVALID_OPERATION: uniform2f: location is not from the associated program @ about:srcdoc:437
[  454724ms] [WARNING] WebGL: INVALID_OPERATION: uniform1f: location is not from the associated program @ about:srcdoc:436
[  454724ms] [WARNING] WebGL: INVALID_OPERATION: uniform2f: location is not from the associated program @ about:srcdoc:437
[  454728ms] [WARNING] WebGL: INVALID_OPERATION: uniform1f: location is not from the associated program @ about:srcdoc:436
[  454728ms] [WARNING] WebGL: INVALID_OPERATION: uniform2f: location is not from the associated program @ about:srcdoc:437
[  454782ms] [WARNING] WebGL: INVALID_OPERATION: uniform1f: location is not from the associated program @ about:srcdoc:436
[  454783ms] [WARNING] WebGL: INVALID_OPERATION: uniform2f: location is not from the associated program @ about:srcdoc:437
[  454797ms] [WARNING] WebGL: INVALID_OPERATION: uniform1f: location is not from the associated program @ about:srcdoc:436
[  454797ms] [WARNING] WebGL: INVALID_OPERATION: uniform2f: location is not from the associated program @ about:srcdoc:437
[  454812ms] [WARNING] WebGL: INVALID_OPERATION: uniform1f: location is not from the associated program @ about:srcdoc:436
[  454812ms] [WARNING] WebGL: INVALID_OPERATION: uniform2f: location is not from the associated program @ about:srcdoc:437
[  454818ms] [WARNING] WebGL: INVALID_OPERATION: uniform1f: location is not from the associated program @ about:srcdoc:436
[  454818ms] [WARNING] WebGL: INVALID_OPERATION: uniform2f: location is not from the associated program @ about:srcdoc:437
[  454824ms] [WARNING] WebGL: INVALID_OPERATION: uniform1f: location is not from the associated program @ about:srcdoc:436
[  454825ms] [WARNING] WebGL: INVALID_OPERATION: uniform2f: location is not from the associated program @ about:srcdoc:437
[  454830ms] [WARNING] WebGL: INVALID_OPERATION: uniform1f: location is not from the associated program @ about:srcdoc:436
[  454830ms] [WARNING] WebGL: INVALID_OPERATION: uniform2f: location is not from the associated program @ about:srcdoc:437
[  454833ms] [WARNING] WebGL: INVALID_OPERATION: uniform1f: location is not from the associated program @ about:srcdoc:436
[  454833ms] [WARNING] WebGL: INVALID_OPERATION: uniform2f: location is not from the associated program @ about:srcdoc:437
[  454835ms] [WARNING] WebGL: INVALID_OPERATION: uniform1f: location is not from the associated program @ about:srcdoc:436
[  454836ms] [WARNING] WebGL: INVALID_OPERATION: uniform2f: location is not from the associated program @ about:srcdoc:437
[  454864ms] [WARNING] WebGL: INVALID_OPERATION: uniform1f: location is not from the associated program @ about:srcdoc:436
[  454864ms] [WARNING] WebGL: INVALID_OPERATION: uniform2f: location is not from the associated program @ about:srcdoc:437
[  454871ms] [WARNING] WebGL: INVALID_OPERATION: uniform1f: location is not from the associated program @ about:srcdoc:436
[  454872ms] [WARNING] WebGL: INVALID_OPERATION: uniform2f: location is not from the associated program @ about:srcdoc:437
[  454877ms] [WARNING] WebGL: INVALID_OPERATION: uniform1f: location is not from the associated program @ about:srcdoc:436
[  454877ms] [WARNING] WebGL: INVALID_OPERATION: uniform2f: location is not from the associated program @ about:srcdoc:437
[  454880ms] [WARNING] WebGL: INVALID_OPERATION: uniform1f: location is not from the associated program @ about:srcdoc:436
[  454880ms] [WARNING] WebGL: INVALID_OPERATION: uniform2f: location is not from the associated program @ about:srcdoc:437
[  454884ms] [WARNING] WebGL: INVALID_OPERATION: uniform1f: location is not from the associated program @ about:srcdoc:436
[  454884ms] [WARNING] WebGL: INVALID_OPERATION: uniform2f: location is not from the associated program @ about:srcdoc:437
[  454887ms] [WARNING] WebGL: INVALID_OPERATION: uniform1f: location is not from the associated program @ about:srcdoc:436
[  454887ms] [WARNING] WebGL: INVALID_OPERATION: uniform2f: location is not from the associated program @ about:srcdoc:437
[  454892ms] [WARNING] WebGL: INVALID_OPERATION: uniform1f: location is not from the associated program @ about:srcdoc:436
[  454892ms] [WARNING] WebGL: INVALID_OPERATION: uniform2f: location is not from the associated program @ about:srcdoc:437
[  454898ms] [WARNING] WebGL: INVALID_OPERATION: uniform1f: location is not from the associated program @ about:srcdoc:436
[  454898ms] [WARNING] WebGL: INVALID_OPERATION: uniform2f: location is not from the associated program @ about:srcdoc:437
[  454969ms] [WARNING] WebGL: INVALID_OPERATION: uniform1f: location is not from the associated program @ about:srcdoc:436
[  454969ms] [WARNING] WebGL: INVALID_OPERATION: uniform2f: location is not from the associated program @ about:srcdoc:437
[  454980ms] [WARNING] WebGL: INVALID_OPERATION: uniform1f: location is not from the associated program @ about:srcdoc:436
[  454980ms] [WARNING] WebGL: INVALID_OPERATION: uniform2f: location is not from the associated program @ about:srcdoc:437
[  454990ms] [WARNING] WebGL: INVALID_OPERATION: uniform1f: location is not from the associated program @ about:srcdoc:436
[  454990ms] [WARNING] WebGL: INVALID_OPERATION: uniform2f: location is not from the associated program @ about:srcdoc:437
[  454993ms] [WARNING] WebGL: INVALID_OPERATION: uniform1f: location is not from the associated program @ about:srcdoc:436
[  454993ms] [WARNING] WebGL: INVALID_OPERATION: uniform2f: location is not from the associated program @ about:srcdoc:437
[  454997ms] [WARNING] WebGL: INVALID_OPERATION: uniform1f: location is not from the associated program @ about:srcdoc:436
[  454997ms] [WARNING] WebGL: INVALID_OPERATION: uniform2f: location is not from the associated program @ about:srcdoc:437
[  455000ms] [WARNING] WebGL: INVALID_OPERATION: uniform1f: location is not from the associated program @ about:srcdoc:436
[  455000ms] [WARNING] WebGL: INVALID_OPERATION: uniform2f: location is not from the associated program @ about:srcdoc:437
[  455004ms] [WARNING] WebGL: INVALID_OPERATION: uniform1f: location is not from the associated program @ about:srcdoc:436
[  455005ms] [WARNING] WebGL: INVALID_OPERATION: uniform2f: location is not from the associated program @ about:srcdoc:437
[  455013ms] [WARNING] WebGL: INVALID_OPERATION: uniform1f: location is not from the associated program @ about:srcdoc:436
[  455013ms] [WARNING] WebGL: INVALID_OPERATION: uniform2f: location is not from the associated program @ about:srcdoc:437
[  455027ms] [WARNING] WebGL: INVALID_OPERATION: uniform1f: location is not from the associated program @ about:srcdoc:436
[  455027ms] [WARNING] WebGL: INVALID_OPERATION: uniform2f: location is not from the associated program @ about:srcdoc:437
[  455031ms] [WARNING] WebGL: INVALID_OPERATION: uniform1f: location is not from the associated program @ about:srcdoc:436
[  455031ms] [WARNING] WebGL: INVALID_OPERATION: uniform2f: location is not from the associated program @ about:srcdoc:437
[  455036ms] [WARNING] WebGL: INVALID_OPERATION: uniform1f: location is not from the associated program @ about:srcdoc:436
[  455036ms] [WARNING] WebGL: INVALID_OPERATION: uniform2f: location is not from the associated program @ about:srcdoc:437
[  455049ms] [WARNING] WebGL: INVALID_OPERATION: uniform1f: location is not from the associated program @ about:srcdoc:436
[  455050ms] [WARNING] WebGL: INVALID_OPERATION: uniform2f: location is not from the associated program @ about:srcdoc:437
[  455058ms] [WARNING] WebGL: INVALID_OPERATION: uniform1f: location is not from the associated program @ about:srcdoc:436
[  455059ms] [WARNING] WebGL: INVALID_OPERATION: uniform2f: location is not from the associated program @ about:srcdoc:437
[  455066ms] [WARNING] WebGL: INVALID_OPERATION: uniform1f: location is not from the associated program @ about:srcdoc:436
[  455067ms] [WARNING] WebGL: INVALID_OPERATION: uniform2f: location is not from the associated program @ about:srcdoc:437
[  455074ms] [WARNING] WebGL: INVALID_OPERATION: uniform1f: location is not from the associated program @ about:srcdoc:436
[  455075ms] [WARNING] WebGL: INVALID_OPERATION: uniform2f: location is not from the associated program @ about:srcdoc:437
[  455084ms] [WARNING] WebGL: INVALID_OPERATION: uniform1f: location is not from the associated program @ about:srcdoc:436
[  455084ms] [WARNING] WebGL: INVALID_OPERATION: uniform2f: location is not from the associated program @ about:srcdoc:437
[  455117ms] [WARNING] WebGL: INVALID_OPERATION: uniform1f: location is not from the associated program @ about:srcdoc:436
[  455117ms] [WARNING] WebGL: INVALID_OPERATION: uniform2f: location is not from the associated program @ about:srcdoc:437
[  455127ms] [WARNING] WebGL: INVALID_OPERATION: uniform1f: location is not from the associated program @ about:srcdoc:436
[  455127ms] [WARNING] WebGL: INVALID_OPERATION: uniform2f: location is not from the associated program @ about:srcdoc:437
[  455130ms] [WARNING] WebGL: INVALID_OPERATION: uniform1f: location is not from the associated program @ about:srcdoc:436
[  455131ms] [WARNING] WebGL: INVALID_OPERATION: uniform2f: location is not from the associated program @ about:srcdoc:437
[  455136ms] [WARNING] WebGL: INVALID_OPERATION: uniform1f: location is not from the associated program @ about:srcdoc:436
[  455137ms] [WARNING] WebGL: INVALID_OPERATION: uniform2f: location is not from the associated program @ about:srcdoc:437
[  455155ms] [WARNING] WebGL: INVALID_OPERATION: uniform1f: location is not from the associated program @ about:srcdoc:436
[  455156ms] [WARNING] WebGL: INVALID_OPERATION: uniform2f: location is not from the associated program @ about:srcdoc:437
[  455163ms] [WARNING] WebGL: INVALID_OPERATION: uniform1f: location is not from the associated program @ about:srcdoc:436
[  455163ms] [WARNING] WebGL: INVALID_OPERATION: uniform2f: location is not from the associated program @ about:srcdoc:437
[  455167ms] [WARNING] WebGL: INVALID_OPERATION: uniform1f: location is not from the associated program @ about:srcdoc:436
[  455167ms] [WARNING] WebGL: INVALID_OPERATION: uniform2f: location is not from the associated program @ about:srcdoc:437
[  455173ms] [WARNING] WebGL: INVALID_OPERATION: uniform1f: location is not from the associated program @ about:srcdoc:436
[  455173ms] [WARNING] WebGL: INVALID_OPERATION: uniform2f: location is not from the associated program @ about:srcdoc:437
[  455192ms] [WARNING] WebGL: INVALID_OPERATION: uniform1f: location is not from the associated program @ about:srcdoc:436
[  455192ms] [WARNING] WebGL: INVALID_OPERATION: uniform2f: location is not from the associated program @ about:srcdoc:437
[  455195ms] [WARNING] WebGL: INVALID_OPERATION: uniform1f: location is not from the associated program @ about:srcdoc:436
[  455195ms] [WARNING] WebGL: INVALID_OPERATION: uniform2f: location is not from the associated program @ about:srcdoc:437
[  455197ms] [WARNING] WebGL: INVALID_OPERATION: uniform1f: location is not from the associated program @ about:srcdoc:436
[  455197ms] [WARNING] WebGL: INVALID_OPERATION: uniform2f: location is not from the associated program @ about:srcdoc:437
[  455199ms] [WARNING] WebGL: INVALID_OPERATION: uniform1f: location is not from the associated program @ about:srcdoc:436
[  455200ms] [WARNING] WebGL: INVALID_OPERATION: uniform2f: location is not from the associated program @ about:srcdoc:437
[  455204ms] [WARNING] WebGL: INVALID_OPERATION: uniform1f: location is not from the associated program @ about:srcdoc:436
[  455204ms] [WARNING] WebGL: INVALID_OPERATION: uniform2f: location is not from the associated program @ about:srcdoc:437
[  455216ms] [WARNING] WebGL: INVALID_OPERATION: uniform1f: location is not from the associated program @ about:srcdoc:436
[  455216ms] [WARNING] WebGL: INVALID_OPERATION: uniform2f: location is not from the associated program @ about:srcdoc:437
[  455224ms] [WARNING] WebGL: INVALID_OPERATION: uniform1f: location is not from the associated program @ about:srcdoc:436
[  455225ms] [WARNING] WebGL: INVALID_OPERATION: uniform2f: location is not from the associated program @ about:srcdoc:437
[  455230ms] [WARNING] WebGL: INVALID_OPERATION: uniform1f: location is not from the associated program @ about:srcdoc:436
[  455231ms] [WARNING] WebGL: INVALID_OPERATION: uniform2f: location is not from the associated program @ about:srcdoc:437
[  455251ms] [WARNING] WebGL: INVALID_OPERATION: uniform1f: location is not from the associated program @ about:srcdoc:436
[  455251ms] [WARNING] WebGL: INVALID_OPERATION: uniform2f: location is not from the associated program @ about:srcdoc:437
[  455262ms] [WARNING] WebGL: INVALID_OPERATION: uniform1f: location is not from the associated program @ about:srcdoc:436
[  455262ms] [WARNING] WebGL: INVALID_OPERATION: uniform2f: location is not from the associated program @ about:srcdoc:437
[  455276ms] [WARNING] WebGL: INVALID_OPERATION: uniform1f: location is not from the associated program @ about:srcdoc:436
[  455276ms] [WARNING] WebGL: INVALID_OPERATION: uniform2f: location is not from the associated program @ about:srcdoc:437
[  455279ms] [WARNING] WebGL: INVALID_OPERATION: uniform1f: location is not from the associated program @ about:srcdoc:436
[  455279ms] [WARNING] WebGL: INVALID_OPERATION: uniform2f: location is not from the associated program @ about:srcdoc:437
[  455279ms] [WARNING] WebGL: too many errors, no more errors will be reported to the console for this context. @ about:srcdoc:437
[  451564ms] [WARNING] WebGL: INVALID_OPERATION: uniform1f: location is not from the associated program @ about:srcdoc:436
[  451564ms] [WARNING] WebGL: INVALID_OPERATION: uniform2f: location is not from the associated program @ about:srcdoc:437
[  451565ms] [WARNING] WebGL: INVALID_OPERATION: uniform1f: location is not from the associated program @ about:srcdoc:436
[  451565ms] [WARNING] WebGL: INVALID_OPERATION: uniform2f: location is not from the associated program @ about:srcdoc:437
[  451565ms] [WARNING] WebGL: INVALID_OPERATION: uniform1f: location is not from the associated program @ about:srcdoc:436
[  451565ms] [WARNING] WebGL: INVALID_OPERATION: uniform2f: location is not from the associated program @ about:srcdoc:437
[  451566ms] [WARNING] WebGL: INVALID_OPERATION: uniform1f: location is not from the associated program @ about:srcdoc:436
[  451566ms] [WARNING] WebGL: INVALID_OPERATION: uniform2f: location is not from the associated program @ about:srcdoc:437
[  451738ms] [WARNING] WebGL: INVALID_OPERATION: uniform1f: location is not from the associated program @ about:srcdoc:436
[  451738ms] [WARNING] WebGL: INVALID_OPERATION: uniform2f: location is not from the associated program @ about:srcdoc:437
[  451824ms] [WARNING] WebGL: INVALID_OPERATION: uniform1f: location is not from the associated program @ about:srcdoc:436
[  451824ms] [WARNING] WebGL: INVALID_OPERATION: uniform2f: location is not from the associated program @ about:srcdoc:437
[  451829ms] [WARNING] WebGL: INVALID_OPERATION: uniform1f: location is not from the associated program @ about:srcdoc:436
[  451829ms] [WARNING] WebGL: INVALID_OPERATION: uniform2f: location is not from the associated program @ about:srcdoc:437
[  452142ms] [WARNING] WebGL: INVALID_OPERATION: uniform1f: location is not from the associated program @ about:srcdoc:436
[  452143ms] [WARNING] WebGL: INVALID_OPERATION: uniform2f: location is not from the associated program @ about:srcdoc:437
[  452166ms] [WARNING] WebGL: INVALID_OPERATION: uniform1f: location is not from the associated program @ about:srcdoc:436
[  452166ms] [WARNING] WebGL: INVALID_OPERATION: uniform2f: location is not from the associated program @ about:srcdoc:437
[  452178ms] [WARNING] WebGL: INVALID_OPERATION: uniform1f: location is not from the associated program @ about:srcdoc:436
[  452178ms] [WARNING] WebGL: INVALID_OPERATION: uniform2f: location is not from the associated program @ about:srcdoc:437
[  452331ms] [WARNING] WebGL: INVALID_OPERATION: uniform1f: location is not from the associated program @ about:srcdoc:436
[  452331ms] [WARNING] WebGL: INVALID_OPERATION: uniform2f: location is not from the associated program @ about:srcdoc:437
[  452478ms] [WARNING] WebGL: INVALID_OPERATION: uniform1f: location is not from the associated program @ about:srcdoc:436
[  452478ms] [WARNING] WebGL: INVALID_OPERATION: uniform2f: location is not from the associated program @ about:srcdoc:437
[  452617ms] [WARNING] WebGL: INVALID_OPERATION: uniform1f: location is not from the associated program @ about:srcdoc:436
[  452617ms] [WARNING] WebGL: INVALID_OPERATION: uniform2f: location is not from the associated program @ about:srcdoc:437
[  452652ms] [WARNING] WebGL: INVALID_OPERATION: uniform1f: location is not from the associated program @ about:srcdoc:436
[  452653ms] [WARNING] WebGL: INVALID_OPERATION: uniform2f: location is not from the associated program @ about:srcdoc:437
[  452694ms] [WARNING] WebGL: INVALID_OPERATION: uniform1f: location is not from the associated program @ about:srcdoc:436
[  452694ms] [WARNING] WebGL: INVALID_OPERATION: uniform2f: location is not from the associated program @ about:srcdoc:437
[  452893ms] [WARNING] WebGL: INVALID_OPERATION: uniform1f: location is not from the associated program @ about:srcdoc:436
[  452893ms] [WARNING] WebGL: INVALID_OPERATION: uniform2f: location is not from the associated program @ about:srcdoc:437
[  452925ms] [WARNING] WebGL: INVALID_OPERATION: uniform1f: location is not from the associated program @ about:srcdoc:436
[  452925ms] [WARNING] WebGL: INVALID_OPERATION: uniform2f: location is not from the associated program @ about:srcdoc:437
[  453001ms] [WARNING] WebGL: INVALID_OPERATION: uniform1f: location is not from the associated program @ about:srcdoc:436
[  453001ms] [WARNING] WebGL: INVALID_OPERATION: uniform2f: location is not from the associated program @ about:srcdoc:437
[  453143ms] [WARNING] WebGL: INVALID_OPERATION: uniform1f: location is not from the associated program @ about:srcdoc:436
[  453143ms] [WARNING] WebGL: INVALID_OPERATION: uniform2f: location is not from the associated program @ about:srcdoc:437
[  453162ms] [WARNING] WebGL: INVALID_OPERATION: uniform1f: location is not from the associated program @ about:srcdoc:436
[  453162ms] [WARNING] WebGL: INVALID_OPERATION: uniform2f: location is not from the associated program @ about:srcdoc:437
[  453166ms] [WARNING] WebGL: INVALID_OPERATION: uniform1f: location is not from the associated program @ about:srcdoc:436
[  453166ms] [WARNING] WebGL: INVALID_OPERATION: uniform2f: location is not from the associated program @ about:srcdoc:437
[  453281ms] [WARNING] WebGL: INVALID_OPERATION: uniform1f: location is not from the associated program @ about:srcdoc:436
[  453281ms] [WARNING] WebGL: INVALID_OPERATION: uniform2f: location is not from the associated program @ about:srcdoc:437
[  453593ms] [WARNING] WebGL: INVALID_OPERATION: uniform1f: location is not from the associated program @ about:srcdoc:436
[  453593ms] [WARNING] WebGL: INVALID_OPERATION: uniform2f: location is not from the associated program @ about:srcdoc:437
[  453632ms] [WARNING] WebGL: INVALID_OPERATION: uniform1f: location is not from the associated program @ about:srcdoc:436
[  453632ms] [WARNING] WebGL: INVALID_OPERATION: uniform2f: location is not from the associated program @ about:srcdoc:437
[  453707ms] [WARNING] WebGL: INVALID_OPERATION: uniform1f: location is not from the associated program @ about:srcdoc:436
[  453707ms] [WARNING] WebGL: INVALID_OPERATION: uniform2f: location is not from the associated program @ about:srcdoc:437
[  453712ms] [WARNING] WebGL: INVALID_OPERATION: uniform1f: location is not from the associated program @ about:srcdoc:436
[  453712ms] [WARNING] WebGL: INVALID_OPERATION: uniform2f: location is not from the associated program @ about:srcdoc:437
[  453795ms] [WARNING] WebGL: INVALID_OPERATION: uniform1f: location is not from the associated program @ about:srcdoc:436
[  453795ms] [WARNING] WebGL: INVALID_OPERATION: uniform2f: location is not from the associated program @ about:srcdoc:437
[  453812ms] [WARNING] WebGL: INVALID_OPERATION: uniform1f: location is not from the associated program @ about:srcdoc:436
[  453812ms] [WARNING] WebGL: INVALID_OPERATION: uniform2f: location is not from the associated program @ about:srcdoc:437
[  453817ms] [WARNING] WebGL: INVALID_OPERATION: uniform1f: location is not from the associated program @ about:srcdoc:436
[  453817ms] [WARNING] WebGL: INVALID_OPERATION: uniform2f: location is not from the associated program @ about:srcdoc:437
[  453836ms] [WARNING] WebGL: INVALID_OPERATION: uniform1f: location is not from the associated program @ about:srcdoc:436
[  453836ms] [WARNING] WebGL: INVALID_OPERATION: uniform2f: location is not from the associated program @ about:srcdoc:437
[  453927ms] [WARNING] WebGL: INVALID_OPERATION: uniform1f: location is not from the associated program @ about:srcdoc:436
[  453927ms] [WARNING] WebGL: INVALID_OPERATION: uniform2f: location is not from the associated program @ about:srcdoc:437
[  453980ms] [WARNING] WebGL: INVALID_OPERATION: uniform1f: location is not from the associated program @ about:srcdoc:436
[  453980ms] [WARNING] WebGL: INVALID_OPERATION: uniform2f: location is not from the associated program @ about:srcdoc:437
[  454030ms] [WARNING] WebGL: INVALID_OPERATION: uniform1f: location is not from the associated program @ about:srcdoc:436
[  454030ms] [WARNING] WebGL: INVALID_OPERATION: uniform2f: location is not from the associated program @ about:srcdoc:437
[  454035ms] [WARNING] WebGL: INVALID_OPERATION: uniform1f: location is not from the associated program @ about:srcdoc:436
[  454035ms] [WARNING] WebGL: INVALID_OPERATION: uniform2f: location is not from the associated program @ about:srcdoc:437
[  454118ms] [WARNING] WebGL: INVALID_OPERATION: uniform1f: location is not from the associated program @ about:srcdoc:436
[  454118ms] [WARNING] WebGL: INVALID_OPERATION: uniform2f: location is not from the associated program @ about:srcdoc:437
[  454126ms] [WARNING] WebGL: INVALID_OPERATION: uniform1f: location is not from the associated program @ about:srcdoc:436
[  454126ms] [WARNING] WebGL: INVALID_OPERATION: uniform2f: location is not from the associated program @ about:srcdoc:437
[  454144ms] [WARNING] WebGL: INVALID_OPERATION: uniform1f: location is not from the associated program @ about:srcdoc:436
[  454145ms] [WARNING] WebGL: INVALID_OPERATION: uniform2f: location is not from the associated program @ about:srcdoc:437
[  454169ms] [WARNING] WebGL: INVALID_OPERATION: uniform1f: location is not from the associated program @ about:srcdoc:436
[  454169ms] [WARNING] WebGL: INVALID_OPERATION: uniform2f: location is not from the associated program @ about:srcdoc:437
[  454245ms] [WARNING] WebGL: INVALID_OPERATION: uniform1f: location is not from the associated program @ about:srcdoc:436
[  454245ms] [WARNING] WebGL: INVALID_OPERATION: uniform2f: location is not from the associated program @ about:srcdoc:437
[  454250ms] [WARNING] WebGL: INVALID_OPERATION: uniform1f: location is not from the associated program @ about:srcdoc:436
[  454250ms] [WARNING] WebGL: INVALID_OPERATION: uniform2f: location is not from the associated program @ about:srcdoc:437
[  454254ms] [WARNING] WebGL: INVALID_OPERATION: uniform1f: location is not from the associated program @ about:srcdoc:436
[  454254ms] [WARNING] WebGL: INVALID_OPERATION: uniform2f: location is not from the associated program @ about:srcdoc:437
[  454259ms] [WARNING] WebGL: INVALID_OPERATION: uniform1f: location is not from the associated program @ about:srcdoc:436
[  454259ms] [WARNING] WebGL: INVALID_OPERATION: uniform2f: location is not from the associated program @ about:srcdoc:437
[  454309ms] [WARNING] WebGL: INVALID_OPERATION: uniform1f: location is not from the associated program @ about:srcdoc:436
[  454309ms] [WARNING] WebGL: INVALID_OPERATION: uniform2f: location is not from the associated program @ about:srcdoc:437
[  454316ms] [WARNING] WebGL: INVALID_OPERATION: uniform1f: location is not from the associated program @ about:srcdoc:436
[  454316ms] [WARNING] WebGL: INVALID_OPERATION: uniform2f: location is not from the associated program @ about:srcdoc:437
[  454352ms] [WARNING] WebGL: INVALID_OPERATION: uniform1f: location is not from the associated program @ about:srcdoc:436
[  454353ms] [WARNING] WebGL: INVALID_OPERATION: uniform2f: location is not from the associated program @ about:srcdoc:437
[  454422ms] [WARNING] WebGL: INVALID_OPERATION: uniform1f: location is not from the associated program @ about:srcdoc:436
[  454422ms] [WARNING] WebGL: INVALID_OPERATION: uniform2f: location is not from the associated program @ about:srcdoc:437
[  454426ms] [WARNING] WebGL: INVALID_OPERATION: uniform1f: location is not from the associated program @ about:srcdoc:436
[  454426ms] [WARNING] WebGL: INVALID_OPERATION: uniform2f: location is not from the associated program @ about:srcdoc:437
[  454432ms] [WARNING] WebGL: INVALID_OPERATION: uniform1f: location is not from the associated program @ about:srcdoc:436
[  454432ms] [WARNING] WebGL: INVALID_OPERATION: uniform2f: location is not from the associated program @ about:srcdoc:437
[  454456ms] [WARNING] WebGL: INVALID_OPERATION: uniform1f: location is not from the associated program @ about:srcdoc:436
[  454456ms] [WARNING] WebGL: INVALID_OPERATION: uniform2f: location is not from the associated program @ about:srcdoc:437
[  454463ms] [WARNING] WebGL: INVALID_OPERATION: uniform1f: location is not from the associated program @ about:srcdoc:436
[  454463ms] [WARNING] WebGL: INVALID_OPERATION: uniform2f: location is not from the associated program @ about:srcdoc:437
[  454480ms] [WARNING] WebGL: INVALID_OPERATION: uniform1f: location is not from the associated program @ about:srcdoc:436
[  454480ms] [WARNING] WebGL: INVALID_OPERATION: uniform2f: location is not from the associated program @ about:srcdoc:437
[  454490ms] [WARNING] WebGL: INVALID_OPERATION: uniform1f: location is not from the associated program @ about:srcdoc:436
[  454490ms] [WARNING] WebGL: INVALID_OPERATION: uniform2f: location is not from the associated program @ about:srcdoc:437
[  454497ms] [WARNING] WebGL: INVALID_OPERATION: uniform1f: location is not from the associated program @ about:srcdoc:436
[  454498ms] [WARNING] WebGL: INVALID_OPERATION: uniform2f: location is not from the associated program @ about:srcdoc:437
[  454509ms] [WARNING] WebGL: INVALID_OPERATION: uniform1f: location is not from the associated program @ about:srcdoc:436
[  454509ms] [WARNING] WebGL: INVALID_OPERATION: uniform2f: location is not from the associated program @ about:srcdoc:437
[  454514ms] [WARNING] WebGL: INVALID_OPERATION: uniform1f: location is not from the associated program @ about:srcdoc:436
[  454515ms] [WARNING] WebGL: INVALID_OPERATION: uniform2f: location is not from the associated program @ about:srcdoc:437
[  454518ms] [WARNING] WebGL: INVALID_OPERATION: uniform1f: location is not from the associated program @ about:srcdoc:436
[  454518ms] [WARNING] WebGL: INVALID_OPERATION: uniform2f: location is not from the associated program @ about:srcdoc:437
[  454521ms] [WARNING] WebGL: INVALID_OPERATION: uniform1f: location is not from the associated program @ about:srcdoc:436
[  454522ms] [WARNING] WebGL: INVALID_OPERATION: uniform2f: location is not from the associated program @ about:srcdoc:437
[  454529ms] [WARNING] WebGL: INVALID_OPERATION: uniform1f: location is not from the associated program @ about:srcdoc:436
[  454530ms] [WARNING] WebGL: INVALID_OPERATION: uniform2f: location is not from the associated program @ about:srcdoc:437
[  454536ms] [WARNING] WebGL: INVALID_OPERATION: uniform1f: location is not from the associated program @ about:srcdoc:436
[  454536ms] [WARNING] WebGL: INVALID_OPERATION: uniform2f: location is not from the associated program @ about:srcdoc:437
[  454543ms] [WARNING] WebGL: INVALID_OPERATION: uniform1f: location is not from the associated program @ about:srcdoc:436
[  454543ms] [WARNING] WebGL: INVALID_OPERATION: uniform2f: location is not from the associated program @ about:srcdoc:437
[  454548ms] [WARNING] WebGL: INVALID_OPERATION: uniform1f: location is not from the associated program @ about:srcdoc:436
[  454548ms] [WARNING] WebGL: INVALID_OPERATION: uniform2f: location is not from the associated program @ about:srcdoc:437
[  454552ms] [WARNING] WebGL: INVALID_OPERATION: uniform1f: location is not from the associated program @ about:srcdoc:436
[  454553ms] [WARNING] WebGL: INVALID_OPERATION: uniform2f: location is not from the associated program @ about:srcdoc:437
[  454555ms] [WARNING] WebGL: INVALID_OPERATION: uniform1f: location is not from the associated program @ about:srcdoc:436
[  454556ms] [WARNING] WebGL: INVALID_OPERATION: uniform2f: location is not from the associated program @ about:srcdoc:437
[  454558ms] [WARNING] WebGL: INVALID_OPERATION: uniform1f: location is not from the associated program @ about:srcdoc:436
[  454558ms] [WARNING] WebGL: INVALID_OPERATION: uniform2f: location is not from the associated program @ about:srcdoc:437
[  454604ms] [WARNING] WebGL: INVALID_OPERATION: uniform1f: location is not from the associated program @ about:srcdoc:436
[  454604ms] [WARNING] WebGL: INVALID_OPERATION: uniform2f: location is not from the associated program @ about:srcdoc:437
[  454613ms] [WARNING] WebGL: INVALID_OPERATION: uniform1f: location is not from the associated program @ about:srcdoc:436
[  454614ms] [WARNING] WebGL: INVALID_OPERATION: uniform2f: location is not from the associated program @ about:srcdoc:437
[  454623ms] [WARNING] WebGL: INVALID_OPERATION: uniform1f: location is not from the associated program @ about:srcdoc:436
[  454623ms] [WARNING] WebGL: INVALID_OPERATION: uniform2f: location is not from the associated program @ about:srcdoc:437
[  454629ms] [WARNING] WebGL: INVALID_OPERATION: uniform1f: location is not from the associated program @ about:srcdoc:436
[  454629ms] [WARNING] WebGL: INVALID_OPERATION: uniform2f: location is not from the associated program @ about:srcdoc:437
[  454633ms] [WARNING] WebGL: INVALID_OPERATION: uniform1f: location is not from the associated program @ about:srcdoc:436
[  454633ms] [WARNING] WebGL: INVALID_OPERATION: uniform2f: location is not from the associated program @ about:srcdoc:437
[  454640ms] [WARNING] WebGL: INVALID_OPERATION: uniform1f: location is not from the associated program @ about:srcdoc:436
[  454640ms] [WARNING] WebGL: INVALID_OPERATION: uniform2f: location is not from the associated program @ about:srcdoc:437
[  454706ms] [WARNING] WebGL: INVALID_OPERATION: uniform1f: location is not from the associated program @ about:srcdoc:436
[  454706ms] [WARNING] WebGL: INVALID_OPERATION: uniform2f: location is not from the associated program @ about:srcdoc:437
[  454715ms] [WARNING] WebGL: INVALID_OPERATION: uniform1f: location is not from the associated program @ about:srcdoc:436
[  454715ms] [WARNING] WebGL: INVALID_OPERATION: uniform2f: location is not from the associated program @ about:srcdoc:437
[  454718ms] [WARNING] WebGL: INVALID_OPERATION: uniform1f: location is not from the associated program @ about:srcdoc:436
[  454718ms] [WARNING] WebGL: INVALID_OPERATION: uniform2f: location is not from the associated program @ about:srcdoc:437
[  454720ms] [WARNING] WebGL: INVALID_OPERATION: uniform1f: location is not from the associated program @ about:srcdoc:436
[  454720ms] [WARNING] WebGL: INVALID_OPERATION: uniform2f: location is not from the associated program @ about:srcdoc:437
[  454724ms] [WARNING] WebGL: INVALID_OPERATION: uniform1f: location is not from the associated program @ about:srcdoc:436
[  454724ms] [WARNING] WebGL: INVALID_OPERATION: uniform2f: location is not from the associated program @ about:srcdoc:437
[  454728ms] [WARNING] WebGL: INVALID_OPERATION: uniform1f: location is not from the associated program @ about:srcdoc:436
[  454728ms] [WARNING] WebGL: INVALID_OPERATION: uniform2f: location is not from the associated program @ about:srcdoc:437
[  454782ms] [WARNING] WebGL: INVALID_OPERATION: uniform1f: location is not from the associated program @ about:srcdoc:436
[  454783ms] [WARNING] WebGL: INVALID_OPERATION: uniform2f: location is not from the associated program @ about:srcdoc:437
[  454797ms] [WARNING] WebGL: INVALID_OPERATION: uniform1f: location is not from the associated program @ about:srcdoc:436
[  454797ms] [WARNING] WebGL: INVALID_OPERATION: uniform2f: location is not from the associated program @ about:srcdoc:437
[  454812ms] [WARNING] WebGL: INVALID_OPERATION: uniform1f: location is not from the associated program @ about:srcdoc:436
[  454812ms] [WARNING] WebGL: INVALID_OPERATION: uniform2f: location is not from the associated program @ about:srcdoc:437
[  454818ms] [WARNING] WebGL: INVALID_OPERATION: uniform1f: location is not from the associated program @ about:srcdoc:436
[  454818ms] [WARNING] WebGL: INVALID_OPERATION: uniform2f: location is not from the associated program @ about:srcdoc:437
[  454824ms] [WARNING] WebGL: INVALID_OPERATION: uniform1f: location is not from the associated program @ about:srcdoc:436
[  454825ms] [WARNING] WebGL: INVALID_OPERATION: uniform2f: location is not from the associated program @ about:srcdoc:437
[  454830ms] [WARNING] WebGL: INVALID_OPERATION: uniform1f: location is not from the associated program @ about:srcdoc:436
[  454830ms] [WARNING] WebGL: INVALID_OPERATION: uniform2f: location is not from the associated program @ about:srcdoc:437
[  454833ms] [WARNING] WebGL: INVALID_OPERATION: uniform1f: location is not from the associated program @ about:srcdoc:436
[  454833ms] [WARNING] WebGL: INVALID_OPERATION: uniform2f: location is not from the associated program @ about:srcdoc:437
[  454835ms] [WARNING] WebGL: INVALID_OPERATION: uniform1f: location is not from the associated program @ about:srcdoc:436
[  454836ms] [WARNING] WebGL: INVALID_OPERATION: uniform2f: location is not from the associated program @ about:srcdoc:437
[  454864ms] [WARNING] WebGL: INVALID_OPERATION: uniform1f: location is not from the associated program @ about:srcdoc:436
[  454864ms] [WARNING] WebGL: INVALID_OPERATION: uniform2f: location is not from the associated program @ about:srcdoc:437
[  454871ms] [WARNING] WebGL: INVALID_OPERATION: uniform1f: location is not from the associated program @ about:srcdoc:436
[  454872ms] [WARNING] WebGL: INVALID_OPERATION: uniform2f: location is not from the associated program @ about:srcdoc:437
[  454877ms] [WARNING] WebGL: INVALID_OPERATION: uniform1f: location is not from the associated program @ about:srcdoc:436
[  454877ms] [WARNING] WebGL: INVALID_OPERATION: uniform2f: location is not from the associated program @ about:srcdoc:437
[  454880ms] [WARNING] WebGL: INVALID_OPERATION: uniform1f: location is not from the associated program @ about:srcdoc:436
[  454880ms] [WARNING] WebGL: INVALID_OPERATION: uniform2f: location is not from the associated program @ about:srcdoc:437
[  454884ms] [WARNING] WebGL: INVALID_OPERATION: uniform1f: location is not from the associated program @ about:srcdoc:436
[  454884ms] [WARNING] WebGL: INVALID_OPERATION: uniform2f: location is not from the associated program @ about:srcdoc:437
[  454887ms] [WARNING] WebGL: INVALID_OPERATION: uniform1f: location is not from the associated program @ about:srcdoc:436
[  454887ms] [WARNING] WebGL: INVALID_OPERATION: uniform2f: location is not from the associated program @ about:srcdoc:437
[  454892ms] [WARNING] WebGL: INVALID_OPERATION: uniform1f: location is not from the associated program @ about:srcdoc:436
[  454892ms] [WARNING] WebGL: INVALID_OPERATION: uniform2f: location is not from the associated program @ about:srcdoc:437
[  454898ms] [WARNING] WebGL: INVALID_OPERATION: uniform1f: location is not from the associated program @ about:srcdoc:436
[  454898ms] [WARNING] WebGL: INVALID_OPERATION: uniform2f: location is not from the associated program @ about:srcdoc:437
[  454969ms] [WARNING] WebGL: INVALID_OPERATION: uniform1f: location is not from the associated program @ about:srcdoc:436
[  454969ms] [WARNING] WebGL: INVALID_OPERATION: uniform2f: location is not from the associated program @ about:srcdoc:437
[  454980ms] [WARNING] WebGL: INVALID_OPERATION: uniform1f: location is not from the associated program @ about:srcdoc:436
[  454980ms] [WARNING] WebGL: INVALID_OPERATION: uniform2f: location is not from the associated program @ about:srcdoc:437
[  454990ms] [WARNING] WebGL: INVALID_OPERATION: uniform1f: location is not from the associated program @ about:srcdoc:436
[  454990ms] [WARNING] WebGL: INVALID_OPERATION: uniform2f: location is not from the associated program @ about:srcdoc:437
[  454993ms] [WARNING] WebGL: INVALID_OPERATION: uniform1f: location is not from the associated program @ about:srcdoc:436
[  454993ms] [WARNING] WebGL: INVALID_OPERATION: uniform2f: location is not from the associated program @ about:srcdoc:437
[  454997ms] [WARNING] WebGL: INVALID_OPERATION: uniform1f: location is not from the associated program @ about:srcdoc:436
[  454997ms] [WARNING] WebGL: INVALID_OPERATION: uniform2f: location is not from the associated program @ about:srcdoc:437
[  455000ms] [WARNING] WebGL: INVALID_OPERATION: uniform1f: location is not from the associated program @ about:srcdoc:436
[  455000ms] [WARNING] WebGL: INVALID_OPERATION: uniform2f: location is not from the associated program @ about:srcdoc:437
[  455004ms] [WARNING] WebGL: INVALID_OPERATION: uniform1f: location is not from the associated program @ about:srcdoc:436
[  455005ms] [WARNING] WebGL: INVALID_OPERATION: uniform2f: location is not from the associated program @ about:srcdoc:437
[  455013ms] [WARNING] WebGL: INVALID_OPERATION: uniform1f: location is not from the associated program @ about:srcdoc:436
[  455013ms] [WARNING] WebGL: INVALID_OPERATION: uniform2f: location is not from the associated program @ about:srcdoc:437
[  455027ms] [WARNING] WebGL: INVALID_OPERATION: uniform1f: location is not from the associated program @ about:srcdoc:436
[  455027ms] [WARNING] WebGL: INVALID_OPERATION: uniform2f: location is not from the associated program @ about:srcdoc:437
[  455031ms] [WARNING] WebGL: INVALID_OPERATION: uniform1f: location is not from the associated program @ about:srcdoc:436
[  455031ms] [WARNING] WebGL: INVALID_OPERATION: uniform2f: location is not from the associated program @ about:srcdoc:437
[  455036ms] [WARNING] WebGL: INVALID_OPERATION: uniform1f: location is not from the associated program @ about:srcdoc:436
[  455036ms] [WARNING] WebGL: INVALID_OPERATION: uniform2f: location is not from the associated program @ about:srcdoc:437
[  455049ms] [WARNING] WebGL: INVALID_OPERATION: uniform1f: location is not from the associated program @ about:srcdoc:436
[  455050ms] [WARNING] WebGL: INVALID_OPERATION: uniform2f: location is not from the associated program @ about:srcdoc:437
[  455058ms] [WARNING] WebGL: INVALID_OPERATION: uniform1f: location is not from the associated program @ about:srcdoc:436
[  455059ms] [WARNING] WebGL: INVALID_OPERATION: uniform2f: location is not from the associated program @ about:srcdoc:437
[  455066ms] [WARNING] WebGL: INVALID_OPERATION: uniform1f: location is not from the associated program @ about:srcdoc:436
[  455067ms] [WARNING] WebGL: INVALID_OPERATION: uniform2f: location is not from the associated program @ about:srcdoc:437
[  455074ms] [WARNING] WebGL: INVALID_OPERATION: uniform1f: location is not from the associated program @ about:srcdoc:436
[  455075ms] [WARNING] WebGL: INVALID_OPERATION: uniform2f: location is not from the associated program @ about:srcdoc:437
[  455084ms] [WARNING] WebGL: INVALID_OPERATION: uniform1f: location is not from the associated program @ about:srcdoc:436
[  455084ms] [WARNING] WebGL: INVALID_OPERATION: uniform2f: location is not from the associated program @ about:srcdoc:437
[  455117ms] [WARNING] WebGL: INVALID_OPERATION: uniform1f: location is not from the associated program @ about:srcdoc:436
[  455117ms] [WARNING] WebGL: INVALID_OPERATION: uniform2f: location is not from the associated program @ about:srcdoc:437
[  455127ms] [WARNING] WebGL: INVALID_OPERATION: uniform1f: location is not from the associated program @ about:srcdoc:436
[  455127ms] [WARNING] WebGL: INVALID_OPERATION: uniform2f: location is not from the associated program @ about:srcdoc:437
[  455130ms] [WARNING] WebGL: INVALID_OPERATION: uniform1f: location is not from the associated program @ about:srcdoc:436
[  455131ms] [WARNING] WebGL: INVALID_OPERATION: uniform2f: location is not from the associated program @ about:srcdoc:437
[  455136ms] [WARNING] WebGL: INVALID_OPERATION: uniform1f: location is not from the associated program @ about:srcdoc:436
[  455137ms] [WARNING] WebGL: INVALID_OPERATION: uniform2f: location is not from the associated program @ about:srcdoc:437
[  455155ms] [WARNING] WebGL: INVALID_OPERATION: uniform1f: location is not from the associated program @ about:srcdoc:436
[  455156ms] [WARNING] WebGL: INVALID_OPERATION: uniform2f: location is not from the associated program @ about:srcdoc:437
[  455163ms] [WARNING] WebGL: INVALID_OPERATION: uniform1f: location is not from the associated program @ about:srcdoc:436
[  455163ms] [WARNING] WebGL: INVALID_OPERATION: uniform2f: location is not from the associated program @ about:srcdoc:437
[  455167ms] [WARNING] WebGL: INVALID_OPERATION: uniform1f: location is not from the associated program @ about:srcdoc:436
[  455167ms] [WARNING] WebGL: INVALID_OPERATION: uniform2f: location is not from the associated program @ about:srcdoc:437
[  455173ms] [WARNING] WebGL: INVALID_OPERATION: uniform1f: location is not from the associated program @ about:srcdoc:436
[  455173ms] [WARNING] WebGL: INVALID_OPERATION: uniform2f: location is not from the associated program @ about:srcdoc:437
[  455192ms] [WARNING] WebGL: INVALID_OPERATION: uniform1f: location is not from the associated program @ about:srcdoc:436
[  455192ms] [WARNING] WebGL: INVALID_OPERATION: uniform2f: location is not from the associated program @ about:srcdoc:437
[  455195ms] [WARNING] WebGL: INVALID_OPERATION: uniform1f: location is not from the associated program @ about:srcdoc:436
[  455195ms] [WARNING] WebGL: INVALID_OPERATION: uniform2f: location is not from the associated program @ about:srcdoc:437
[  455197ms] [WARNING] WebGL: INVALID_OPERATION: uniform1f: location is not from the associated program @ about:srcdoc:436
[  455197ms] [WARNING] WebGL: INVALID_OPERATION: uniform2f: location is not from the associated program @ about:srcdoc:437
[  455199ms] [WARNING] WebGL: INVALID_OPERATION: uniform1f: location is not from the associated program @ about:srcdoc:436
[  455200ms] [WARNING] WebGL: INVALID_OPERATION: uniform2f: location is not from the associated program @ about:srcdoc:437
[  455204ms] [WARNING] WebGL: INVALID_OPERATION: uniform1f: location is not from the associated program @ about:srcdoc:436
[  455204ms] [WARNING] WebGL: INVALID_OPERATION: uniform2f: location is not from the associated program @ about:srcdoc:437
[  455216ms] [WARNING] WebGL: INVALID_OPERATION: uniform1f: location is not from the associated program @ about:srcdoc:436
[  455216ms] [WARNING] WebGL: INVALID_OPERATION: uniform2f: location is not from the associated program @ about:srcdoc:437
[  455224ms] [WARNING] WebGL: INVALID_OPERATION: uniform1f: location is not from the associated program @ about:srcdoc:436
[  455225ms] [WARNING] WebGL: INVALID_OPERATION: uniform2f: location is not from the associated program @ about:srcdoc:437
[  455230ms] [WARNING] WebGL: INVALID_OPERATION: uniform1f: location is not from the associated program @ about:srcdoc:436
[  455231ms] [WARNING] WebGL: INVALID_OPERATION: uniform2f: location is not from the associated program @ about:srcdoc:437
[  455251ms] [WARNING] WebGL: INVALID_OPERATION: uniform1f: location is not from the associated program @ about:srcdoc:436
[  455251ms] [WARNING] WebGL: INVALID_OPERATION: uniform2f: location is not from the associated program @ about:srcdoc:437
[  455262ms] [WARNING] WebGL: INVALID_OPERATION: uniform1f: location is not from the associated program @ about:srcdoc:436
[  455262ms] [WARNING] WebGL: INVALID_OPERATION: uniform2f: location is not from the associated program @ about:srcdoc:437
[  455276ms] [WARNING] WebGL: INVALID_OPERATION: uniform1f: location is not from the associated program @ about:srcdoc:436
[  455276ms] [WARNING] WebGL: INVALID_OPERATION: uniform2f: location is not from the associated program @ about:srcdoc:437
[  455279ms] [WARNING] WebGL: INVALID_OPERATION: uniform1f: location is not from the associated program @ about:srcdoc:436
[  455279ms] [WARNING] WebGL: INVALID_OPERATION: uniform2f: location is not from the associated program @ about:srcdoc:437
[  455279ms] [WARNING] WebGL: too many errors, no more errors will be reported to the console for this context. @ about:srcdoc:437
[  451564ms] [WARNING] WebGL: INVALID_OPERATION: uniform1f: location is not from the associated program @ about:srcdoc:436
[  451564ms] [WARNING] WebGL: INVALID_OPERATION: uniform2f: location is not from the associated program @ about:srcdoc:437
[  451565ms] [WARNING] WebGL: INVALID_OPERATION: uniform1f: location is not from the associated program @ about:srcdoc:436
[  451565ms] [WARNING] WebGL: INVALID_OPERATION: uniform2f: location is not from the associated program @ about:srcdoc:437
[  451565ms] [WARNING] WebGL: INVALID_OPERATION: uniform1f: location is not from the associated program @ about:srcdoc:436
[  451565ms] [WARNING] WebGL: INVALID_OPERATION: uniform2f: location is not from the associated program @ about:srcdoc:437
[  451566ms] [WARNING] WebGL: INVALID_OPERATION: uniform1f: location is not from the associated program @ about:srcdoc:436
[  451566ms] [WARNING] WebGL: INVALID_OPERATION: uniform2f: location is not from the associated program @ about:srcdoc:437
[  451738ms] [WARNING] WebGL: INVALID_OPERATION: uniform1f: location is not from the associated program @ about:srcdoc:436
[  451738ms] [WARNING] WebGL: INVALID_OPERATION: uniform2f: location is not from the associated program @ about:srcdoc:437
[  451824ms] [WARNING] WebGL: INVALID_OPERATION: uniform1f: location is not from the associated program @ about:srcdoc:436
[  451824ms] [WARNING] WebGL: INVALID_OPERATION: uniform2f: location is not from the associated program @ about:srcdoc:437
[  451829ms] [WARNING] WebGL: INVALID_OPERATION: uniform1f: location is not from the associated program @ about:srcdoc:436
[  451829ms] [WARNING] WebGL: INVALID_OPERATION: uniform2f: location is not from the associated program @ about:srcdoc:437
[  452142ms] [WARNING] WebGL: INVALID_OPERATION: uniform1f: location is not from the associated program @ about:srcdoc:436
[  452143ms] [WARNING] WebGL: INVALID_OPERATION: uniform2f: location is not from the associated program @ about:srcdoc:437
[  452166ms] [WARNING] WebGL: INVALID_OPERATION: uniform1f: location is not from the associated program @ about:srcdoc:436
[  452166ms] [WARNING] WebGL: INVALID_OPERATION: uniform2f: location is not from the associated program @ about:srcdoc:437
[  452178ms] [WARNING] WebGL: INVALID_OPERATION: uniform1f: location is not from the associated program @ about:srcdoc:436
[  452178ms] [WARNING] WebGL: INVALID_OPERATION: uniform2f: location is not from the associated program @ about:srcdoc:437
[  452331ms] [WARNING] WebGL: INVALID_OPERATION: uniform1f: location is not from the associated program @ about:srcdoc:436
[  452331ms] [WARNING] WebGL: INVALID_OPERATION: uniform2f: location is not from the associated program @ about:srcdoc:437
[  452478ms] [WARNING] WebGL: INVALID_OPERATION: uniform1f: location is not from the associated program @ about:srcdoc:436
[  452478ms] [WARNING] WebGL: INVALID_OPERATION: uniform2f: location is not from the associated program @ about:srcdoc:437
[  452617ms] [WARNING] WebGL: INVALID_OPERATION: uniform1f: location is not from the associated program @ about:srcdoc:436
[  452617ms] [WARNING] WebGL: INVALID_OPERATION: uniform2f: location is not from the associated program @ about:srcdoc:437
[  452652ms] [WARNING] WebGL: INVALID_OPERATION: uniform1f: location is not from the associated program @ about:srcdoc:436
[  452653ms] [WARNING] WebGL: INVALID_OPERATION: uniform2f: location is not from the associated program @ about:srcdoc:437
[  452694ms] [WARNING] WebGL: INVALID_OPERATION: uniform1f: location is not from the associated program @ about:srcdoc:436
[  452694ms] [WARNING] WebGL: INVALID_OPERATION: uniform2f: location is not from the associated program @ about:srcdoc:437
[  452893ms] [WARNING] WebGL: INVALID_OPERATION: uniform1f: location is not from the associated program @ about:srcdoc:436
[  452893ms] [WARNING] WebGL: INVALID_OPERATION: uniform2f: location is not from the associated program @ about:srcdoc:437
[  452925ms] [WARNING] WebGL: INVALID_OPERATION: uniform1f: location is not from the associated program @ about:srcdoc:436
[  452925ms] [WARNING] WebGL: INVALID_OPERATION: uniform2f: location is not from the associated program @ about:srcdoc:437
[  453001ms] [WARNING] WebGL: INVALID_OPERATION: uniform1f: location is not from the associated program @ about:srcdoc:436
[  453001ms] [WARNING] WebGL: INVALID_OPERATION: uniform2f: location is not from the associated program @ about:srcdoc:437
[  453143ms] [WARNING] WebGL: INVALID_OPERATION: uniform1f: location is not from the associated program @ about:srcdoc:436
[  453143ms] [WARNING] WebGL: INVALID_OPERATION: uniform2f: location is not from the associated program @ about:srcdoc:437
[  453162ms] [WARNING] WebGL: INVALID_OPERATION: uniform1f: location is not from the associated program @ about:srcdoc:436
[  453162ms] [WARNING] WebGL: INVALID_OPERATION: uniform2f: location is not from the associated program @ about:srcdoc:437
[  453166ms] [WARNING] WebGL: INVALID_OPERATION: uniform1f: location is not from the associated program @ about:srcdoc:436
[  453166ms] [WARNING] WebGL: INVALID_OPERATION: uniform2f: location is not from the associated program @ about:srcdoc:437
[  453281ms] [WARNING] WebGL: INVALID_OPERATION: uniform1f: location is not from the associated program @ about:srcdoc:436
[  453281ms] [WARNING] WebGL: INVALID_OPERATION: uniform2f: location is not from the associated program @ about:srcdoc:437
[  453593ms] [WARNING] WebGL: INVALID_OPERATION: uniform1f: location is not from the associated program @ about:srcdoc:436
[  453593ms] [WARNING] WebGL: INVALID_OPERATION: uniform2f: location is not from the associated program @ about:srcdoc:437
[  453632ms] [WARNING] WebGL: INVALID_OPERATION: uniform1f: location is not from the associated program @ about:srcdoc:436
[  453632ms] [WARNING] WebGL: INVALID_OPERATION: uniform2f: location is not from the associated program @ about:srcdoc:437
[  453707ms] [WARNING] WebGL: INVALID_OPERATION: uniform1f: location is not from the associated program @ about:srcdoc:436
[  453707ms] [WARNING] WebGL: INVALID_OPERATION: uniform2f: location is not from the associated program @ about:srcdoc:437
[  453712ms] [WARNING] WebGL: INVALID_OPERATION: uniform1f: location is not from the associated program @ about:srcdoc:436
[  453712ms] [WARNING] WebGL: INVALID_OPERATION: uniform2f: location is not from the associated program @ about:srcdoc:437
[  453795ms] [WARNING] WebGL: INVALID_OPERATION: uniform1f: location is not from the associated program @ about:srcdoc:436
[  453795ms] [WARNING] WebGL: INVALID_OPERATION: uniform2f: location is not from the associated program @ about:srcdoc:437
[  453812ms] [WARNING] WebGL: INVALID_OPERATION: uniform1f: location is not from the associated program @ about:srcdoc:436
[  453812ms] [WARNING] WebGL: INVALID_OPERATION: uniform2f: location is not from the associated program @ about:srcdoc:437
[  453817ms] [WARNING] WebGL: INVALID_OPERATION: uniform1f: location is not from the associated program @ about:srcdoc:436
[  453817ms] [WARNING] WebGL: INVALID_OPERATION: uniform2f: location is not from the associated program @ about:srcdoc:437
[  453836ms] [WARNING] WebGL: INVALID_OPERATION: uniform1f: location is not from the associated program @ about:srcdoc:436
[  453836ms] [WARNING] WebGL: INVALID_OPERATION: uniform2f: location is not from the associated program @ about:srcdoc:437
[  453927ms] [WARNING] WebGL: INVALID_OPERATION: uniform1f: location is not from the associated program @ about:srcdoc:436
[  453927ms] [WARNING] WebGL: INVALID_OPERATION: uniform2f: location is not from the associated program @ about:srcdoc:437
[  453980ms] [WARNING] WebGL: INVALID_OPERATION: uniform1f: location is not from the associated program @ about:srcdoc:436
[  453980ms] [WARNING] WebGL: INVALID_OPERATION: uniform2f: location is not from the associated program @ about:srcdoc:437
[  454030ms] [WARNING] WebGL: INVALID_OPERATION: uniform1f: location is not from the associated program @ about:srcdoc:436
[  454030ms] [WARNING] WebGL: INVALID_OPERATION: uniform2f: location is not from the associated program @ about:srcdoc:437
[  454035ms] [WARNING] WebGL: INVALID_OPERATION: uniform1f: location is not from the associated program @ about:srcdoc:436
[  454035ms] [WARNING] WebGL: INVALID_OPERATION: uniform2f: location is not from the associated program @ about:srcdoc:437
[  454118ms] [WARNING] WebGL: INVALID_OPERATION: uniform1f: location is not from the associated program @ about:srcdoc:436
[  454118ms] [WARNING] WebGL: INVALID_OPERATION: uniform2f: location is not from the associated program @ about:srcdoc:437
[  454126ms] [WARNING] WebGL: INVALID_OPERATION: uniform1f: location is not from the associated program @ about:srcdoc:436
[  454126ms] [WARNING] WebGL: INVALID_OPERATION: uniform2f: location is not from the associated program @ about:srcdoc:437
[  454144ms] [WARNING] WebGL: INVALID_OPERATION: uniform1f: location is not from the associated program @ about:srcdoc:436
[  454145ms] [WARNING] WebGL: INVALID_OPERATION: uniform2f: location is not from the associated program @ about:srcdoc:437
[  454169ms] [WARNING] WebGL: INVALID_OPERATION: uniform1f: location is not from the associated program @ about:srcdoc:436
[  454169ms] [WARNING] WebGL: INVALID_OPERATION: uniform2f: location is not from the associated program @ about:srcdoc:437
[  454245ms] [WARNING] WebGL: INVALID_OPERATION: uniform1f: location is not from the associated program @ about:srcdoc:436
[  454245ms] [WARNING] WebGL: INVALID_OPERATION: uniform2f: location is not from the associated program @ about:srcdoc:437
[  454250ms] [WARNING] WebGL: INVALID_OPERATION: uniform1f: location is not from the associated program @ about:srcdoc:436
[  454250ms] [WARNING] WebGL: INVALID_OPERATION: uniform2f: location is not from the associated program @ about:srcdoc:437
[  454254ms] [WARNING] WebGL: INVALID_OPERATION: uniform1f: location is not from the associated program @ about:srcdoc:436
[  454254ms] [WARNING] WebGL: INVALID_OPERATION: uniform2f: location is not from the associated program @ about:srcdoc:437
[  454259ms] [WARNING] WebGL: INVALID_OPERATION: uniform1f: location is not from the associated program @ about:srcdoc:436
[  454259ms] [WARNING] WebGL: INVALID_OPERATION: uniform2f: location is not from the associated program @ about:srcdoc:437
[  454309ms] [WARNING] WebGL: INVALID_OPERATION: uniform1f: location is not from the associated program @ about:srcdoc:436
[  454309ms] [WARNING] WebGL: INVALID_OPERATION: uniform2f: location is not from the associated program @ about:srcdoc:437
[  454316ms] [WARNING] WebGL: INVALID_OPERATION: uniform1f: location is not from the associated program @ about:srcdoc:436
[  454316ms] [WARNING] WebGL: INVALID_OPERATION: uniform2f: location is not from the associated program @ about:srcdoc:437
[  454352ms] [WARNING] WebGL: INVALID_OPERATION: uniform1f: location is not from the associated program @ about:srcdoc:436
[  454353ms] [WARNING] WebGL: INVALID_OPERATION: uniform2f: location is not from the associated program @ about:srcdoc:437
[  454422ms] [WARNING] WebGL: INVALID_OPERATION: uniform1f: location is not from the associated program @ about:srcdoc:436
[  454422ms] [WARNING] WebGL: INVALID_OPERATION: uniform2f: location is not from the associated program @ about:srcdoc:437
[  454426ms] [WARNING] WebGL: INVALID_OPERATION: uniform1f: location is not from the associated program @ about:srcdoc:436
[  454426ms] [WARNING] WebGL: INVALID_OPERATION: uniform2f: location is not from the associated program @ about:srcdoc:437
[  454432ms] [WARNING] WebGL: INVALID_OPERATION: uniform1f: location is not from the associated program @ about:srcdoc:436
[  454432ms] [WARNING] WebGL: INVALID_OPERATION: uniform2f: location is not from the associated program @ about:srcdoc:437
[  454456ms] [WARNING] WebGL: INVALID_OPERATION: uniform1f: location is not from the associated program @ about:srcdoc:436
[  454456ms] [WARNING] WebGL: INVALID_OPERATION: uniform2f: location is not from the associated program @ about:srcdoc:437
[  454463ms] [WARNING] WebGL: INVALID_OPERATION: uniform1f: location is not from the associated program @ about:srcdoc:436
[  454463ms] [WARNING] WebGL: INVALID_OPERATION: uniform2f: location is not from the associated program @ about:srcdoc:437
[  454480ms] [WARNING] WebGL: INVALID_OPERATION: uniform1f: location is not from the associated program @ about:srcdoc:436
[  454480ms] [WARNING] WebGL: INVALID_OPERATION: uniform2f: location is not from the associated program @ about:srcdoc:437
[  454490ms] [WARNING] WebGL: INVALID_OPERATION: uniform1f: location is not from the associated program @ about:srcdoc:436
[  454490ms] [WARNING] WebGL: INVALID_OPERATION: uniform2f: location is not from the associated program @ about:srcdoc:437
[  454497ms] [WARNING] WebGL: INVALID_OPERATION: uniform1f: location is not from the associated program @ about:srcdoc:436
[  454498ms] [WARNING] WebGL: INVALID_OPERATION: uniform2f: location is not from the associated program @ about:srcdoc:437
[  454509ms] [WARNING] WebGL: INVALID_OPERATION: uniform1f: location is not from the associated program @ about:srcdoc:436
[  454509ms] [WARNING] WebGL: INVALID_OPERATION: uniform2f: location is not from the associated program @ about:srcdoc:437
[  454514ms] [WARNING] WebGL: INVALID_OPERATION: uniform1f: location is not from the associated program @ about:srcdoc:436
[  454515ms] [WARNING] WebGL: INVALID_OPERATION: uniform2f: location is not from the associated program @ about:srcdoc:437
[  454518ms] [WARNING] WebGL: INVALID_OPERATION: uniform1f: location is not from the associated program @ about:srcdoc:436
[  454518ms] [WARNING] WebGL: INVALID_OPERATION: uniform2f: location is not from the associated program @ about:srcdoc:437
[  454521ms] [WARNING] WebGL: INVALID_OPERATION: uniform1f: location is not from the associated program @ about:srcdoc:436
[  454522ms] [WARNING] WebGL: INVALID_OPERATION: uniform2f: location is not from the associated program @ about:srcdoc:437
[  454529ms] [WARNING] WebGL: INVALID_OPERATION: uniform1f: location is not from the associated program @ about:srcdoc:436
[  454530ms] [WARNING] WebGL: INVALID_OPERATION: uniform2f: location is not from the associated program @ about:srcdoc:437
[  454536ms] [WARNING] WebGL: INVALID_OPERATION: uniform1f: location is not from the associated program @ about:srcdoc:436
[  454536ms] [WARNING] WebGL: INVALID_OPERATION: uniform2f: location is not from the associated program @ about:srcdoc:437
[  454543ms] [WARNING] WebGL: INVALID_OPERATION: uniform1f: location is not from the associated program @ about:srcdoc:436
[  454543ms] [WARNING] WebGL: INVALID_OPERATION: uniform2f: location is not from the associated program @ about:srcdoc:437
[  454548ms] [WARNING] WebGL: INVALID_OPERATION: uniform1f: location is not from the associated program @ about:srcdoc:436
[  454548ms] [WARNING] WebGL: INVALID_OPERATION: uniform2f: location is not from the associated program @ about:srcdoc:437
[  454552ms] [WARNING] WebGL: INVALID_OPERATION: uniform1f: location is not from the associated program @ about:srcdoc:436
[  454553ms] [WARNING] WebGL: INVALID_OPERATION: uniform2f: location is not from the associated program @ about:srcdoc:437
[  454555ms] [WARNING] WebGL: INVALID_OPERATION: uniform1f: location is not from the associated program @ about:srcdoc:436
[  454556ms] [WARNING] WebGL: INVALID_OPERATION: uniform2f: location is not from the associated program @ about:srcdoc:437
[  454558ms] [WARNING] WebGL: INVALID_OPERATION: uniform1f: location is not from the associated program @ about:srcdoc:436
[  454558ms] [WARNING] WebGL: INVALID_OPERATION: uniform2f: location is not from the associated program @ about:srcdoc:437
[  454604ms] [WARNING] WebGL: INVALID_OPERATION: uniform1f: location is not from the associated program @ about:srcdoc:436
[  454604ms] [WARNING] WebGL: INVALID_OPERATION: uniform2f: location is not from the associated program @ about:srcdoc:437
[  454613ms] [WARNING] WebGL: INVALID_OPERATION: uniform1f: location is not from the associated program @ about:srcdoc:436
[  454614ms] [WARNING] WebGL: INVALID_OPERATION: uniform2f: location is not from the associated program @ about:srcdoc:437
[  454623ms] [WARNING] WebGL: INVALID_OPERATION: uniform1f: location is not from the associated program @ about:srcdoc:436
[  454623ms] [WARNING] WebGL: INVALID_OPERATION: uniform2f: location is not from the associated program @ about:srcdoc:437
[  454629ms] [WARNING] WebGL: INVALID_OPERATION: uniform1f: location is not from the associated program @ about:srcdoc:436
[  454629ms] [WARNING] WebGL: INVALID_OPERATION: uniform2f: location is not from the associated program @ about:srcdoc:437
[  454633ms] [WARNING] WebGL: INVALID_OPERATION: uniform1f: location is not from the associated program @ about:srcdoc:436
[  454633ms] [WARNING] WebGL: INVALID_OPERATION: uniform2f: location is not from the associated program @ about:srcdoc:437
[  454640ms] [WARNING] WebGL: INVALID_OPERATION: uniform1f: location is not from the associated program @ about:srcdoc:436
[  454640ms] [WARNING] WebGL: INVALID_OPERATION: uniform2f: location is not from the associated program @ about:srcdoc:437
[  454706ms] [WARNING] WebGL: INVALID_OPERATION: uniform1f: location is not from the associated program @ about:srcdoc:436
[  454706ms] [WARNING] WebGL: INVALID_OPERATION: uniform2f: location is not from the associated program @ about:srcdoc:437
[  454715ms] [WARNING] WebGL: INVALID_OPERATION: uniform1f: location is not from the associated program @ about:srcdoc:436
[  454715ms] [WARNING] WebGL: INVALID_OPERATION: uniform2f: location is not from the associated program @ about:srcdoc:437
[  454718ms] [WARNING] WebGL: INVALID_OPERATION: uniform1f: location is not from the associated program @ about:srcdoc:436
[  454718ms] [WARNING] WebGL: INVALID_OPERATION: uniform2f: location is not from the associated program @ about:srcdoc:437
[  454720ms] [WARNING] WebGL: INVALID_OPERATION: uniform1f: location is not from the associated program @ about:srcdoc:436
[  454720ms] [WARNING] WebGL: INVALID_OPERATION: uniform2f: location is not from the associated program @ about:srcdoc:437
[  454724ms] [WARNING] WebGL: INVALID_OPERATION: uniform1f: location is not from the associated program @ about:srcdoc:436
[  454724ms] [WARNING] WebGL: INVALID_OPERATION: uniform2f: location is not from the associated program @ about:srcdoc:437
[  454728ms] [WARNING] WebGL: INVALID_OPERATION: uniform1f: location is not from the associated program @ about:srcdoc:436
[  454728ms] [WARNING] WebGL: INVALID_OPERATION: uniform2f: location is not from the associated program @ about:srcdoc:437
[  454782ms] [WARNING] WebGL: INVALID_OPERATION: uniform1f: location is not from the associated program @ about:srcdoc:436
[  454783ms] [WARNING] WebGL: INVALID_OPERATION: uniform2f: location is not from the associated program @ about:srcdoc:437
[  454797ms] [WARNING] WebGL: INVALID_OPERATION: uniform1f: location is not from the associated program @ about:srcdoc:436
[  454797ms] [WARNING] WebGL: INVALID_OPERATION: uniform2f: location is not from the associated program @ about:srcdoc:437
[  454812ms] [WARNING] WebGL: INVALID_OPERATION: uniform1f: location is not from the associated program @ about:srcdoc:436
[  454812ms] [WARNING] WebGL: INVALID_OPERATION: uniform2f: location is not from the associated program @ about:srcdoc:437
[  454818ms] [WARNING] WebGL: INVALID_OPERATION: uniform1f: location is not from the associated program @ about:srcdoc:436
[  454818ms] [WARNING] WebGL: INVALID_OPERATION: uniform2f: location is not from the associated program @ about:srcdoc:437
[  454824ms] [WARNING] WebGL: INVALID_OPERATION: uniform1f: location is not from the associated program @ about:srcdoc:436
[  454825ms] [WARNING] WebGL: INVALID_OPERATION: uniform2f: location is not from the associated program @ about:srcdoc:437
[  454830ms] [WARNING] WebGL: INVALID_OPERATION: uniform1f: location is not from the associated program @ about:srcdoc:436
[  454830ms] [WARNING] WebGL: INVALID_OPERATION: uniform2f: location is not from the associated program @ about:srcdoc:437
[  454833ms] [WARNING] WebGL: INVALID_OPERATION: uniform1f: location is not from the associated program @ about:srcdoc:436
[  454833ms] [WARNING] WebGL: INVALID_OPERATION: uniform2f: location is not from the associated program @ about:srcdoc:437
[  454835ms] [WARNING] WebGL: INVALID_OPERATION: uniform1f: location is not from the associated program @ about:srcdoc:436
[  454836ms] [WARNING] WebGL: INVALID_OPERATION: uniform2f: location is not from the associated program @ about:srcdoc:437
[  454864ms] [WARNING] WebGL: INVALID_OPERATION: uniform1f: location is not from the associated program @ about:srcdoc:436
[  454864ms] [WARNING] WebGL: INVALID_OPERATION: uniform2f: location is not from the associated program @ about:srcdoc:437
[  454871ms] [WARNING] WebGL: INVALID_OPERATION: uniform1f: location is not from the associated program @ about:srcdoc:436
[  454872ms] [WARNING] WebGL: INVALID_OPERATION: uniform2f: location is not from the associated program @ about:srcdoc:437
[  454877ms] [WARNING] WebGL: INVALID_OPERATION: uniform1f: location is not from the associated program @ about:srcdoc:436
[  454877ms] [WARNING] WebGL: INVALID_OPERATION: uniform2f: location is not from the associated program @ about:srcdoc:437
[  454880ms] [WARNING] WebGL: INVALID_OPERATION: uniform1f: location is not from the associated program @ about:srcdoc:436
[  454880ms] [WARNING] WebGL: INVALID_OPERATION: uniform2f: location is not from the associated program @ about:srcdoc:437
[  454884ms] [WARNING] WebGL: INVALID_OPERATION: uniform1f: location is not from the associated program @ about:srcdoc:436
[  454884ms] [WARNING] WebGL: INVALID_OPERATION: uniform2f: location is not from the associated program @ about:srcdoc:437
[  454887ms] [WARNING] WebGL: INVALID_OPERATION: uniform1f: location is not from the associated program @ about:srcdoc:436
[  454887ms] [WARNING] WebGL: INVALID_OPERATION: uniform2f: location is not from the associated program @ about:srcdoc:437
[  454892ms] [WARNING] WebGL: INVALID_OPERATION: uniform1f: location is not from the associated program @ about:srcdoc:436
[  454892ms] [WARNING] WebGL: INVALID_OPERATION: uniform2f: location is not from the associated program @ about:srcdoc:437
[  454898ms] [WARNING] WebGL: INVALID_OPERATION: uniform1f: location is not from the associated program @ about:srcdoc:436
[  454898ms] [WARNING] WebGL: INVALID_OPERATION: uniform2f: location is not from the associated program @ about:srcdoc:437
[  454969ms] [WARNING] WebGL: INVALID_OPERATION: uniform1f: location is not from the associated program @ about:srcdoc:436
[  454969ms] [WARNING] WebGL: INVALID_OPERATION: uniform2f: location is not from the associated program @ about:srcdoc:437
[  454980ms] [WARNING] WebGL: INVALID_OPERATION: uniform1f: location is not from the associated program @ about:srcdoc:436
[  454980ms] [WARNING] WebGL: INVALID_OPERATION: uniform2f: location is not from the associated program @ about:srcdoc:437
[  454990ms] [WARNING] WebGL: INVALID_OPERATION: uniform1f: location is not from the associated program @ about:srcdoc:436
[  454990ms] [WARNING] WebGL: INVALID_OPERATION: uniform2f: location is not from the associated program @ about:srcdoc:437
[  454993ms] [WARNING] WebGL: INVALID_OPERATION: uniform1f: location is not from the associated program @ about:srcdoc:436
[  454993ms] [WARNING] WebGL: INVALID_OPERATION: uniform2f: location is not from the associated program @ about:srcdoc:437
[  454997ms] [WARNING] WebGL: INVALID_OPERATION: uniform1f: location is not from the associated program @ about:srcdoc:436
[  454997ms] [WARNING] WebGL: INVALID_OPERATION: uniform2f: location is not from the associated program @ about:srcdoc:437
[  455000ms] [WARNING] WebGL: INVALID_OPERATION: uniform1f: location is not from the associated program @ about:srcdoc:436
[  455000ms] [WARNING] WebGL: INVALID_OPERATION: uniform2f: location is not from the associated program @ about:srcdoc:437
[  455004ms] [WARNING] WebGL: INVALID_OPERATION: uniform1f: location is not from the associated program @ about:srcdoc:436
[  455005ms] [WARNING] WebGL: INVALID_OPERATION: uniform2f: location is not from the associated program @ about:srcdoc:437
[  455013ms] [WARNING] WebGL: INVALID_OPERATION: uniform1f: location is not from the associated program @ about:srcdoc:436
[  455013ms] [WARNING] WebGL: INVALID_OPERATION: uniform2f: location is not from the associated program @ about:srcdoc:437
[  455027ms] [WARNING] WebGL: INVALID_OPERATION: uniform1f: location is not from the associated program @ about:srcdoc:436
[  455027ms] [WARNING] WebGL: INVALID_OPERATION: uniform2f: location is not from the associated program @ about:srcdoc:437
[  455031ms] [WARNING] WebGL: INVALID_OPERATION: uniform1f: location is not from the associated program @ about:srcdoc:436
[  455031ms] [WARNING] WebGL: INVALID_OPERATION: uniform2f: location is not from the associated program @ about:srcdoc:437
[  455036ms] [WARNING] WebGL: INVALID_OPERATION: uniform1f: location is not from the associated program @ about:srcdoc:436
[  455036ms] [WARNING] WebGL: INVALID_OPERATION: uniform2f: location is not from the associated program @ about:srcdoc:437
[  455049ms] [WARNING] WebGL: INVALID_OPERATION: uniform1f: location is not from the associated program @ about:srcdoc:436
[  455050ms] [WARNING] WebGL: INVALID_OPERATION: uniform2f: location is not from the associated program @ about:srcdoc:437
[  455058ms] [WARNING] WebGL: INVALID_OPERATION: uniform1f: location is not from the associated program @ about:srcdoc:436
[  455059ms] [WARNING] WebGL: INVALID_OPERATION: uniform2f: location is not from the associated program @ about:srcdoc:437
[  455066ms] [WARNING] WebGL: INVALID_OPERATION: uniform1f: location is not from the associated program @ about:srcdoc:436
[  455067ms] [WARNING] WebGL: INVALID_OPERATION: uniform2f: location is not from the associated program @ about:srcdoc:437
[  455074ms] [WARNING] WebGL: INVALID_OPERATION: uniform1f: location is not from the associated program @ about:srcdoc:436
[  455075ms] [WARNING] WebGL: INVALID_OPERATION: uniform2f: location is not from the associated program @ about:srcdoc:437
[  455084ms] [WARNING] WebGL: INVALID_OPERATION: uniform1f: location is not from the associated program @ about:srcdoc:436
[  455084ms] [WARNING] WebGL: INVALID_OPERATION: uniform2f: location is not from the associated program @ about:srcdoc:437
[  455117ms] [WARNING] WebGL: INVALID_OPERATION: uniform1f: location is not from the associated program @ about:srcdoc:436
[  455117ms] [WARNING] WebGL: INVALID_OPERATION: uniform2f: location is not from the associated program @ about:srcdoc:437
[  455127ms] [WARNING] WebGL: INVALID_OPERATION: uniform1f: location is not from the associated program @ about:srcdoc:436
[  455127ms] [WARNING] WebGL: INVALID_OPERATION: uniform2f: location is not from the associated program @ about:srcdoc:437
[  455130ms] [WARNING] WebGL: INVALID_OPERATION: uniform1f: location is not from the associated program @ about:srcdoc:436
[  455131ms] [WARNING] WebGL: INVALID_OPERATION: uniform2f: location is not from the associated program @ about:srcdoc:437
[  455136ms] [WARNING] WebGL: INVALID_OPERATION: uniform1f: location is not from the associated program @ about:srcdoc:436
[  455137ms] [WARNING] WebGL: INVALID_OPERATION: uniform2f: location is not from the associated program @ about:srcdoc:437
[  455155ms] [WARNING] WebGL: INVALID_OPERATION: uniform1f: location is not from the associated program @ about:srcdoc:436
[  455156ms] [WARNING] WebGL: INVALID_OPERATION: uniform2f: location is not from the associated program @ about:srcdoc:437
[  455163ms] [WARNING] WebGL: INVALID_OPERATION: uniform1f: location is not from the associated program @ about:srcdoc:436
[  455163ms] [WARNING] WebGL: INVALID_OPERATION: uniform2f: location is not from the associated program @ about:srcdoc:437
[  455167ms] [WARNING] WebGL: INVALID_OPERATION: uniform1f: location is not from the associated program @ about:srcdoc:436
[  455167ms] [WARNING] WebGL: INVALID_OPERATION: uniform2f: location is not from the associated program @ about:srcdoc:437
[  455173ms] [WARNING] WebGL: INVALID_OPERATION: uniform1f: location is not from the associated program @ about:srcdoc:436
[  455173ms] [WARNING] WebGL: INVALID_OPERATION: uniform2f: location is not from the associated program @ about:srcdoc:437
[  455192ms] [WARNING] WebGL: INVALID_OPERATION: uniform1f: location is not from the associated program @ about:srcdoc:436
[  455192ms] [WARNING] WebGL: INVALID_OPERATION: uniform2f: location is not from the associated program @ about:srcdoc:437
[  455195ms] [WARNING] WebGL: INVALID_OPERATION: uniform1f: location is not from the associated program @ about:srcdoc:436
[  455195ms] [WARNING] WebGL: INVALID_OPERATION: uniform2f: location is not from the associated program @ about:srcdoc:437
[  455197ms] [WARNING] WebGL: INVALID_OPERATION: uniform1f: location is not from the associated program @ about:srcdoc:436
[  455197ms] [WARNING] WebGL: INVALID_OPERATION: uniform2f: location is not from the associated program @ about:srcdoc:437
[  455199ms] [WARNING] WebGL: INVALID_OPERATION: uniform1f: location is not from the associated program @ about:srcdoc:436
[  455200ms] [WARNING] WebGL: INVALID_OPERATION: uniform2f: location is not from the associated program @ about:srcdoc:437
[  455204ms] [WARNING] WebGL: INVALID_OPERATION: uniform1f: location is not from the associated program @ about:srcdoc:436
[  455204ms] [WARNING] WebGL: INVALID_OPERATION: uniform2f: location is not from the associated program @ about:srcdoc:437
[  455216ms] [WARNING] WebGL: INVALID_OPERATION: uniform1f: location is not from the associated program @ about:srcdoc:436
[  455216ms] [WARNING] WebGL: INVALID_OPERATION: uniform2f: location is not from the associated program @ about:srcdoc:437
[  455224ms] [WARNING] WebGL: INVALID_OPERATION: uniform1f: location is not from the associated program @ about:srcdoc:436
[  455225ms] [WARNING] WebGL: INVALID_OPERATION: uniform2f: location is not from the associated program @ about:srcdoc:437
[  455230ms] [WARNING] WebGL: INVALID_OPERATION: uniform1f: location is not from the associated program @ about:srcdoc:436
[  455231ms] [WARNING] WebGL: INVALID_OPERATION: uniform2f: location is not from the associated program @ about:srcdoc:437
[  455251ms] [WARNING] WebGL: INVALID_OPERATION: uniform1f: location is not from the associated program @ about:srcdoc:436
[  455251ms] [WARNING] WebGL: INVALID_OPERATION: uniform2f: location is not from the associated program @ about:srcdoc:437
[  455262ms] [WARNING] WebGL: INVALID_OPERATION: uniform1f: location is not from the associated program @ about:srcdoc:436
[  455262ms] [WARNING] WebGL: INVALID_OPERATION: uniform2f: location is not from the associated program @ about:srcdoc:437
[  455276ms] [WARNING] WebGL: INVALID_OPERATION: uniform1f: location is not from the associated program @ about:srcdoc:436
[  455276ms] [WARNING] WebGL: INVALID_OPERATION: uniform2f: location is not from the associated program @ about:srcdoc:437
[  455279ms] [WARNING] WebGL: INVALID_OPERATION: uniform1f: location is not from the associated program @ about:srcdoc:436
[  455279ms] [WARNING] WebGL: INVALID_OPERATION: uniform2f: location is not from the associated program @ about:srcdoc:437
[  455279ms] [WARNING] WebGL: too many errors, no more errors will be reported to the console for this context. @ about:srcdoc:437
[  451564ms] [WARNING] WebGL: INVALID_OPERATION: uniform1f: location is not from the associated program @ about:srcdoc:436
[  451564ms] [WARNING] WebGL: INVALID_OPERATION: uniform2f: location is not from the associated program @ about:srcdoc:437
[  451565ms] [WARNING] WebGL: INVALID_OPERATION: uniform1f: location is not from the associated program @ about:srcdoc:436
[  451565ms] [WARNING] WebGL: INVALID_OPERATION: uniform2f: location is not from the associated program @ about:srcdoc:437
[  451565ms] [WARNING] WebGL: INVALID_OPERATION: uniform1f: location is not from the associated program @ about:srcdoc:436
[  451565ms] [WARNING] WebGL: INVALID_OPERATION: uniform2f: location is not from the associated program @ about:srcdoc:437
[  451566ms] [WARNING] WebGL: INVALID_OPERATION: uniform1f: location is not from the associated program @ about:srcdoc:436
[  451566ms] [WARNING] WebGL: INVALID_OPERATION: uniform2f: location is not from the associated program @ about:srcdoc:437
[  451738ms] [WARNING] WebGL: INVALID_OPERATION: uniform1f: location is not from the associated program @ about:srcdoc:436
[  451738ms] [WARNING] WebGL: INVALID_OPERATION: uniform2f: location is not from the associated program @ about:srcdoc:437
[  451824ms] [WARNING] WebGL: INVALID_OPERATION: uniform1f: location is not from the associated program @ about:srcdoc:436
[  451824ms] [WARNING] WebGL: INVALID_OPERATION: uniform2f: location is not from the associated program @ about:srcdoc:437
[  451829ms] [WARNING] WebGL: INVALID_OPERATION: uniform1f: location is not from the associated program @ about:srcdoc:436
[  451829ms] [WARNING] WebGL: INVALID_OPERATION: uniform2f: location is not from the associated program @ about:srcdoc:437
[  452142ms] [WARNING] WebGL: INVALID_OPERATION: uniform1f: location is not from the associated program @ about:srcdoc:436
[  452143ms] [WARNING] WebGL: INVALID_OPERATION: uniform2f: location is not from the associated program @ about:srcdoc:437
[  452166ms] [WARNING] WebGL: INVALID_OPERATION: uniform1f: location is not from the associated program @ about:srcdoc:436
[  452166ms] [WARNING] WebGL: INVALID_OPERATION: uniform2f: location is not from the associated program @ about:srcdoc:437
[  452178ms] [WARNING] WebGL: INVALID_OPERATION: uniform1f: location is not from the associated program @ about:srcdoc:436
[  452178ms] [WARNING] WebGL: INVALID_OPERATION: uniform2f: location is not from the associated program @ about:srcdoc:437
[  452331ms] [WARNING] WebGL: INVALID_OPERATION: uniform1f: location is not from the associated program @ about:srcdoc:436
[  452331ms] [WARNING] WebGL: INVALID_OPERATION: uniform2f: location is not from the associated program @ about:srcdoc:437
[  452478ms] [WARNING] WebGL: INVALID_OPERATION: uniform1f: location is not from the associated program @ about:srcdoc:436
[  452478ms] [WARNING] WebGL: INVALID_OPERATION: uniform2f: location is not from the associated program @ about:srcdoc:437
[  452617ms] [WARNING] WebGL: INVALID_OPERATION: uniform1f: location is not from the associated program @ about:srcdoc:436
[  452617ms] [WARNING] WebGL: INVALID_OPERATION: uniform2f: location is not from the associated program @ about:srcdoc:437
[  452652ms] [WARNING] WebGL: INVALID_OPERATION: uniform1f: location is not from the associated program @ about:srcdoc:436
[  452653ms] [WARNING] WebGL: INVALID_OPERATION: uniform2f: location is not from the associated program @ about:srcdoc:437
[  452694ms] [WARNING] WebGL: INVALID_OPERATION: uniform1f: location is not from the associated program @ about:srcdoc:436
[  452694ms] [WARNING] WebGL: INVALID_OPERATION: uniform2f: location is not from the associated program @ about:srcdoc:437
[  452893ms] [WARNING] WebGL: INVALID_OPERATION: uniform1f: location is not from the associated program @ about:srcdoc:436
[  452893ms] [WARNING] WebGL: INVALID_OPERATION: uniform2f: location is not from the associated program @ about:srcdoc:437
[  452925ms] [WARNING] WebGL: INVALID_OPERATION: uniform1f: location is not from the associated program @ about:srcdoc:436
[  452925ms] [WARNING] WebGL: INVALID_OPERATION: uniform2f: location is not from the associated program @ about:srcdoc:437
[  453001ms] [WARNING] WebGL: INVALID_OPERATION: uniform1f: location is not from the associated program @ about:srcdoc:436
[  453001ms] [WARNING] WebGL: INVALID_OPERATION: uniform2f: location is not from the associated program @ about:srcdoc:437
[  453143ms] [WARNING] WebGL: INVALID_OPERATION: uniform1f: location is not from the associated program @ about:srcdoc:436
[  453143ms] [WARNING] WebGL: INVALID_OPERATION: uniform2f: location is not from the associated program @ about:srcdoc:437
[  453162ms] [WARNING] WebGL: INVALID_OPERATION: uniform1f: location is not from the associated program @ about:srcdoc:436
[  453162ms] [WARNING] WebGL: INVALID_OPERATION: uniform2f: location is not from the associated program @ about:srcdoc:437
[  453166ms] [WARNING] WebGL: INVALID_OPERATION: uniform1f: location is not from the associated program @ about:srcdoc:436
[  453166ms] [WARNING] WebGL: INVALID_OPERATION: uniform2f: location is not from the associated program @ about:srcdoc:437
[  453281ms] [WARNING] WebGL: INVALID_OPERATION: uniform1f: location is not from the associated program @ about:srcdoc:436
[  453281ms] [WARNING] WebGL: INVALID_OPERATION: uniform2f: location is not from the associated program @ about:srcdoc:437
[  453593ms] [WARNING] WebGL: INVALID_OPERATION: uniform1f: location is not from the associated program @ about:srcdoc:436
[  453593ms] [WARNING] WebGL: INVALID_OPERATION: uniform2f: location is not from the associated program @ about:srcdoc:437
[  453632ms] [WARNING] WebGL: INVALID_OPERATION: uniform1f: location is not from the associated program @ about:srcdoc:436
[  453632ms] [WARNING] WebGL: INVALID_OPERATION: uniform2f: location is not from the associated program @ about:srcdoc:437
[  453707ms] [WARNING] WebGL: INVALID_OPERATION: uniform1f: location is not from the associated program @ about:srcdoc:436
[  453707ms] [WARNING] WebGL: INVALID_OPERATION: uniform2f: location is not from the associated program @ about:srcdoc:437
[  453712ms] [WARNING] WebGL: INVALID_OPERATION: uniform1f: location is not from the associated program @ about:srcdoc:436
[  453712ms] [WARNING] WebGL: INVALID_OPERATION: uniform2f: location is not from the associated program @ about:srcdoc:437
[  453795ms] [WARNING] WebGL: INVALID_OPERATION: uniform1f: location is not from the associated program @ about:srcdoc:436
[  453795ms] [WARNING] WebGL: INVALID_OPERATION: uniform2f: location is not from the associated program @ about:srcdoc:437
[  453812ms] [WARNING] WebGL: INVALID_OPERATION: uniform1f: location is not from the associated program @ about:srcdoc:436
[  453812ms] [WARNING] WebGL: INVALID_OPERATION: uniform2f: location is not from the associated program @ about:srcdoc:437
[  453817ms] [WARNING] WebGL: INVALID_OPERATION: uniform1f: location is not from the associated program @ about:srcdoc:436
[  453817ms] [WARNING] WebGL: INVALID_OPERATION: uniform2f: location is not from the associated program @ about:srcdoc:437
[  453836ms] [WARNING] WebGL: INVALID_OPERATION: uniform1f: location is not from the associated program @ about:srcdoc:436
[  453836ms] [WARNING] WebGL: INVALID_OPERATION: uniform2f: location is not from the associated program @ about:srcdoc:437
[  453927ms] [WARNING] WebGL: INVALID_OPERATION: uniform1f: location is not from the associated program @ about:srcdoc:436
[  453927ms] [WARNING] WebGL: INVALID_OPERATION: uniform2f: location is not from the associated program @ about:srcdoc:437
[  453980ms] [WARNING] WebGL: INVALID_OPERATION: uniform1f: location is not from the associated program @ about:srcdoc:436
[  453980ms] [WARNING] WebGL: INVALID_OPERATION: uniform2f: location is not from the associated program @ about:srcdoc:437
[  454030ms] [WARNING] WebGL: INVALID_OPERATION: uniform1f: location is not from the associated program @ about:srcdoc:436
[  454030ms] [WARNING] WebGL: INVALID_OPERATION: uniform2f: location is not from the associated program @ about:srcdoc:437
[  454035ms] [WARNING] WebGL: INVALID_OPERATION: uniform1f: location is not from the associated program @ about:srcdoc:436
[  454035ms] [WARNING] WebGL: INVALID_OPERATION: uniform2f: location is not from the associated program @ about:srcdoc:437
[  454118ms] [WARNING] WebGL: INVALID_OPERATION: uniform1f: location is not from the associated program @ about:srcdoc:436
[  454118ms] [WARNING] WebGL: INVALID_OPERATION: uniform2f: location is not from the associated program @ about:srcdoc:437
[  454126ms] [WARNING] WebGL: INVALID_OPERATION: uniform1f: location is not from the associated program @ about:srcdoc:436
[  454126ms] [WARNING] WebGL: INVALID_OPERATION: uniform2f: location is not from the associated program @ about:srcdoc:437
[  454144ms] [WARNING] WebGL: INVALID_OPERATION: uniform1f: location is not from the associated program @ about:srcdoc:436
[  454145ms] [WARNING] WebGL: INVALID_OPERATION: uniform2f: location is not from the associated program @ about:srcdoc:437
[  454169ms] [WARNING] WebGL: INVALID_OPERATION: uniform1f: location is not from the associated program @ about:srcdoc:436
[  454169ms] [WARNING] WebGL: INVALID_OPERATION: uniform2f: location is not from the associated program @ about:srcdoc:437
[  454245ms] [WARNING] WebGL: INVALID_OPERATION: uniform1f: location is not from the associated program @ about:srcdoc:436
[  454245ms] [WARNING] WebGL: INVALID_OPERATION: uniform2f: location is not from the associated program @ about:srcdoc:437
[  454250ms] [WARNING] WebGL: INVALID_OPERATION: uniform1f: location is not from the associated program @ about:srcdoc:436
[  454250ms] [WARNING] WebGL: INVALID_OPERATION: uniform2f: location is not from the associated program @ about:srcdoc:437
[  454254ms] [WARNING] WebGL: INVALID_OPERATION: uniform1f: location is not from the associated program @ about:srcdoc:436
[  454254ms] [WARNING] WebGL: INVALID_OPERATION: uniform2f: location is not from the associated program @ about:srcdoc:437
[  454259ms] [WARNING] WebGL: INVALID_OPERATION: uniform1f: location is not from the associated program @ about:srcdoc:436
[  454259ms] [WARNING] WebGL: INVALID_OPERATION: uniform2f: location is not from the associated program @ about:srcdoc:437
[  454309ms] [WARNING] WebGL: INVALID_OPERATION: uniform1f: location is not from the associated program @ about:srcdoc:436
[  454309ms] [WARNING] WebGL: INVALID_OPERATION: uniform2f: location is not from the associated program @ about:srcdoc:437
[  454316ms] [WARNING] WebGL: INVALID_OPERATION: uniform1f: location is not from the associated program @ about:srcdoc:436
[  454316ms] [WARNING] WebGL: INVALID_OPERATION: uniform2f: location is not from the associated program @ about:srcdoc:437
[  454352ms] [WARNING] WebGL: INVALID_OPERATION: uniform1f: location is not from the associated program @ about:srcdoc:436
[  454353ms] [WARNING] WebGL: INVALID_OPERATION: uniform2f: location is not from the associated program @ about:srcdoc:437
[  454422ms] [WARNING] WebGL: INVALID_OPERATION: uniform1f: location is not from the associated program @ about:srcdoc:436
[  454422ms] [WARNING] WebGL: INVALID_OPERATION: uniform2f: location is not from the associated program @ about:srcdoc:437
[  454426ms] [WARNING] WebGL: INVALID_OPERATION: uniform1f: location is not from the associated program @ about:srcdoc:436
[  454426ms] [WARNING] WebGL: INVALID_OPERATION: uniform2f: location is not from the associated program @ about:srcdoc:437
[  454432ms] [WARNING] WebGL: INVALID_OPERATION: uniform1f: location is not from the associated program @ about:srcdoc:436
[  454432ms] [WARNING] WebGL: INVALID_OPERATION: uniform2f: location is not from the associated program @ about:srcdoc:437
[  454456ms] [WARNING] WebGL: INVALID_OPERATION: uniform1f: location is not from the associated program @ about:srcdoc:436
[  454456ms] [WARNING] WebGL: INVALID_OPERATION: uniform2f: location is not from the associated program @ about:srcdoc:437
[  454463ms] [WARNING] WebGL: INVALID_OPERATION: uniform1f: location is not from the associated program @ about:srcdoc:436
[  454463ms] [WARNING] WebGL: INVALID_OPERATION: uniform2f: location is not from the associated program @ about:srcdoc:437
[  454480ms] [WARNING] WebGL: INVALID_OPERATION: uniform1f: location is not from the associated program @ about:srcdoc:436
[  454480ms] [WARNING] WebGL: INVALID_OPERATION: uniform2f: location is not from the associated program @ about:srcdoc:437
[  454490ms] [WARNING] WebGL: INVALID_OPERATION: uniform1f: location is not from the associated program @ about:srcdoc:436
[  454490ms] [WARNING] WebGL: INVALID_OPERATION: uniform2f: location is not from the associated program @ about:srcdoc:437
[  454497ms] [WARNING] WebGL: INVALID_OPERATION: uniform1f: location is not from the associated program @ about:srcdoc:436
[  454498ms] [WARNING] WebGL: INVALID_OPERATION: uniform2f: location is not from the associated program @ about:srcdoc:437
[  454509ms] [WARNING] WebGL: INVALID_OPERATION: uniform1f: location is not from the associated program @ about:srcdoc:436
[  454509ms] [WARNING] WebGL: INVALID_OPERATION: uniform2f: location is not from the associated program @ about:srcdoc:437
[  454514ms] [WARNING] WebGL: INVALID_OPERATION: uniform1f: location is not from the associated program @ about:srcdoc:436
[  454515ms] [WARNING] WebGL: INVALID_OPERATION: uniform2f: location is not from the associated program @ about:srcdoc:437
[  454518ms] [WARNING] WebGL: INVALID_OPERATION: uniform1f: location is not from the associated program @ about:srcdoc:436
[  454518ms] [WARNING] WebGL: INVALID_OPERATION: uniform2f: location is not from the associated program @ about:srcdoc:437
[  454521ms] [WARNING] WebGL: INVALID_OPERATION: uniform1f: location is not from the associated program @ about:srcdoc:436
[  454522ms] [WARNING] WebGL: INVALID_OPERATION: uniform2f: location is not from the associated program @ about:srcdoc:437
[  454529ms] [WARNING] WebGL: INVALID_OPERATION: uniform1f: location is not from the associated program @ about:srcdoc:436
[  454530ms] [WARNING] WebGL: INVALID_OPERATION: uniform2f: location is not from the associated program @ about:srcdoc:437
[  454536ms] [WARNING] WebGL: INVALID_OPERATION: uniform1f: location is not from the associated program @ about:srcdoc:436
[  454536ms] [WARNING] WebGL: INVALID_OPERATION: uniform2f: location is not from the associated program @ about:srcdoc:437
[  454543ms] [WARNING] WebGL: INVALID_OPERATION: uniform1f: location is not from the associated program @ about:srcdoc:436
[  454543ms] [WARNING] WebGL: INVALID_OPERATION: uniform2f: location is not from the associated program @ about:srcdoc:437
[  454548ms] [WARNING] WebGL: INVALID_OPERATION: uniform1f: location is not from the associated program @ about:srcdoc:436
[  454548ms] [WARNING] WebGL: INVALID_OPERATION: uniform2f: location is not from the associated program @ about:srcdoc:437
[  454552ms] [WARNING] WebGL: INVALID_OPERATION: uniform1f: location is not from the associated program @ about:srcdoc:436
[  454553ms] [WARNING] WebGL: INVALID_OPERATION: uniform2f: location is not from the associated program @ about:srcdoc:437
[  454555ms] [WARNING] WebGL: INVALID_OPERATION: uniform1f: location is not from the associated program @ about:srcdoc:436
[  454556ms] [WARNING] WebGL: INVALID_OPERATION: uniform2f: location is not from the associated program @ about:srcdoc:437
[  454558ms] [WARNING] WebGL: INVALID_OPERATION: uniform1f: location is not from the associated program @ about:srcdoc:436
[  454558ms] [WARNING] WebGL: INVALID_OPERATION: uniform2f: location is not from the associated program @ about:srcdoc:437
[  454604ms] [WARNING] WebGL: INVALID_OPERATION: uniform1f: location is not from the associated program @ about:srcdoc:436
[  454604ms] [WARNING] WebGL: INVALID_OPERATION: uniform2f: location is not from the associated program @ about:srcdoc:437
[  454613ms] [WARNING] WebGL: INVALID_OPERATION: uniform1f: location is not from the associated program @ about:srcdoc:436
[  454614ms] [WARNING] WebGL: INVALID_OPERATION: uniform2f: location is not from the associated program @ about:srcdoc:437
[  454623ms] [WARNING] WebGL: INVALID_OPERATION: uniform1f: location is not from the associated program @ about:srcdoc:436
[  454623ms] [WARNING] WebGL: INVALID_OPERATION: uniform2f: location is not from the associated program @ about:srcdoc:437
[  454629ms] [WARNING] WebGL: INVALID_OPERATION: uniform1f: location is not from the associated program @ about:srcdoc:436
[  454629ms] [WARNING] WebGL: INVALID_OPERATION: uniform2f: location is not from the associated program @ about:srcdoc:437
[  454633ms] [WARNING] WebGL: INVALID_OPERATION: uniform1f: location is not from the associated program @ about:srcdoc:436
[  454633ms] [WARNING] WebGL: INVALID_OPERATION: uniform2f: location is not from the associated program @ about:srcdoc:437
[  454640ms] [WARNING] WebGL: INVALID_OPERATION: uniform1f: location is not from the associated program @ about:srcdoc:436
[  454640ms] [WARNING] WebGL: INVALID_OPERATION: uniform2f: location is not from the associated program @ about:srcdoc:437
[  454706ms] [WARNING] WebGL: INVALID_OPERATION: uniform1f: location is not from the associated program @ about:srcdoc:436
[  454706ms] [WARNING] WebGL: INVALID_OPERATION: uniform2f: location is not from the associated program @ about:srcdoc:437
[  454715ms] [WARNING] WebGL: INVALID_OPERATION: uniform1f: location is not from the associated program @ about:srcdoc:436
[  454715ms] [WARNING] WebGL: INVALID_OPERATION: uniform2f: location is not from the associated program @ about:srcdoc:437
[  454718ms] [WARNING] WebGL: INVALID_OPERATION: uniform1f: location is not from the associated program @ about:srcdoc:436
[  454718ms] [WARNING] WebGL: INVALID_OPERATION: uniform2f: location is not from the associated program @ about:srcdoc:437
[  454720ms] [WARNING] WebGL: INVALID_OPERATION: uniform1f: location is not from the associated program @ about:srcdoc:436
[  454720ms] [WARNING] WebGL: INVALID_OPERATION: uniform2f: location is not from the associated program @ about:srcdoc:437
[  454724ms] [WARNING] WebGL: INVALID_OPERATION: uniform1f: location is not from the associated program @ about:srcdoc:436
[  454724ms] [WARNING] WebGL: INVALID_OPERATION: uniform2f: location is not from the associated program @ about:srcdoc:437
[  454728ms] [WARNING] WebGL: INVALID_OPERATION: uniform1f: location is not from the associated program @ about:srcdoc:436
[  454728ms] [WARNING] WebGL: INVALID_OPERATION: uniform2f: location is not from the associated program @ about:srcdoc:437
[  454782ms] [WARNING] WebGL: INVALID_OPERATION: uniform1f: location is not from the associated program @ about:srcdoc:436
[  454783ms] [WARNING] WebGL: INVALID_OPERATION: uniform2f: location is not from the associated program @ about:srcdoc:437
[  454797ms] [WARNING] WebGL: INVALID_OPERATION: uniform1f: location is not from the associated program @ about:srcdoc:436
[  454797ms] [WARNING] WebGL: INVALID_OPERATION: uniform2f: location is not from the associated program @ about:srcdoc:437
[  454812ms] [WARNING] WebGL: INVALID_OPERATION: uniform1f: location is not from the associated program @ about:srcdoc:436
[  454812ms] [WARNING] WebGL: INVALID_OPERATION: uniform2f: location is not from the associated program @ about:srcdoc:437
[  454818ms] [WARNING] WebGL: INVALID_OPERATION: uniform1f: location is not from the associated program @ about:srcdoc:436
[  454818ms] [WARNING] WebGL: INVALID_OPERATION: uniform2f: location is not from the associated program @ about:srcdoc:437
[  454824ms] [WARNING] WebGL: INVALID_OPERATION: uniform1f: location is not from the associated program @ about:srcdoc:436
[  454825ms] [WARNING] WebGL: INVALID_OPERATION: uniform2f: location is not from the associated program @ about:srcdoc:437
[  454830ms] [WARNING] WebGL: INVALID_OPERATION: uniform1f: location is not from the associated program @ about:srcdoc:436
[  454830ms] [WARNING] WebGL: INVALID_OPERATION: uniform2f: location is not from the associated program @ about:srcdoc:437
[  454833ms] [WARNING] WebGL: INVALID_OPERATION: uniform1f: location is not from the associated program @ about:srcdoc:436
[  454833ms] [WARNING] WebGL: INVALID_OPERATION: uniform2f: location is not from the associated program @ about:srcdoc:437
[  454835ms] [WARNING] WebGL: INVALID_OPERATION: uniform1f: location is not from the associated program @ about:srcdoc:436
[  454836ms] [WARNING] WebGL: INVALID_OPERATION: uniform2f: location is not from the associated program @ about:srcdoc:437
[  454864ms] [WARNING] WebGL: INVALID_OPERATION: uniform1f: location is not from the associated program @ about:srcdoc:436
[  454864ms] [WARNING] WebGL: INVALID_OPERATION: uniform2f: location is not from the associated program @ about:srcdoc:437
[  454871ms] [WARNING] WebGL: INVALID_OPERATION: uniform1f: location is not from the associated program @ about:srcdoc:436
[  454872ms] [WARNING] WebGL: INVALID_OPERATION: uniform2f: location is not from the associated program @ about:srcdoc:437
[  454877ms] [WARNING] WebGL: INVALID_OPERATION: uniform1f: location is not from the associated program @ about:srcdoc:436
[  454877ms] [WARNING] WebGL: INVALID_OPERATION: uniform2f: location is not from the associated program @ about:srcdoc:437
[  454880ms] [WARNING] WebGL: INVALID_OPERATION: uniform1f: location is not from the associated program @ about:srcdoc:436
[  454880ms] [WARNING] WebGL: INVALID_OPERATION: uniform2f: location is not from the associated program @ about:srcdoc:437
[  454884ms] [WARNING] WebGL: INVALID_OPERATION: uniform1f: location is not from the associated program @ about:srcdoc:436
[  454884ms] [WARNING] WebGL: INVALID_OPERATION: uniform2f: location is not from the associated program @ about:srcdoc:437
[  454887ms] [WARNING] WebGL: INVALID_OPERATION: uniform1f: location is not from the associated program @ about:srcdoc:436
[  454887ms] [WARNING] WebGL: INVALID_OPERATION: uniform2f: location is not from the associated program @ about:srcdoc:437
[  454892ms] [WARNING] WebGL: INVALID_OPERATION: uniform1f: location is not from the associated program @ about:srcdoc:436
[  454892ms] [WARNING] WebGL: INVALID_OPERATION: uniform2f: location is not from the associated program @ about:srcdoc:437
[  454898ms] [WARNING] WebGL: INVALID_OPERATION: uniform1f: location is not from the associated program @ about:srcdoc:436
[  454898ms] [WARNING] WebGL: INVALID_OPERATION: uniform2f: location is not from the associated program @ about:srcdoc:437
[  454969ms] [WARNING] WebGL: INVALID_OPERATION: uniform1f: location is not from the associated program @ about:srcdoc:436
[  454969ms] [WARNING] WebGL: INVALID_OPERATION: uniform2f: location is not from the associated program @ about:srcdoc:437
[  454980ms] [WARNING] WebGL: INVALID_OPERATION: uniform1f: location is not from the associated program @ about:srcdoc:436
[  454980ms] [WARNING] WebGL: INVALID_OPERATION: uniform2f: location is not from the associated program @ about:srcdoc:437
[  454990ms] [WARNING] WebGL: INVALID_OPERATION: uniform1f: location is not from the associated program @ about:srcdoc:436
[  454990ms] [WARNING] WebGL: INVALID_OPERATION: uniform2f: location is not from the associated program @ about:srcdoc:437
[  454993ms] [WARNING] WebGL: INVALID_OPERATION: uniform1f: location is not from the associated program @ about:srcdoc:436
[  454993ms] [WARNING] WebGL: INVALID_OPERATION: uniform2f: location is not from the associated program @ about:srcdoc:437
[  454997ms] [WARNING] WebGL: INVALID_OPERATION: uniform1f: location is not from the associated program @ about:srcdoc:436
[  454997ms] [WARNING] WebGL: INVALID_OPERATION: uniform2f: location is not from the associated program @ about:srcdoc:437
[  455000ms] [WARNING] WebGL: INVALID_OPERATION: uniform1f: location is not from the associated program @ about:srcdoc:436
[  455000ms] [WARNING] WebGL: INVALID_OPERATION: uniform2f: location is not from the associated program @ about:srcdoc:437
[  455004ms] [WARNING] WebGL: INVALID_OPERATION: uniform1f: location is not from the associated program @ about:srcdoc:436
[  455005ms] [WARNING] WebGL: INVALID_OPERATION: uniform2f: location is not from the associated program @ about:srcdoc:437
[  455013ms] [WARNING] WebGL: INVALID_OPERATION: uniform1f: location is not from the associated program @ about:srcdoc:436
[  455013ms] [WARNING] WebGL: INVALID_OPERATION: uniform2f: location is not from the associated program @ about:srcdoc:437
[  455027ms] [WARNING] WebGL: INVALID_OPERATION: uniform1f: location is not from the associated program @ about:srcdoc:436
[  455027ms] [WARNING] WebGL: INVALID_OPERATION: uniform2f: location is not from the associated program @ about:srcdoc:437
[  455031ms] [WARNING] WebGL: INVALID_OPERATION: uniform1f: location is not from the associated program @ about:srcdoc:436
[  455031ms] [WARNING] WebGL: INVALID_OPERATION: uniform2f: location is not from the associated program @ about:srcdoc:437
[  455036ms] [WARNING] WebGL: INVALID_OPERATION: uniform1f: location is not from the associated program @ about:srcdoc:436
[  455036ms] [WARNING] WebGL: INVALID_OPERATION: uniform2f: location is not from the associated program @ about:srcdoc:437
[  455049ms] [WARNING] WebGL: INVALID_OPERATION: uniform1f: location is not from the associated program @ about:srcdoc:436
[  455050ms] [WARNING] WebGL: INVALID_OPERATION: uniform2f: location is not from the associated program @ about:srcdoc:437
[  455058ms] [WARNING] WebGL: INVALID_OPERATION: uniform1f: location is not from the associated program @ about:srcdoc:436
[  455059ms] [WARNING] WebGL: INVALID_OPERATION: uniform2f: location is not from the associated program @ about:srcdoc:437
[  455066ms] [WARNING] WebGL: INVALID_OPERATION: uniform1f: location is not from the associated program @ about:srcdoc:436
[  455067ms] [WARNING] WebGL: INVALID_OPERATION: uniform2f: location is not from the associated program @ about:srcdoc:437
[  455074ms] [WARNING] WebGL: INVALID_OPERATION: uniform1f: location is not from the associated program @ about:srcdoc:436
[  455075ms] [WARNING] WebGL: INVALID_OPERATION: uniform2f: location is not from the associated program @ about:srcdoc:437
[  455084ms] [WARNING] WebGL: INVALID_OPERATION: uniform1f: location is not from the associated program @ about:srcdoc:436
[  455084ms] [WARNING] WebGL: INVALID_OPERATION: uniform2f: location is not from the associated program @ about:srcdoc:437
[  455117ms] [WARNING] WebGL: INVALID_OPERATION: uniform1f: location is not from the associated program @ about:srcdoc:436
[  455117ms] [WARNING] WebGL: INVALID_OPERATION: uniform2f: location is not from the associated program @ about:srcdoc:437
[  455127ms] [WARNING] WebGL: INVALID_OPERATION: uniform1f: location is not from the associated program @ about:srcdoc:436
[  455127ms] [WARNING] WebGL: INVALID_OPERATION: uniform2f: location is not from the associated program @ about:srcdoc:437
[  455130ms] [WARNING] WebGL: INVALID_OPERATION: uniform1f: location is not from the associated program @ about:srcdoc:436
[  455131ms] [WARNING] WebGL: INVALID_OPERATION: uniform2f: location is not from the associated program @ about:srcdoc:437
[  455136ms] [WARNING] WebGL: INVALID_OPERATION: uniform1f: location is not from the associated program @ about:srcdoc:436
[  455137ms] [WARNING] WebGL: INVALID_OPERATION: uniform2f: location is not from the associated program @ about:srcdoc:437
[  455155ms] [WARNING] WebGL: INVALID_OPERATION: uniform1f: location is not from the associated program @ about:srcdoc:436
[  455156ms] [WARNING] WebGL: INVALID_OPERATION: uniform2f: location is not from the associated program @ about:srcdoc:437
[  455163ms] [WARNING] WebGL: INVALID_OPERATION: uniform1f: location is not from the associated program @ about:srcdoc:436
[  455163ms] [WARNING] WebGL: INVALID_OPERATION: uniform2f: location is not from the associated program @ about:srcdoc:437
[  455167ms] [WARNING] WebGL: INVALID_OPERATION: uniform1f: location is not from the associated program @ about:srcdoc:436
[  455167ms] [WARNING] WebGL: INVALID_OPERATION: uniform2f: location is not from the associated program @ about:srcdoc:437
[  455173ms] [WARNING] WebGL: INVALID_OPERATION: uniform1f: location is not from the associated program @ about:srcdoc:436
[  455173ms] [WARNING] WebGL: INVALID_OPERATION: uniform2f: location is not from the associated program @ about:srcdoc:437
[  455192ms] [WARNING] WebGL: INVALID_OPERATION: uniform1f: location is not from the associated program @ about:srcdoc:436
[  455192ms] [WARNING] WebGL: INVALID_OPERATION: uniform2f: location is not from the associated program @ about:srcdoc:437
[  455195ms] [WARNING] WebGL: INVALID_OPERATION: uniform1f: location is not from the associated program @ about:srcdoc:436
[  455195ms] [WARNING] WebGL: INVALID_OPERATION: uniform2f: location is not from the associated program @ about:srcdoc:437
[  455197ms] [WARNING] WebGL: INVALID_OPERATION: uniform1f: location is not from the associated program @ about:srcdoc:436
[  455197ms] [WARNING] WebGL: INVALID_OPERATION: uniform2f: location is not from the associated program @ about:srcdoc:437
[  455199ms] [WARNING] WebGL: INVALID_OPERATION: uniform1f: location is not from the associated program @ about:srcdoc:436
[  455200ms] [WARNING] WebGL: INVALID_OPERATION: uniform2f: location is not from the associated program @ about:srcdoc:437
[  455204ms] [WARNING] WebGL: INVALID_OPERATION: uniform1f: location is not from the associated program @ about:srcdoc:436
[  455204ms] [WARNING] WebGL: INVALID_OPERATION: uniform2f: location is not from the associated program @ about:srcdoc:437
[  455216ms] [WARNING] WebGL: INVALID_OPERATION: uniform1f: location is not from the associated program @ about:srcdoc:436
[  455216ms] [WARNING] WebGL: INVALID_OPERATION: uniform2f: location is not from the associated program @ about:srcdoc:437
[  455224ms] [WARNING] WebGL: INVALID_OPERATION: uniform1f: location is not from the associated program @ about:srcdoc:436
[  455225ms] [WARNING] WebGL: INVALID_OPERATION: uniform2f: location is not from the associated program @ about:srcdoc:437
[  455230ms] [WARNING] WebGL: INVALID_OPERATION: uniform1f: location is not from the associated program @ about:srcdoc:436
[  455231ms] [WARNING] WebGL: INVALID_OPERATION: uniform2f: location is not from the associated program @ about:srcdoc:437
[  455251ms] [WARNING] WebGL: INVALID_OPERATION: uniform1f: location is not from the associated program @ about:srcdoc:436
[  455251ms] [WARNING] WebGL: INVALID_OPERATION: uniform2f: location is not from the associated program @ about:srcdoc:437
[  455262ms] [WARNING] WebGL: INVALID_OPERATION: uniform1f: location is not from the associated program @ about:srcdoc:436
[  455262ms] [WARNING] WebGL: INVALID_OPERATION: uniform2f: location is not from the associated program @ about:srcdoc:437
[  455276ms] [WARNING] WebGL: INVALID_OPERATION: uniform1f: location is not from the associated program @ about:srcdoc:436
[  455276ms] [WARNING] WebGL: INVALID_OPERATION: uniform2f: location is not from the associated program @ about:srcdoc:437
[  455279ms] [WARNING] WebGL: INVALID_OPERATION: uniform1f: location is not from the associated program @ about:srcdoc:436
[  455279ms] [WARNING] WebGL: INVALID_OPERATION: uniform2f: location is not from the associated program @ about:srcdoc:437
[  455279ms] [WARNING] WebGL: too many errors, no more errors will be reported to the console for this context. @ about:srcdoc:437
[  451564ms] [WARNING] WebGL: INVALID_OPERATION: uniform1f: location is not from the associated program @ about:srcdoc:436
[  451564ms] [WARNING] WebGL: INVALID_OPERATION: uniform2f: location is not from the associated program @ about:srcdoc:437
[  451565ms] [WARNING] WebGL: INVALID_OPERATION: uniform1f: location is not from the associated program @ about:srcdoc:436
[  451565ms] [WARNING] WebGL: INVALID_OPERATION: uniform2f: location is not from the associated program @ about:srcdoc:437
[  451565ms] [WARNING] WebGL: INVALID_OPERATION: uniform1f: location is not from the associated program @ about:srcdoc:436
[  451565ms] [WARNING] WebGL: INVALID_OPERATION: uniform2f: location is not from the associated program @ about:srcdoc:437
[  451566ms] [WARNING] WebGL: INVALID_OPERATION: uniform1f: location is not from the associated program @ about:srcdoc:436
[  451566ms] [WARNING] WebGL: INVALID_OPERATION: uniform2f: location is not from the associated program @ about:srcdoc:437
[  451738ms] [WARNING] WebGL: INVALID_OPERATION: uniform1f: location is not from the associated program @ about:srcdoc:436
[  451738ms] [WARNING] WebGL: INVALID_OPERATION: uniform2f: location is not from the associated program @ about:srcdoc:437
[  451824ms] [WARNING] WebGL: INVALID_OPERATION: uniform1f: location is not from the associated program @ about:srcdoc:436
[  451824ms] [WARNING] WebGL: INVALID_OPERATION: uniform2f: location is not from the associated program @ about:srcdoc:437
[  451829ms] [WARNING] WebGL: INVALID_OPERATION: uniform1f: location is not from the associated program @ about:srcdoc:436
[  451829ms] [WARNING] WebGL: INVALID_OPERATION: uniform2f: location is not from the associated program @ about:srcdoc:437
[  452142ms] [WARNING] WebGL: INVALID_OPERATION: uniform1f: location is not from the associated program @ about:srcdoc:436
[  452143ms] [WARNING] WebGL: INVALID_OPERATION: uniform2f: location is not from the associated program @ about:srcdoc:437
[  452166ms] [WARNING] WebGL: INVALID_OPERATION: uniform1f: location is not from the associated program @ about:srcdoc:436
[  452166ms] [WARNING] WebGL: INVALID_OPERATION: uniform2f: location is not from the associated program @ about:srcdoc:437
[  452178ms] [WARNING] WebGL: INVALID_OPERATION: uniform1f: location is not from the associated program @ about:srcdoc:436
[  452178ms] [WARNING] WebGL: INVALID_OPERATION: uniform2f: location is not from the associated program @ about:srcdoc:437
[  452331ms] [WARNING] WebGL: INVALID_OPERATION: uniform1f: location is not from the associated program @ about:srcdoc:436
[  452331ms] [WARNING] WebGL: INVALID_OPERATION: uniform2f: location is not from the associated program @ about:srcdoc:437
[  452478ms] [WARNING] WebGL: INVALID_OPERATION: uniform1f: location is not from the associated program @ about:srcdoc:436
[  452478ms] [WARNING] WebGL: INVALID_OPERATION: uniform2f: location is not from the associated program @ about:srcdoc:437
[  452617ms] [WARNING] WebGL: INVALID_OPERATION: uniform1f: location is not from the associated program @ about:srcdoc:436
[  452617ms] [WARNING] WebGL: INVALID_OPERATION: uniform2f: location is not from the associated program @ about:srcdoc:437
[  452652ms] [WARNING] WebGL: INVALID_OPERATION: uniform1f: location is not from the associated program @ about:srcdoc:436
[  452653ms] [WARNING] WebGL: INVALID_OPERATION: uniform2f: location is not from the associated program @ about:srcdoc:437
[  452694ms] [WARNING] WebGL: INVALID_OPERATION: uniform1f: location is not from the associated program @ about:srcdoc:436
[  452694ms] [WARNING] WebGL: INVALID_OPERATION: uniform2f: location is not from the associated program @ about:srcdoc:437
[  452893ms] [WARNING] WebGL: INVALID_OPERATION: uniform1f: location is not from the associated program @ about:srcdoc:436
[  452893ms] [WARNING] WebGL: INVALID_OPERATION: uniform2f: location is not from the associated program @ about:srcdoc:437
[  452925ms] [WARNING] WebGL: INVALID_OPERATION: uniform1f: location is not from the associated program @ about:srcdoc:436
[  452925ms] [WARNING] WebGL: INVALID_OPERATION: uniform2f: location is not from the associated program @ about:srcdoc:437
[  453001ms] [WARNING] WebGL: INVALID_OPERATION: uniform1f: location is not from the associated program @ about:srcdoc:436
[  453001ms] [WARNING] WebGL: INVALID_OPERATION: uniform2f: location is not from the associated program @ about:srcdoc:437
[  453143ms] [WARNING] WebGL: INVALID_OPERATION: uniform1f: location is not from the associated program @ about:srcdoc:436
[  453143ms] [WARNING] WebGL: INVALID_OPERATION: uniform2f: location is not from the associated program @ about:srcdoc:437
[  453162ms] [WARNING] WebGL: INVALID_OPERATION: uniform1f: location is not from the associated program @ about:srcdoc:436
[  453162ms] [WARNING] WebGL: INVALID_OPERATION: uniform2f: location is not from the associated program @ about:srcdoc:437
[  453166ms] [WARNING] WebGL: INVALID_OPERATION: uniform1f: location is not from the associated program @ about:srcdoc:436
[  453166ms] [WARNING] WebGL: INVALID_OPERATION: uniform2f: location is not from the associated program @ about:srcdoc:437
[  453281ms] [WARNING] WebGL: INVALID_OPERATION: uniform1f: location is not from the associated program @ about:srcdoc:436
[  453281ms] [WARNING] WebGL: INVALID_OPERATION: uniform2f: location is not from the associated program @ about:srcdoc:437
[  453593ms] [WARNING] WebGL: INVALID_OPERATION: uniform1f: location is not from the associated program @ about:srcdoc:436
[  453593ms] [WARNING] WebGL: INVALID_OPERATION: uniform2f: location is not from the associated program @ about:srcdoc:437
[  453632ms] [WARNING] WebGL: INVALID_OPERATION: uniform1f: location is not from the associated program @ about:srcdoc:436
[  453632ms] [WARNING] WebGL: INVALID_OPERATION: uniform2f: location is not from the associated program @ about:srcdoc:437
[  453707ms] [WARNING] WebGL: INVALID_OPERATION: uniform1f: location is not from the associated program @ about:srcdoc:436
[  453707ms] [WARNING] WebGL: INVALID_OPERATION: uniform2f: location is not from the associated program @ about:srcdoc:437
[  453712ms] [WARNING] WebGL: INVALID_OPERATION: uniform1f: location is not from the associated program @ about:srcdoc:436
[  453712ms] [WARNING] WebGL: INVALID_OPERATION: uniform2f: location is not from the associated program @ about:srcdoc:437
[  453795ms] [WARNING] WebGL: INVALID_OPERATION: uniform1f: location is not from the associated program @ about:srcdoc:436
[  453795ms] [WARNING] WebGL: INVALID_OPERATION: uniform2f: location is not from the associated program @ about:srcdoc:437
[  453812ms] [WARNING] WebGL: INVALID_OPERATION: uniform1f: location is not from the associated program @ about:srcdoc:436
[  453812ms] [WARNING] WebGL: INVALID_OPERATION: uniform2f: location is not from the associated program @ about:srcdoc:437
[  453817ms] [WARNING] WebGL: INVALID_OPERATION: uniform1f: location is not from the associated program @ about:srcdoc:436
[  453817ms] [WARNING] WebGL: INVALID_OPERATION: uniform2f: location is not from the associated program @ about:srcdoc:437
[  453836ms] [WARNING] WebGL: INVALID_OPERATION: uniform1f: location is not from the associated program @ about:srcdoc:436
[  453836ms] [WARNING] WebGL: INVALID_OPERATION: uniform2f: location is not from the associated program @ about:srcdoc:437
[  453927ms] [WARNING] WebGL: INVALID_OPERATION: uniform1f: location is not from the associated program @ about:srcdoc:436
[  453927ms] [WARNING] WebGL: INVALID_OPERATION: uniform2f: location is not from the associated program @ about:srcdoc:437
[  453980ms] [WARNING] WebGL: INVALID_OPERATION: uniform1f: location is not from the associated program @ about:srcdoc:436
[  453980ms] [WARNING] WebGL: INVALID_OPERATION: uniform2f: location is not from the associated program @ about:srcdoc:437
[  454030ms] [WARNING] WebGL: INVALID_OPERATION: uniform1f: location is not from the associated program @ about:srcdoc:436
[  454030ms] [WARNING] WebGL: INVALID_OPERATION: uniform2f: location is not from the associated program @ about:srcdoc:437
[  454035ms] [WARNING] WebGL: INVALID_OPERATION: uniform1f: location is not from the associated program @ about:srcdoc:436
[  454035ms] [WARNING] WebGL: INVALID_OPERATION: uniform2f: location is not from the associated program @ about:srcdoc:437
[  454118ms] [WARNING] WebGL: INVALID_OPERATION: uniform1f: location is not from the associated program @ about:srcdoc:436
[  454118ms] [WARNING] WebGL: INVALID_OPERATION: uniform2f: location is not from the associated program @ about:srcdoc:437
[  454126ms] [WARNING] WebGL: INVALID_OPERATION: uniform1f: location is not from the associated program @ about:srcdoc:436
[  454126ms] [WARNING] WebGL: INVALID_OPERATION: uniform2f: location is not from the associated program @ about:srcdoc:437
[  454144ms] [WARNING] WebGL: INVALID_OPERATION: uniform1f: location is not from the associated program @ about:srcdoc:436
[  454145ms] [WARNING] WebGL: INVALID_OPERATION: uniform2f: location is not from the associated program @ about:srcdoc:437
[  454169ms] [WARNING] WebGL: INVALID_OPERATION: uniform1f: location is not from the associated program @ about:srcdoc:436
[  454169ms] [WARNING] WebGL: INVALID_OPERATION: uniform2f: location is not from the associated program @ about:srcdoc:437
[  454245ms] [WARNING] WebGL: INVALID_OPERATION: uniform1f: location is not from the associated program @ about:srcdoc:436
[  454245ms] [WARNING] WebGL: INVALID_OPERATION: uniform2f: location is not from the associated program @ about:srcdoc:437
[  454250ms] [WARNING] WebGL: INVALID_OPERATION: uniform1f: location is not from the associated program @ about:srcdoc:436
[  454250ms] [WARNING] WebGL: INVALID_OPERATION: uniform2f: location is not from the associated program @ about:srcdoc:437
[  454254ms] [WARNING] WebGL: INVALID_OPERATION: uniform1f: location is not from the associated program @ about:srcdoc:436
[  454254ms] [WARNING] WebGL: INVALID_OPERATION: uniform2f: location is not from the associated program @ about:srcdoc:437
[  454259ms] [WARNING] WebGL: INVALID_OPERATION: uniform1f: location is not from the associated program @ about:srcdoc:436
[  454259ms] [WARNING] WebGL: INVALID_OPERATION: uniform2f: location is not from the associated program @ about:srcdoc:437
[  454309ms] [WARNING] WebGL: INVALID_OPERATION: uniform1f: location is not from the associated program @ about:srcdoc:436
[  454309ms] [WARNING] WebGL: INVALID_OPERATION: uniform2f: location is not from the associated program @ about:srcdoc:437
[  454316ms] [WARNING] WebGL: INVALID_OPERATION: uniform1f: location is not from the associated program @ about:srcdoc:436
[  454316ms] [WARNING] WebGL: INVALID_OPERATION: uniform2f: location is not from the associated program @ about:srcdoc:437
[  454352ms] [WARNING] WebGL: INVALID_OPERATION: uniform1f: location is not from the associated program @ about:srcdoc:436
[  454353ms] [WARNING] WebGL: INVALID_OPERATION: uniform2f: location is not from the associated program @ about:srcdoc:437
[  454422ms] [WARNING] WebGL: INVALID_OPERATION: uniform1f: location is not from the associated program @ about:srcdoc:436
[  454422ms] [WARNING] WebGL: INVALID_OPERATION: uniform2f: location is not from the associated program @ about:srcdoc:437
[  454426ms] [WARNING] WebGL: INVALID_OPERATION: uniform1f: location is not from the associated program @ about:srcdoc:436
[  454426ms] [WARNING] WebGL: INVALID_OPERATION: uniform2f: location is not from the associated program @ about:srcdoc:437
[  454432ms] [WARNING] WebGL: INVALID_OPERATION: uniform1f: location is not from the associated program @ about:srcdoc:436
[  454432ms] [WARNING] WebGL: INVALID_OPERATION: uniform2f: location is not from the associated program @ about:srcdoc:437
[  454456ms] [WARNING] WebGL: INVALID_OPERATION: uniform1f: location is not from the associated program @ about:srcdoc:436
[  454456ms] [WARNING] WebGL: INVALID_OPERATION: uniform2f: location is not from the associated program @ about:srcdoc:437
[  454463ms] [WARNING] WebGL: INVALID_OPERATION: uniform1f: location is not from the associated program @ about:srcdoc:436
[  454463ms] [WARNING] WebGL: INVALID_OPERATION: uniform2f: location is not from the associated program @ about:srcdoc:437
[  454480ms] [WARNING] WebGL: INVALID_OPERATION: uniform1f: location is not from the associated program @ about:srcdoc:436
[  454480ms] [WARNING] WebGL: INVALID_OPERATION: uniform2f: location is not from the associated program @ about:srcdoc:437
[  454490ms] [WARNING] WebGL: INVALID_OPERATION: uniform1f: location is not from the associated program @ about:srcdoc:436
[  454490ms] [WARNING] WebGL: INVALID_OPERATION: uniform2f: location is not from the associated program @ about:srcdoc:437
[  454497ms] [WARNING] WebGL: INVALID_OPERATION: uniform1f: location is not from the associated program @ about:srcdoc:436
[  454498ms] [WARNING] WebGL: INVALID_OPERATION: uniform2f: location is not from the associated program @ about:srcdoc:437
[  454509ms] [WARNING] WebGL: INVALID_OPERATION: uniform1f: location is not from the associated program @ about:srcdoc:436
[  454509ms] [WARNING] WebGL: INVALID_OPERATION: uniform2f: location is not from the associated program @ about:srcdoc:437
[  454514ms] [WARNING] WebGL: INVALID_OPERATION: uniform1f: location is not from the associated program @ about:srcdoc:436
[  454515ms] [WARNING] WebGL: INVALID_OPERATION: uniform2f: location is not from the associated program @ about:srcdoc:437
[  454518ms] [WARNING] WebGL: INVALID_OPERATION: uniform1f: location is not from the associated program @ about:srcdoc:436
[  454518ms] [WARNING] WebGL: INVALID_OPERATION: uniform2f: location is not from the associated program @ about:srcdoc:437
[  454521ms] [WARNING] WebGL: INVALID_OPERATION: uniform1f: location is not from the associated program @ about:srcdoc:436
[  454522ms] [WARNING] WebGL: INVALID_OPERATION: uniform2f: location is not from the associated program @ about:srcdoc:437
[  454529ms] [WARNING] WebGL: INVALID_OPERATION: uniform1f: location is not from the associated program @ about:srcdoc:436
[  454530ms] [WARNING] WebGL: INVALID_OPERATION: uniform2f: location is not from the associated program @ about:srcdoc:437
[  454536ms] [WARNING] WebGL: INVALID_OPERATION: uniform1f: location is not from the associated program @ about:srcdoc:436
[  454536ms] [WARNING] WebGL: INVALID_OPERATION: uniform2f: location is not from the associated program @ about:srcdoc:437
[  454543ms] [WARNING] WebGL: INVALID_OPERATION: uniform1f: location is not from the associated program @ about:srcdoc:436
[  454543ms] [WARNING] WebGL: INVALID_OPERATION: uniform2f: location is not from the associated program @ about:srcdoc:437
[  454548ms] [WARNING] WebGL: INVALID_OPERATION: uniform1f: location is not from the associated program @ about:srcdoc:436
[  454548ms] [WARNING] WebGL: INVALID_OPERATION: uniform2f: location is not from the associated program @ about:srcdoc:437
[  454552ms] [WARNING] WebGL: INVALID_OPERATION: uniform1f: location is not from the associated program @ about:srcdoc:436
[  454553ms] [WARNING] WebGL: INVALID_OPERATION: uniform2f: location is not from the associated program @ about:srcdoc:437
[  454555ms] [WARNING] WebGL: INVALID_OPERATION: uniform1f: location is not from the associated program @ about:srcdoc:436
[  454556ms] [WARNING] WebGL: INVALID_OPERATION: uniform2f: location is not from the associated program @ about:srcdoc:437
[  454558ms] [WARNING] WebGL: INVALID_OPERATION: uniform1f: location is not from the associated program @ about:srcdoc:436
[  454558ms] [WARNING] WebGL: INVALID_OPERATION: uniform2f: location is not from the associated program @ about:srcdoc:437
[  454604ms] [WARNING] WebGL: INVALID_OPERATION: uniform1f: location is not from the associated program @ about:srcdoc:436
[  454604ms] [WARNING] WebGL: INVALID_OPERATION: uniform2f: location is not from the associated program @ about:srcdoc:437
[  454613ms] [WARNING] WebGL: INVALID_OPERATION: uniform1f: location is not from the associated program @ about:srcdoc:436
[  454614ms] [WARNING] WebGL: INVALID_OPERATION: uniform2f: location is not from the associated program @ about:srcdoc:437
[  454623ms] [WARNING] WebGL: INVALID_OPERATION: uniform1f: location is not from the associated program @ about:srcdoc:436
[  454623ms] [WARNING] WebGL: INVALID_OPERATION: uniform2f: location is not from the associated program @ about:srcdoc:437
[  454629ms] [WARNING] WebGL: INVALID_OPERATION: uniform1f: location is not from the associated program @ about:srcdoc:436
[  454629ms] [WARNING] WebGL: INVALID_OPERATION: uniform2f: location is not from the associated program @ about:srcdoc:437
[  454633ms] [WARNING] WebGL: INVALID_OPERATION: uniform1f: location is not from the associated program @ about:srcdoc:436
[  454633ms] [WARNING] WebGL: INVALID_OPERATION: uniform2f: location is not from the associated program @ about:srcdoc:437
[  454640ms] [WARNING] WebGL: INVALID_OPERATION: uniform1f: location is not from the associated program @ about:srcdoc:436
[  454640ms] [WARNING] WebGL: INVALID_OPERATION: uniform2f: location is not from the associated program @ about:srcdoc:437
[  454706ms] [WARNING] WebGL: INVALID_OPERATION: uniform1f: location is not from the associated program @ about:srcdoc:436
[  454706ms] [WARNING] WebGL: INVALID_OPERATION: uniform2f: location is not from the associated program @ about:srcdoc:437
[  454715ms] [WARNING] WebGL: INVALID_OPERATION: uniform1f: location is not from the associated program @ about:srcdoc:436
[  454715ms] [WARNING] WebGL: INVALID_OPERATION: uniform2f: location is not from the associated program @ about:srcdoc:437
[  454718ms] [WARNING] WebGL: INVALID_OPERATION: uniform1f: location is not from the associated program @ about:srcdoc:436
[  454718ms] [WARNING] WebGL: INVALID_OPERATION: uniform2f: location is not from the associated program @ about:srcdoc:437
[  454720ms] [WARNING] WebGL: INVALID_OPERATION: uniform1f: location is not from the associated program @ about:srcdoc:436
[  454720ms] [WARNING] WebGL: INVALID_OPERATION: uniform2f: location is not from the associated program @ about:srcdoc:437
[  454724ms] [WARNING] WebGL: INVALID_OPERATION: uniform1f: location is not from the associated program @ about:srcdoc:436
[  454724ms] [WARNING] WebGL: INVALID_OPERATION: uniform2f: location is not from the associated program @ about:srcdoc:437
[  454728ms] [WARNING] WebGL: INVALID_OPERATION: uniform1f: location is not from the associated program @ about:srcdoc:436
[  454728ms] [WARNING] WebGL: INVALID_OPERATION: uniform2f: location is not from the associated program @ about:srcdoc:437
[  454782ms] [WARNING] WebGL: INVALID_OPERATION: uniform1f: location is not from the associated program @ about:srcdoc:436
[  454783ms] [WARNING] WebGL: INVALID_OPERATION: uniform2f: location is not from the associated program @ about:srcdoc:437
[  454797ms] [WARNING] WebGL: INVALID_OPERATION: uniform1f: location is not from the associated program @ about:srcdoc:436
[  454797ms] [WARNING] WebGL: INVALID_OPERATION: uniform2f: location is not from the associated program @ about:srcdoc:437
[  454812ms] [WARNING] WebGL: INVALID_OPERATION: uniform1f: location is not from the associated program @ about:srcdoc:436
[  454812ms] [WARNING] WebGL: INVALID_OPERATION: uniform2f: location is not from the associated program @ about:srcdoc:437
[  454818ms] [WARNING] WebGL: INVALID_OPERATION: uniform1f: location is not from the associated program @ about:srcdoc:436
[  454818ms] [WARNING] WebGL: INVALID_OPERATION: uniform2f: location is not from the associated program @ about:srcdoc:437
[  454824ms] [WARNING] WebGL: INVALID_OPERATION: uniform1f: location is not from the associated program @ about:srcdoc:436
[  454825ms] [WARNING] WebGL: INVALID_OPERATION: uniform2f: location is not from the associated program @ about:srcdoc:437
[  454830ms] [WARNING] WebGL: INVALID_OPERATION: uniform1f: location is not from the associated program @ about:srcdoc:436
[  454830ms] [WARNING] WebGL: INVALID_OPERATION: uniform2f: location is not from the associated program @ about:srcdoc:437
[  454833ms] [WARNING] WebGL: INVALID_OPERATION: uniform1f: location is not from the associated program @ about:srcdoc:436
[  454833ms] [WARNING] WebGL: INVALID_OPERATION: uniform2f: location is not from the associated program @ about:srcdoc:437
[  454835ms] [WARNING] WebGL: INVALID_OPERATION: uniform1f: location is not from the associated program @ about:srcdoc:436
[  454836ms] [WARNING] WebGL: INVALID_OPERATION: uniform2f: location is not from the associated program @ about:srcdoc:437
[  454864ms] [WARNING] WebGL: INVALID_OPERATION: uniform1f: location is not from the associated program @ about:srcdoc:436
[  454864ms] [WARNING] WebGL: INVALID_OPERATION: uniform2f: location is not from the associated program @ about:srcdoc:437
[  454871ms] [WARNING] WebGL: INVALID_OPERATION: uniform1f: location is not from the associated program @ about:srcdoc:436
[  454872ms] [WARNING] WebGL: INVALID_OPERATION: uniform2f: location is not from the associated program @ about:srcdoc:437
[  454877ms] [WARNING] WebGL: INVALID_OPERATION: uniform1f: location is not from the associated program @ about:srcdoc:436
[  454877ms] [WARNING] WebGL: INVALID_OPERATION: uniform2f: location is not from the associated program @ about:srcdoc:437
[  454880ms] [WARNING] WebGL: INVALID_OPERATION: uniform1f: location is not from the associated program @ about:srcdoc:436
[  454880ms] [WARNING] WebGL: INVALID_OPERATION: uniform2f: location is not from the associated program @ about:srcdoc:437
[  454884ms] [WARNING] WebGL: INVALID_OPERATION: uniform1f: location is not from the associated program @ about:srcdoc:436
[  454884ms] [WARNING] WebGL: INVALID_OPERATION: uniform2f: location is not from the associated program @ about:srcdoc:437
[  454887ms] [WARNING] WebGL: INVALID_OPERATION: uniform1f: location is not from the associated program @ about:srcdoc:436
[  454887ms] [WARNING] WebGL: INVALID_OPERATION: uniform2f: location is not from the associated program @ about:srcdoc:437
[  454892ms] [WARNING] WebGL: INVALID_OPERATION: uniform1f: location is not from the associated program @ about:srcdoc:436
[  454892ms] [WARNING] WebGL: INVALID_OPERATION: uniform2f: location is not from the associated program @ about:srcdoc:437
[  454898ms] [WARNING] WebGL: INVALID_OPERATION: uniform1f: location is not from the associated program @ about:srcdoc:436
[  454898ms] [WARNING] WebGL: INVALID_OPERATION: uniform2f: location is not from the associated program @ about:srcdoc:437
[  454969ms] [WARNING] WebGL: INVALID_OPERATION: uniform1f: location is not from the associated program @ about:srcdoc:436
[  454969ms] [WARNING] WebGL: INVALID_OPERATION: uniform2f: location is not from the associated program @ about:srcdoc:437
[  454980ms] [WARNING] WebGL: INVALID_OPERATION: uniform1f: location is not from the associated program @ about:srcdoc:436
[  454980ms] [WARNING] WebGL: INVALID_OPERATION: uniform2f: location is not from the associated program @ about:srcdoc:437
[  454990ms] [WARNING] WebGL: INVALID_OPERATION: uniform1f: location is not from the associated program @ about:srcdoc:436
[  454990ms] [WARNING] WebGL: INVALID_OPERATION: uniform2f: location is not from the associated program @ about:srcdoc:437
[  454993ms] [WARNING] WebGL: INVALID_OPERATION: uniform1f: location is not from the associated program @ about:srcdoc:436
[  454993ms] [WARNING] WebGL: INVALID_OPERATION: uniform2f: location is not from the associated program @ about:srcdoc:437
[  454997ms] [WARNING] WebGL: INVALID_OPERATION: uniform1f: location is not from the associated program @ about:srcdoc:436
[  454997ms] [WARNING] WebGL: INVALID_OPERATION: uniform2f: location is not from the associated program @ about:srcdoc:437
[  455000ms] [WARNING] WebGL: INVALID_OPERATION: uniform1f: location is not from the associated program @ about:srcdoc:436
[  455000ms] [WARNING] WebGL: INVALID_OPERATION: uniform2f: location is not from the associated program @ about:srcdoc:437
[  455004ms] [WARNING] WebGL: INVALID_OPERATION: uniform1f: location is not from the associated program @ about:srcdoc:436
[  455005ms] [WARNING] WebGL: INVALID_OPERATION: uniform2f: location is not from the associated program @ about:srcdoc:437
[  455013ms] [WARNING] WebGL: INVALID_OPERATION: uniform1f: location is not from the associated program @ about:srcdoc:436
[  455013ms] [WARNING] WebGL: INVALID_OPERATION: uniform2f: location is not from the associated program @ about:srcdoc:437
[  455027ms] [WARNING] WebGL: INVALID_OPERATION: uniform1f: location is not from the associated program @ about:srcdoc:436
[  455027ms] [WARNING] WebGL: INVALID_OPERATION: uniform2f: location is not from the associated program @ about:srcdoc:437
[  455031ms] [WARNING] WebGL: INVALID_OPERATION: uniform1f: location is not from the associated program @ about:srcdoc:436
[  455031ms] [WARNING] WebGL: INVALID_OPERATION: uniform2f: location is not from the associated program @ about:srcdoc:437
[  455036ms] [WARNING] WebGL: INVALID_OPERATION: uniform1f: location is not from the associated program @ about:srcdoc:436
[  455036ms] [WARNING] WebGL: INVALID_OPERATION: uniform2f: location is not from the associated program @ about:srcdoc:437
[  455049ms] [WARNING] WebGL: INVALID_OPERATION: uniform1f: location is not from the associated program @ about:srcdoc:436
[  455050ms] [WARNING] WebGL: INVALID_OPERATION: uniform2f: location is not from the associated program @ about:srcdoc:437
[  455058ms] [WARNING] WebGL: INVALID_OPERATION: uniform1f: location is not from the associated program @ about:srcdoc:436
[  455059ms] [WARNING] WebGL: INVALID_OPERATION: uniform2f: location is not from the associated program @ about:srcdoc:437
[  455066ms] [WARNING] WebGL: INVALID_OPERATION: uniform1f: location is not from the associated program @ about:srcdoc:436
[  455067ms] [WARNING] WebGL: INVALID_OPERATION: uniform2f: location is not from the associated program @ about:srcdoc:437
[  455074ms] [WARNING] WebGL: INVALID_OPERATION: uniform1f: location is not from the associated program @ about:srcdoc:436
[  455075ms] [WARNING] WebGL: INVALID_OPERATION: uniform2f: location is not from the associated program @ about:srcdoc:437
[  455084ms] [WARNING] WebGL: INVALID_OPERATION: uniform1f: location is not from the associated program @ about:srcdoc:436
[  455084ms] [WARNING] WebGL: INVALID_OPERATION: uniform2f: location is not from the associated program @ about:srcdoc:437
[  455117ms] [WARNING] WebGL: INVALID_OPERATION: uniform1f: location is not from the associated program @ about:srcdoc:436
[  455117ms] [WARNING] WebGL: INVALID_OPERATION: uniform2f: location is not from the associated program @ about:srcdoc:437
[  455127ms] [WARNING] WebGL: INVALID_OPERATION: uniform1f: location is not from the associated program @ about:srcdoc:436
[  455127ms] [WARNING] WebGL: INVALID_OPERATION: uniform2f: location is not from the associated program @ about:srcdoc:437
[  455130ms] [WARNING] WebGL: INVALID_OPERATION: uniform1f: location is not from the associated program @ about:srcdoc:436
[  455131ms] [WARNING] WebGL: INVALID_OPERATION: uniform2f: location is not from the associated program @ about:srcdoc:437
[  455136ms] [WARNING] WebGL: INVALID_OPERATION: uniform1f: location is not from the associated program @ about:srcdoc:436
[  455137ms] [WARNING] WebGL: INVALID_OPERATION: uniform2f: location is not from the associated program @ about:srcdoc:437
[  455155ms] [WARNING] WebGL: INVALID_OPERATION: uniform1f: location is not from the associated program @ about:srcdoc:436
[  455156ms] [WARNING] WebGL: INVALID_OPERATION: uniform2f: location is not from the associated program @ about:srcdoc:437
[  455163ms] [WARNING] WebGL: INVALID_OPERATION: uniform1f: location is not from the associated program @ about:srcdoc:436
[  455163ms] [WARNING] WebGL: INVALID_OPERATION: uniform2f: location is not from the associated program @ about:srcdoc:437
[  455167ms] [WARNING] WebGL: INVALID_OPERATION: uniform1f: location is not from the associated program @ about:srcdoc:436
[  455167ms] [WARNING] WebGL: INVALID_OPERATION: uniform2f: location is not from the associated program @ about:srcdoc:437
[  455173ms] [WARNING] WebGL: INVALID_OPERATION: uniform1f: location is not from the associated program @ about:srcdoc:436
[  455173ms] [WARNING] WebGL: INVALID_OPERATION: uniform2f: location is not from the associated program @ about:srcdoc:437
[  455192ms] [WARNING] WebGL: INVALID_OPERATION: uniform1f: location is not from the associated program @ about:srcdoc:436
[  455192ms] [WARNING] WebGL: INVALID_OPERATION: uniform2f: location is not from the associated program @ about:srcdoc:437
[  455195ms] [WARNING] WebGL: INVALID_OPERATION: uniform1f: location is not from the associated program @ about:srcdoc:436
[  455195ms] [WARNING] WebGL: INVALID_OPERATION: uniform2f: location is not from the associated program @ about:srcdoc:437
[  455197ms] [WARNING] WebGL: INVALID_OPERATION: uniform1f: location is not from the associated program @ about:srcdoc:436
[  455197ms] [WARNING] WebGL: INVALID_OPERATION: uniform2f: location is not from the associated program @ about:srcdoc:437
[  455199ms] [WARNING] WebGL: INVALID_OPERATION: uniform1f: location is not from the associated program @ about:srcdoc:436
[  455200ms] [WARNING] WebGL: INVALID_OPERATION: uniform2f: location is not from the associated program @ about:srcdoc:437
[  455204ms] [WARNING] WebGL: INVALID_OPERATION: uniform1f: location is not from the associated program @ about:srcdoc:436
[  455204ms] [WARNING] WebGL: INVALID_OPERATION: uniform2f: location is not from the associated program @ about:srcdoc:437
[  455216ms] [WARNING] WebGL: INVALID_OPERATION: uniform1f: location is not from the associated program @ about:srcdoc:436
[  455216ms] [WARNING] WebGL: INVALID_OPERATION: uniform2f: location is not from the associated program @ about:srcdoc:437
[  455224ms] [WARNING] WebGL: INVALID_OPERATION: uniform1f: location is not from the associated program @ about:srcdoc:436
[  455225ms] [WARNING] WebGL: INVALID_OPERATION: uniform2f: location is not from the associated program @ about:srcdoc:437
[  455230ms] [WARNING] WebGL: INVALID_OPERATION: uniform1f: location is not from the associated program @ about:srcdoc:436
[  455231ms] [WARNING] WebGL: INVALID_OPERATION: uniform2f: location is not from the associated program @ about:srcdoc:437
[  455251ms] [WARNING] WebGL: INVALID_OPERATION: uniform1f: location is not from the associated program @ about:srcdoc:436
[  455251ms] [WARNING] WebGL: INVALID_OPERATION: uniform2f: location is not from the associated program @ about:srcdoc:437
[  455262ms] [WARNING] WebGL: INVALID_OPERATION: uniform1f: location is not from the associated program @ about:srcdoc:436
[  455262ms] [WARNING] WebGL: INVALID_OPERATION: uniform2f: location is not from the associated program @ about:srcdoc:437
[  455276ms] [WARNING] WebGL: INVALID_OPERATION: uniform1f: location is not from the associated program @ about:srcdoc:436
[  455276ms] [WARNING] WebGL: INVALID_OPERATION: uniform2f: location is not from the associated program @ about:srcdoc:437
[  455279ms] [WARNING] WebGL: INVALID_OPERATION: uniform1f: location is not from the associated program @ about:srcdoc:436
[  455279ms] [WARNING] WebGL: INVALID_OPERATION: uniform2f: location is not from the associated program @ about:srcdoc:437
[  455279ms] [WARNING] WebGL: too many errors, no more errors will be reported to the console for this context. @ about:srcdoc:437
[  451564ms] [WARNING] WebGL: INVALID_OPERATION: uniform1f: location is not from the associated program @ about:srcdoc:436
[  451564ms] [WARNING] WebGL: INVALID_OPERATION: uniform2f: location is not from the associated program @ about:srcdoc:437
[  451565ms] [WARNING] WebGL: INVALID_OPERATION: uniform1f: location is not from the associated program @ about:srcdoc:436
[  451565ms] [WARNING] WebGL: INVALID_OPERATION: uniform2f: location is not from the associated program @ about:srcdoc:437
[  451565ms] [WARNING] WebGL: INVALID_OPERATION: uniform1f: location is not from the associated program @ about:srcdoc:436
[  451565ms] [WARNING] WebGL: INVALID_OPERATION: uniform2f: location is not from the associated program @ about:srcdoc:437
[  451566ms] [WARNING] WebGL: INVALID_OPERATION: uniform1f: location is not from the associated program @ about:srcdoc:436
[  451566ms] [WARNING] WebGL: INVALID_OPERATION: uniform2f: location is not from the associated program @ about:srcdoc:437
[  451738ms] [WARNING] WebGL: INVALID_OPERATION: uniform1f: location is not from the associated program @ about:srcdoc:436
[  451738ms] [WARNING] WebGL: INVALID_OPERATION: uniform2f: location is not from the associated program @ about:srcdoc:437
[  451824ms] [WARNING] WebGL: INVALID_OPERATION: uniform1f: location is not from the associated program @ about:srcdoc:436
[  451824ms] [WARNING] WebGL: INVALID_OPERATION: uniform2f: location is not from the associated program @ about:srcdoc:437
[  451829ms] [WARNING] WebGL: INVALID_OPERATION: uniform1f: location is not from the associated program @ about:srcdoc:436
[  451829ms] [WARNING] WebGL: INVALID_OPERATION: uniform2f: location is not from the associated program @ about:srcdoc:437
[  452142ms] [WARNING] WebGL: INVALID_OPERATION: uniform1f: location is not from the associated program @ about:srcdoc:436
[  452143ms] [WARNING] WebGL: INVALID_OPERATION: uniform2f: location is not from the associated program @ about:srcdoc:437
[  452166ms] [WARNING] WebGL: INVALID_OPERATION: uniform1f: location is not from the associated program @ about:srcdoc:436
[  452166ms] [WARNING] WebGL: INVALID_OPERATION: uniform2f: location is not from the associated program @ about:srcdoc:437
[  452178ms] [WARNING] WebGL: INVALID_OPERATION: uniform1f: location is not from the associated program @ about:srcdoc:436
[  452178ms] [WARNING] WebGL: INVALID_OPERATION: uniform2f: location is not from the associated program @ about:srcdoc:437
[  452331ms] [WARNING] WebGL: INVALID_OPERATION: uniform1f: location is not from the associated program @ about:srcdoc:436
[  452331ms] [WARNING] WebGL: INVALID_OPERATION: uniform2f: location is not from the associated program @ about:srcdoc:437
[  452478ms] [WARNING] WebGL: INVALID_OPERATION: uniform1f: location is not from the associated program @ about:srcdoc:436
[  452478ms] [WARNING] WebGL: INVALID_OPERATION: uniform2f: location is not from the associated program @ about:srcdoc:437
[  452617ms] [WARNING] WebGL: INVALID_OPERATION: uniform1f: location is not from the associated program @ about:srcdoc:436
[  452617ms] [WARNING] WebGL: INVALID_OPERATION: uniform2f: location is not from the associated program @ about:srcdoc:437
[  452652ms] [WARNING] WebGL: INVALID_OPERATION: uniform1f: location is not from the associated program @ about:srcdoc:436
[  452653ms] [WARNING] WebGL: INVALID_OPERATION: uniform2f: location is not from the associated program @ about:srcdoc:437
[  452694ms] [WARNING] WebGL: INVALID_OPERATION: uniform1f: location is not from the associated program @ about:srcdoc:436
[  452694ms] [WARNING] WebGL: INVALID_OPERATION: uniform2f: location is not from the associated program @ about:srcdoc:437
[  452893ms] [WARNING] WebGL: INVALID_OPERATION: uniform1f: location is not from the associated program @ about:srcdoc:436
[  452893ms] [WARNING] WebGL: INVALID_OPERATION: uniform2f: location is not from the associated program @ about:srcdoc:437
[  452925ms] [WARNING] WebGL: INVALID_OPERATION: uniform1f: location is not from the associated program @ about:srcdoc:436
[  452925ms] [WARNING] WebGL: INVALID_OPERATION: uniform2f: location is not from the associated program @ about:srcdoc:437
[  453001ms] [WARNING] WebGL: INVALID_OPERATION: uniform1f: location is not from the associated program @ about:srcdoc:436
[  453001ms] [WARNING] WebGL: INVALID_OPERATION: uniform2f: location is not from the associated program @ about:srcdoc:437
[  453143ms] [WARNING] WebGL: INVALID_OPERATION: uniform1f: location is not from the associated program @ about:srcdoc:436
[  453143ms] [WARNING] WebGL: INVALID_OPERATION: uniform2f: location is not from the associated program @ about:srcdoc:437
[  453162ms] [WARNING] WebGL: INVALID_OPERATION: uniform1f: location is not from the associated program @ about:srcdoc:436
[  453162ms] [WARNING] WebGL: INVALID_OPERATION: uniform2f: location is not from the associated program @ about:srcdoc:437
[  453166ms] [WARNING] WebGL: INVALID_OPERATION: uniform1f: location is not from the associated program @ about:srcdoc:436
[  453166ms] [WARNING] WebGL: INVALID_OPERATION: uniform2f: location is not from the associated program @ about:srcdoc:437
[  453281ms] [WARNING] WebGL: INVALID_OPERATION: uniform1f: location is not from the associated program @ about:srcdoc:436
[  453281ms] [WARNING] WebGL: INVALID_OPERATION: uniform2f: location is not from the associated program @ about:srcdoc:437
[  453593ms] [WARNING] WebGL: INVALID_OPERATION: uniform1f: location is not from the associated program @ about:srcdoc:436
[  453593ms] [WARNING] WebGL: INVALID_OPERATION: uniform2f: location is not from the associated program @ about:srcdoc:437
[  453632ms] [WARNING] WebGL: INVALID_OPERATION: uniform1f: location is not from the associated program @ about:srcdoc:436
[  453632ms] [WARNING] WebGL: INVALID_OPERATION: uniform2f: location is not from the associated program @ about:srcdoc:437
[  453707ms] [WARNING] WebGL: INVALID_OPERATION: uniform1f: location is not from the associated program @ about:srcdoc:436
[  453707ms] [WARNING] WebGL: INVALID_OPERATION: uniform2f: location is not from the associated program @ about:srcdoc:437
[  453712ms] [WARNING] WebGL: INVALID_OPERATION: uniform1f: location is not from the associated program @ about:srcdoc:436
[  453712ms] [WARNING] WebGL: INVALID_OPERATION: uniform2f: location is not from the associated program @ about:srcdoc:437
[  453795ms] [WARNING] WebGL: INVALID_OPERATION: uniform1f: location is not from the associated program @ about:srcdoc:436
[  453795ms] [WARNING] WebGL: INVALID_OPERATION: uniform2f: location is not from the associated program @ about:srcdoc:437
[  453812ms] [WARNING] WebGL: INVALID_OPERATION: uniform1f: location is not from the associated program @ about:srcdoc:436
[  453812ms] [WARNING] WebGL: INVALID_OPERATION: uniform2f: location is not from the associated program @ about:srcdoc:437
[  453817ms] [WARNING] WebGL: INVALID_OPERATION: uniform1f: location is not from the associated program @ about:srcdoc:436
[  453817ms] [WARNING] WebGL: INVALID_OPERATION: uniform2f: location is not from the associated program @ about:srcdoc:437
[  453836ms] [WARNING] WebGL: INVALID_OPERATION: uniform1f: location is not from the associated program @ about:srcdoc:436
[  453836ms] [WARNING] WebGL: INVALID_OPERATION: uniform2f: location is not from the associated program @ about:srcdoc:437
[  453927ms] [WARNING] WebGL: INVALID_OPERATION: uniform1f: location is not from the associated program @ about:srcdoc:436
[  453927ms] [WARNING] WebGL: INVALID_OPERATION: uniform2f: location is not from the associated program @ about:srcdoc:437
[  453980ms] [WARNING] WebGL: INVALID_OPERATION: uniform1f: location is not from the associated program @ about:srcdoc:436
[  453980ms] [WARNING] WebGL: INVALID_OPERATION: uniform2f: location is not from the associated program @ about:srcdoc:437
[  454030ms] [WARNING] WebGL: INVALID_OPERATION: uniform1f: location is not from the associated program @ about:srcdoc:436
[  454030ms] [WARNING] WebGL: INVALID_OPERATION: uniform2f: location is not from the associated program @ about:srcdoc:437
[  454035ms] [WARNING] WebGL: INVALID_OPERATION: uniform1f: location is not from the associated program @ about:srcdoc:436
[  454035ms] [WARNING] WebGL: INVALID_OPERATION: uniform2f: location is not from the associated program @ about:srcdoc:437
[  454118ms] [WARNING] WebGL: INVALID_OPERATION: uniform1f: location is not from the associated program @ about:srcdoc:436
[  454118ms] [WARNING] WebGL: INVALID_OPERATION: uniform2f: location is not from the associated program @ about:srcdoc:437
[  454126ms] [WARNING] WebGL: INVALID_OPERATION: uniform1f: location is not from the associated program @ about:srcdoc:436
[  454126ms] [WARNING] WebGL: INVALID_OPERATION: uniform2f: location is not from the associated program @ about:srcdoc:437
[  454144ms] [WARNING] WebGL: INVALID_OPERATION: uniform1f: location is not from the associated program @ about:srcdoc:436
[  454145ms] [WARNING] WebGL: INVALID_OPERATION: uniform2f: location is not from the associated program @ about:srcdoc:437
[  454169ms] [WARNING] WebGL: INVALID_OPERATION: uniform1f: location is not from the associated program @ about:srcdoc:436
[  454169ms] [WARNING] WebGL: INVALID_OPERATION: uniform2f: location is not from the associated program @ about:srcdoc:437
[  454245ms] [WARNING] WebGL: INVALID_OPERATION: uniform1f: location is not from the associated program @ about:srcdoc:436
[  454245ms] [WARNING] WebGL: INVALID_OPERATION: uniform2f: location is not from the associated program @ about:srcdoc:437
[  454250ms] [WARNING] WebGL: INVALID_OPERATION: uniform1f: location is not from the associated program @ about:srcdoc:436
[  454250ms] [WARNING] WebGL: INVALID_OPERATION: uniform2f: location is not from the associated program @ about:srcdoc:437
[  454254ms] [WARNING] WebGL: INVALID_OPERATION: uniform1f: location is not from the associated program @ about:srcdoc:436
[  454254ms] [WARNING] WebGL: INVALID_OPERATION: uniform2f: location is not from the associated program @ about:srcdoc:437
[  454259ms] [WARNING] WebGL: INVALID_OPERATION: uniform1f: location is not from the associated program @ about:srcdoc:436
[  454259ms] [WARNING] WebGL: INVALID_OPERATION: uniform2f: location is not from the associated program @ about:srcdoc:437
[  454309ms] [WARNING] WebGL: INVALID_OPERATION: uniform1f: location is not from the associated program @ about:srcdoc:436
[  454309ms] [WARNING] WebGL: INVALID_OPERATION: uniform2f: location is not from the associated program @ about:srcdoc:437
[  454316ms] [WARNING] WebGL: INVALID_OPERATION: uniform1f: location is not from the associated program @ about:srcdoc:436
[  454316ms] [WARNING] WebGL: INVALID_OPERATION: uniform2f: location is not from the associated program @ about:srcdoc:437
[  454352ms] [WARNING] WebGL: INVALID_OPERATION: uniform1f: location is not from the associated program @ about:srcdoc:436
[  454353ms] [WARNING] WebGL: INVALID_OPERATION: uniform2f: location is not from the associated program @ about:srcdoc:437
[  454422ms] [WARNING] WebGL: INVALID_OPERATION: uniform1f: location is not from the associated program @ about:srcdoc:436
[  454422ms] [WARNING] WebGL: INVALID_OPERATION: uniform2f: location is not from the associated program @ about:srcdoc:437
[  454426ms] [WARNING] WebGL: INVALID_OPERATION: uniform1f: location is not from the associated program @ about:srcdoc:436
[  454426ms] [WARNING] WebGL: INVALID_OPERATION: uniform2f: location is not from the associated program @ about:srcdoc:437
[  454432ms] [WARNING] WebGL: INVALID_OPERATION: uniform1f: location is not from the associated program @ about:srcdoc:436
[  454432ms] [WARNING] WebGL: INVALID_OPERATION: uniform2f: location is not from the associated program @ about:srcdoc:437
[  454456ms] [WARNING] WebGL: INVALID_OPERATION: uniform1f: location is not from the associated program @ about:srcdoc:436
[  454456ms] [WARNING] WebGL: INVALID_OPERATION: uniform2f: location is not from the associated program @ about:srcdoc:437
[  454463ms] [WARNING] WebGL: INVALID_OPERATION: uniform1f: location is not from the associated program @ about:srcdoc:436
[  454463ms] [WARNING] WebGL: INVALID_OPERATION: uniform2f: location is not from the associated program @ about:srcdoc:437
[  454480ms] [WARNING] WebGL: INVALID_OPERATION: uniform1f: location is not from the associated program @ about:srcdoc:436
[  454480ms] [WARNING] WebGL: INVALID_OPERATION: uniform2f: location is not from the associated program @ about:srcdoc:437
[  454490ms] [WARNING] WebGL: INVALID_OPERATION: uniform1f: location is not from the associated program @ about:srcdoc:436
[  454490ms] [WARNING] WebGL: INVALID_OPERATION: uniform2f: location is not from the associated program @ about:srcdoc:437
[  454497ms] [WARNING] WebGL: INVALID_OPERATION: uniform1f: location is not from the associated program @ about:srcdoc:436
[  454498ms] [WARNING] WebGL: INVALID_OPERATION: uniform2f: location is not from the associated program @ about:srcdoc:437
[  454509ms] [WARNING] WebGL: INVALID_OPERATION: uniform1f: location is not from the associated program @ about:srcdoc:436
[  454509ms] [WARNING] WebGL: INVALID_OPERATION: uniform2f: location is not from the associated program @ about:srcdoc:437
[  454514ms] [WARNING] WebGL: INVALID_OPERATION: uniform1f: location is not from the associated program @ about:srcdoc:436
[  454515ms] [WARNING] WebGL: INVALID_OPERATION: uniform2f: location is not from the associated program @ about:srcdoc:437
[  454518ms] [WARNING] WebGL: INVALID_OPERATION: uniform1f: location is not from the associated program @ about:srcdoc:436
[  454518ms] [WARNING] WebGL: INVALID_OPERATION: uniform2f: location is not from the associated program @ about:srcdoc:437
[  454521ms] [WARNING] WebGL: INVALID_OPERATION: uniform1f: location is not from the associated program @ about:srcdoc:436
[  454522ms] [WARNING] WebGL: INVALID_OPERATION: uniform2f: location is not from the associated program @ about:srcdoc:437
[  454529ms] [WARNING] WebGL: INVALID_OPERATION: uniform1f: location is not from the associated program @ about:srcdoc:436
[  454530ms] [WARNING] WebGL: INVALID_OPERATION: uniform2f: location is not from the associated program @ about:srcdoc:437
[  454536ms] [WARNING] WebGL: INVALID_OPERATION: uniform1f: location is not from the associated program @ about:srcdoc:436
[  454536ms] [WARNING] WebGL: INVALID_OPERATION: uniform2f: location is not from the associated program @ about:srcdoc:437
[  454543ms] [WARNING] WebGL: INVALID_OPERATION: uniform1f: location is not from the associated program @ about:srcdoc:436
[  454543ms] [WARNING] WebGL: INVALID_OPERATION: uniform2f: location is not from the associated program @ about:srcdoc:437
[  454548ms] [WARNING] WebGL: INVALID_OPERATION: uniform1f: location is not from the associated program @ about:srcdoc:436
[  454548ms] [WARNING] WebGL: INVALID_OPERATION: uniform2f: location is not from the associated program @ about:srcdoc:437
[  454552ms] [WARNING] WebGL: INVALID_OPERATION: uniform1f: location is not from the associated program @ about:srcdoc:436
[  454553ms] [WARNING] WebGL: INVALID_OPERATION: uniform2f: location is not from the associated program @ about:srcdoc:437
[  454555ms] [WARNING] WebGL: INVALID_OPERATION: uniform1f: location is not from the associated program @ about:srcdoc:436
[  454556ms] [WARNING] WebGL: INVALID_OPERATION: uniform2f: location is not from the associated program @ about:srcdoc:437
[  454558ms] [WARNING] WebGL: INVALID_OPERATION: uniform1f: location is not from the associated program @ about:srcdoc:436
[  454558ms] [WARNING] WebGL: INVALID_OPERATION: uniform2f: location is not from the associated program @ about:srcdoc:437
[  454604ms] [WARNING] WebGL: INVALID_OPERATION: uniform1f: location is not from the associated program @ about:srcdoc:436
[  454604ms] [WARNING] WebGL: INVALID_OPERATION: uniform2f: location is not from the associated program @ about:srcdoc:437
[  454613ms] [WARNING] WebGL: INVALID_OPERATION: uniform1f: location is not from the associated program @ about:srcdoc:436
[  454614ms] [WARNING] WebGL: INVALID_OPERATION: uniform2f: location is not from the associated program @ about:srcdoc:437
[  454623ms] [WARNING] WebGL: INVALID_OPERATION: uniform1f: location is not from the associated program @ about:srcdoc:436
[  454623ms] [WARNING] WebGL: INVALID_OPERATION: uniform2f: location is not from the associated program @ about:srcdoc:437
[  454629ms] [WARNING] WebGL: INVALID_OPERATION: uniform1f: location is not from the associated program @ about:srcdoc:436
[  454629ms] [WARNING] WebGL: INVALID_OPERATION: uniform2f: location is not from the associated program @ about:srcdoc:437
[  454633ms] [WARNING] WebGL: INVALID_OPERATION: uniform1f: location is not from the associated program @ about:srcdoc:436
[  454633ms] [WARNING] WebGL: INVALID_OPERATION: uniform2f: location is not from the associated program @ about:srcdoc:437
[  454640ms] [WARNING] WebGL: INVALID_OPERATION: uniform1f: location is not from the associated program @ about:srcdoc:436
[  454640ms] [WARNING] WebGL: INVALID_OPERATION: uniform2f: location is not from the associated program @ about:srcdoc:437
[  454706ms] [WARNING] WebGL: INVALID_OPERATION: uniform1f: location is not from the associated program @ about:srcdoc:436
[  454706ms] [WARNING] WebGL: INVALID_OPERATION: uniform2f: location is not from the associated program @ about:srcdoc:437
[  454715ms] [WARNING] WebGL: INVALID_OPERATION: uniform1f: location is not from the associated program @ about:srcdoc:436
[  454715ms] [WARNING] WebGL: INVALID_OPERATION: uniform2f: location is not from the associated program @ about:srcdoc:437
[  454718ms] [WARNING] WebGL: INVALID_OPERATION: uniform1f: location is not from the associated program @ about:srcdoc:436
[  454718ms] [WARNING] WebGL: INVALID_OPERATION: uniform2f: location is not from the associated program @ about:srcdoc:437
[  454720ms] [WARNING] WebGL: INVALID_OPERATION: uniform1f: location is not from the associated program @ about:srcdoc:436
[  454720ms] [WARNING] WebGL: INVALID_OPERATION: uniform2f: location is not from the associated program @ about:srcdoc:437
[  454724ms] [WARNING] WebGL: INVALID_OPERATION: uniform1f: location is not from the associated program @ about:srcdoc:436
[  454724ms] [WARNING] WebGL: INVALID_OPERATION: uniform2f: location is not from the associated program @ about:srcdoc:437
[  454728ms] [WARNING] WebGL: INVALID_OPERATION: uniform1f: location is not from the associated program @ about:srcdoc:436
[  454728ms] [WARNING] WebGL: INVALID_OPERATION: uniform2f: location is not from the associated program @ about:srcdoc:437
[  454782ms] [WARNING] WebGL: INVALID_OPERATION: uniform1f: location is not from the associated program @ about:srcdoc:436
[  454783ms] [WARNING] WebGL: INVALID_OPERATION: uniform2f: location is not from the associated program @ about:srcdoc:437
[  454797ms] [WARNING] WebGL: INVALID_OPERATION: uniform1f: location is not from the associated program @ about:srcdoc:436
[  454797ms] [WARNING] WebGL: INVALID_OPERATION: uniform2f: location is not from the associated program @ about:srcdoc:437
[  454812ms] [WARNING] WebGL: INVALID_OPERATION: uniform1f: location is not from the associated program @ about:srcdoc:436
[  454812ms] [WARNING] WebGL: INVALID_OPERATION: uniform2f: location is not from the associated program @ about:srcdoc:437
[  454818ms] [WARNING] WebGL: INVALID_OPERATION: uniform1f: location is not from the associated program @ about:srcdoc:436
[  454818ms] [WARNING] WebGL: INVALID_OPERATION: uniform2f: location is not from the associated program @ about:srcdoc:437
[  454824ms] [WARNING] WebGL: INVALID_OPERATION: uniform1f: location is not from the associated program @ about:srcdoc:436
[  454825ms] [WARNING] WebGL: INVALID_OPERATION: uniform2f: location is not from the associated program @ about:srcdoc:437
[  454830ms] [WARNING] WebGL: INVALID_OPERATION: uniform1f: location is not from the associated program @ about:srcdoc:436
[  454830ms] [WARNING] WebGL: INVALID_OPERATION: uniform2f: location is not from the associated program @ about:srcdoc:437
[  454833ms] [WARNING] WebGL: INVALID_OPERATION: uniform1f: location is not from the associated program @ about:srcdoc:436
[  454833ms] [WARNING] WebGL: INVALID_OPERATION: uniform2f: location is not from the associated program @ about:srcdoc:437
[  454835ms] [WARNING] WebGL: INVALID_OPERATION: uniform1f: location is not from the associated program @ about:srcdoc:436
[  454836ms] [WARNING] WebGL: INVALID_OPERATION: uniform2f: location is not from the associated program @ about:srcdoc:437
[  454864ms] [WARNING] WebGL: INVALID_OPERATION: uniform1f: location is not from the associated program @ about:srcdoc:436
[  454864ms] [WARNING] WebGL: INVALID_OPERATION: uniform2f: location is not from the associated program @ about:srcdoc:437
[  454871ms] [WARNING] WebGL: INVALID_OPERATION: uniform1f: location is not from the associated program @ about:srcdoc:436
[  454872ms] [WARNING] WebGL: INVALID_OPERATION: uniform2f: location is not from the associated program @ about:srcdoc:437
[  454877ms] [WARNING] WebGL: INVALID_OPERATION: uniform1f: location is not from the associated program @ about:srcdoc:436
[  454877ms] [WARNING] WebGL: INVALID_OPERATION: uniform2f: location is not from the associated program @ about:srcdoc:437
[  454880ms] [WARNING] WebGL: INVALID_OPERATION: uniform1f: location is not from the associated program @ about:srcdoc:436
[  454880ms] [WARNING] WebGL: INVALID_OPERATION: uniform2f: location is not from the associated program @ about:srcdoc:437
[  454884ms] [WARNING] WebGL: INVALID_OPERATION: uniform1f: location is not from the associated program @ about:srcdoc:436
[  454884ms] [WARNING] WebGL: INVALID_OPERATION: uniform2f: location is not from the associated program @ about:srcdoc:437
[  454887ms] [WARNING] WebGL: INVALID_OPERATION: uniform1f: location is not from the associated program @ about:srcdoc:436
[  454887ms] [WARNING] WebGL: INVALID_OPERATION: uniform2f: location is not from the associated program @ about:srcdoc:437
[  454892ms] [WARNING] WebGL: INVALID_OPERATION: uniform1f: location is not from the associated program @ about:srcdoc:436
[  454892ms] [WARNING] WebGL: INVALID_OPERATION: uniform2f: location is not from the associated program @ about:srcdoc:437
[  454898ms] [WARNING] WebGL: INVALID_OPERATION: uniform1f: location is not from the associated program @ about:srcdoc:436
[  454898ms] [WARNING] WebGL: INVALID_OPERATION: uniform2f: location is not from the associated program @ about:srcdoc:437
[  454969ms] [WARNING] WebGL: INVALID_OPERATION: uniform1f: location is not from the associated program @ about:srcdoc:436
[  454969ms] [WARNING] WebGL: INVALID_OPERATION: uniform2f: location is not from the associated program @ about:srcdoc:437
[  454980ms] [WARNING] WebGL: INVALID_OPERATION: uniform1f: location is not from the associated program @ about:srcdoc:436
[  454980ms] [WARNING] WebGL: INVALID_OPERATION: uniform2f: location is not from the associated program @ about:srcdoc:437
[  454990ms] [WARNING] WebGL: INVALID_OPERATION: uniform1f: location is not from the associated program @ about:srcdoc:436
[  454990ms] [WARNING] WebGL: INVALID_OPERATION: uniform2f: location is not from the associated program @ about:srcdoc:437
[  454993ms] [WARNING] WebGL: INVALID_OPERATION: uniform1f: location is not from the associated program @ about:srcdoc:436
[  454993ms] [WARNING] WebGL: INVALID_OPERATION: uniform2f: location is not from the associated program @ about:srcdoc:437
[  454997ms] [WARNING] WebGL: INVALID_OPERATION: uniform1f: location is not from the associated program @ about:srcdoc:436
[  454997ms] [WARNING] WebGL: INVALID_OPERATION: uniform2f: location is not from the associated program @ about:srcdoc:437
[  455000ms] [WARNING] WebGL: INVALID_OPERATION: uniform1f: location is not from the associated program @ about:srcdoc:436
[  455000ms] [WARNING] WebGL: INVALID_OPERATION: uniform2f: location is not from the associated program @ about:srcdoc:437
[  455004ms] [WARNING] WebGL: INVALID_OPERATION: uniform1f: location is not from the associated program @ about:srcdoc:436
[  455005ms] [WARNING] WebGL: INVALID_OPERATION: uniform2f: location is not from the associated program @ about:srcdoc:437
[  455013ms] [WARNING] WebGL: INVALID_OPERATION: uniform1f: location is not from the associated program @ about:srcdoc:436
[  455013ms] [WARNING] WebGL: INVALID_OPERATION: uniform2f: location is not from the associated program @ about:srcdoc:437
[  455027ms] [WARNING] WebGL: INVALID_OPERATION: uniform1f: location is not from the associated program @ about:srcdoc:436
[  455027ms] [WARNING] WebGL: INVALID_OPERATION: uniform2f: location is not from the associated program @ about:srcdoc:437
[  455031ms] [WARNING] WebGL: INVALID_OPERATION: uniform1f: location is not from the associated program @ about:srcdoc:436
[  455031ms] [WARNING] WebGL: INVALID_OPERATION: uniform2f: location is not from the associated program @ about:srcdoc:437
[  455036ms] [WARNING] WebGL: INVALID_OPERATION: uniform1f: location is not from the associated program @ about:srcdoc:436
[  455036ms] [WARNING] WebGL: INVALID_OPERATION: uniform2f: location is not from the associated program @ about:srcdoc:437
[  455049ms] [WARNING] WebGL: INVALID_OPERATION: uniform1f: location is not from the associated program @ about:srcdoc:436
[  455050ms] [WARNING] WebGL: INVALID_OPERATION: uniform2f: location is not from the associated program @ about:srcdoc:437
[  455058ms] [WARNING] WebGL: INVALID_OPERATION: uniform1f: location is not from the associated program @ about:srcdoc:436
[  455059ms] [WARNING] WebGL: INVALID_OPERATION: uniform2f: location is not from the associated program @ about:srcdoc:437
[  455066ms] [WARNING] WebGL: INVALID_OPERATION: uniform1f: location is not from the associated program @ about:srcdoc:436
[  455067ms] [WARNING] WebGL: INVALID_OPERATION: uniform2f: location is not from the associated program @ about:srcdoc:437
[  455074ms] [WARNING] WebGL: INVALID_OPERATION: uniform1f: location is not from the associated program @ about:srcdoc:436
[  455075ms] [WARNING] WebGL: INVALID_OPERATION: uniform2f: location is not from the associated program @ about:srcdoc:437
[  455084ms] [WARNING] WebGL: INVALID_OPERATION: uniform1f: location is not from the associated program @ about:srcdoc:436
[  455084ms] [WARNING] WebGL: INVALID_OPERATION: uniform2f: location is not from the associated program @ about:srcdoc:437
[  455117ms] [WARNING] WebGL: INVALID_OPERATION: uniform1f: location is not from the associated program @ about:srcdoc:436
[  455117ms] [WARNING] WebGL: INVALID_OPERATION: uniform2f: location is not from the associated program @ about:srcdoc:437
[  455127ms] [WARNING] WebGL: INVALID_OPERATION: uniform1f: location is not from the associated program @ about:srcdoc:436
[  455127ms] [WARNING] WebGL: INVALID_OPERATION: uniform2f: location is not from the associated program @ about:srcdoc:437
[  455130ms] [WARNING] WebGL: INVALID_OPERATION: uniform1f: location is not from the associated program @ about:srcdoc:436
[  455131ms] [WARNING] WebGL: INVALID_OPERATION: uniform2f: location is not from the associated program @ about:srcdoc:437
[  455136ms] [WARNING] WebGL: INVALID_OPERATION: uniform1f: location is not from the associated program @ about:srcdoc:436
[  455137ms] [WARNING] WebGL: INVALID_OPERATION: uniform2f: location is not from the associated program @ about:srcdoc:437
[  455155ms] [WARNING] WebGL: INVALID_OPERATION: uniform1f: location is not from the associated program @ about:srcdoc:436
[  455156ms] [WARNING] WebGL: INVALID_OPERATION: uniform2f: location is not from the associated program @ about:srcdoc:437
[  455163ms] [WARNING] WebGL: INVALID_OPERATION: uniform1f: location is not from the associated program @ about:srcdoc:436
[  455163ms] [WARNING] WebGL: INVALID_OPERATION: uniform2f: location is not from the associated program @ about:srcdoc:437
[  455167ms] [WARNING] WebGL: INVALID_OPERATION: uniform1f: location is not from the associated program @ about:srcdoc:436
[  455167ms] [WARNING] WebGL: INVALID_OPERATION: uniform2f: location is not from the associated program @ about:srcdoc:437
[  455173ms] [WARNING] WebGL: INVALID_OPERATION: uniform1f: location is not from the associated program @ about:srcdoc:436
[  455173ms] [WARNING] WebGL: INVALID_OPERATION: uniform2f: location is not from the associated program @ about:srcdoc:437
[  455192ms] [WARNING] WebGL: INVALID_OPERATION: uniform1f: location is not from the associated program @ about:srcdoc:436
[  455192ms] [WARNING] WebGL: INVALID_OPERATION: uniform2f: location is not from the associated program @ about:srcdoc:437
[  455195ms] [WARNING] WebGL: INVALID_OPERATION: uniform1f: location is not from the associated program @ about:srcdoc:436
[  455195ms] [WARNING] WebGL: INVALID_OPERATION: uniform2f: location is not from the associated program @ about:srcdoc:437
[  455197ms] [WARNING] WebGL: INVALID_OPERATION: uniform1f: location is not from the associated program @ about:srcdoc:436
[  455197ms] [WARNING] WebGL: INVALID_OPERATION: uniform2f: location is not from the associated program @ about:srcdoc:437
[  455199ms] [WARNING] WebGL: INVALID_OPERATION: uniform1f: location is not from the associated program @ about:srcdoc:436
[  455200ms] [WARNING] WebGL: INVALID_OPERATION: uniform2f: location is not from the associated program @ about:srcdoc:437
[  455204ms] [WARNING] WebGL: INVALID_OPERATION: uniform1f: location is not from the associated program @ about:srcdoc:436
[  455204ms] [WARNING] WebGL: INVALID_OPERATION: uniform2f: location is not from the associated program @ about:srcdoc:437
[  455216ms] [WARNING] WebGL: INVALID_OPERATION: uniform1f: location is not from the associated program @ about:srcdoc:436
[  455216ms] [WARNING] WebGL: INVALID_OPERATION: uniform2f: location is not from the associated program @ about:srcdoc:437
[  455224ms] [WARNING] WebGL: INVALID_OPERATION: uniform1f: location is not from the associated program @ about:srcdoc:436
[  455225ms] [WARNING] WebGL: INVALID_OPERATION: uniform2f: location is not from the associated program @ about:srcdoc:437
[  455230ms] [WARNING] WebGL: INVALID_OPERATION: uniform1f: location is not from the associated program @ about:srcdoc:436
[  455231ms] [WARNING] WebGL: INVALID_OPERATION: uniform2f: location is not from the associated program @ about:srcdoc:437
[  455251ms] [WARNING] WebGL: INVALID_OPERATION: uniform1f: location is not from the associated program @ about:srcdoc:436
[  455251ms] [WARNING] WebGL: INVALID_OPERATION: uniform2f: location is not from the associated program @ about:srcdoc:437
[  455262ms] [WARNING] WebGL: INVALID_OPERATION: uniform1f: location is not from the associated program @ about:srcdoc:436
[  455262ms] [WARNING] WebGL: INVALID_OPERATION: uniform2f: location is not from the associated program @ about:srcdoc:437
[  455276ms] [WARNING] WebGL: INVALID_OPERATION: uniform1f: location is not from the associated program @ about:srcdoc:436
[  455276ms] [WARNING] WebGL: INVALID_OPERATION: uniform2f: location is not from the associated program @ about:srcdoc:437
[  455279ms] [WARNING] WebGL: INVALID_OPERATION: uniform1f: location is not from the associated program @ about:srcdoc:436
[  455279ms] [WARNING] WebGL: INVALID_OPERATION: uniform2f: location is not from the associated program @ about:srcdoc:437
[  455279ms] [WARNING] WebGL: too many errors, no more errors will be reported to the console for this context. @ about:srcdoc:437
[  451564ms] [WARNING] WebGL: INVALID_OPERATION: uniform1f: location is not from the associated program @ about:srcdoc:436
[  451564ms] [WARNING] WebGL: INVALID_OPERATION: uniform2f: location is not from the associated program @ about:srcdoc:437
[  451565ms] [WARNING] WebGL: INVALID_OPERATION: uniform1f: location is not from the associated program @ about:srcdoc:436
[  451565ms] [WARNING] WebGL: INVALID_OPERATION: uniform2f: location is not from the associated program @ about:srcdoc:437
[  451565ms] [WARNING] WebGL: INVALID_OPERATION: uniform1f: location is not from the associated program @ about:srcdoc:436
[  451565ms] [WARNING] WebGL: INVALID_OPERATION: uniform2f: location is not from the associated program @ about:srcdoc:437
[  451566ms] [WARNING] WebGL: INVALID_OPERATION: uniform1f: location is not from the associated program @ about:srcdoc:436
[  451566ms] [WARNING] WebGL: INVALID_OPERATION: uniform2f: location is not from the associated program @ about:srcdoc:437
[  451738ms] [WARNING] WebGL: INVALID_OPERATION: uniform1f: location is not from the associated program @ about:srcdoc:436
[  451738ms] [WARNING] WebGL: INVALID_OPERATION: uniform2f: location is not from the associated program @ about:srcdoc:437
[  451824ms] [WARNING] WebGL: INVALID_OPERATION: uniform1f: location is not from the associated program @ about:srcdoc:436
[  451824ms] [WARNING] WebGL: INVALID_OPERATION: uniform2f: location is not from the associated program @ about:srcdoc:437
[  451829ms] [WARNING] WebGL: INVALID_OPERATION: uniform1f: location is not from the associated program @ about:srcdoc:436
[  451829ms] [WARNING] WebGL: INVALID_OPERATION: uniform2f: location is not from the associated program @ about:srcdoc:437
[  452142ms] [WARNING] WebGL: INVALID_OPERATION: uniform1f: location is not from the associated program @ about:srcdoc:436
[  452143ms] [WARNING] WebGL: INVALID_OPERATION: uniform2f: location is not from the associated program @ about:srcdoc:437
[  452166ms] [WARNING] WebGL: INVALID_OPERATION: uniform1f: location is not from the associated program @ about:srcdoc:436
[  452166ms] [WARNING] WebGL: INVALID_OPERATION: uniform2f: location is not from the associated program @ about:srcdoc:437
[  452178ms] [WARNING] WebGL: INVALID_OPERATION: uniform1f: location is not from the associated program @ about:srcdoc:436
[  452178ms] [WARNING] WebGL: INVALID_OPERATION: uniform2f: location is not from the associated program @ about:srcdoc:437
[  452331ms] [WARNING] WebGL: INVALID_OPERATION: uniform1f: location is not from the associated program @ about:srcdoc:436
[  452331ms] [WARNING] WebGL: INVALID_OPERATION: uniform2f: location is not from the associated program @ about:srcdoc:437
[  452478ms] [WARNING] WebGL: INVALID_OPERATION: uniform1f: location is not from the associated program @ about:srcdoc:436
[  452478ms] [WARNING] WebGL: INVALID_OPERATION: uniform2f: location is not from the associated program @ about:srcdoc:437
[  452617ms] [WARNING] WebGL: INVALID_OPERATION: uniform1f: location is not from the associated program @ about:srcdoc:436
[  452617ms] [WARNING] WebGL: INVALID_OPERATION: uniform2f: location is not from the associated program @ about:srcdoc:437
[  452652ms] [WARNING] WebGL: INVALID_OPERATION: uniform1f: location is not from the associated program @ about:srcdoc:436
[  452653ms] [WARNING] WebGL: INVALID_OPERATION: uniform2f: location is not from the associated program @ about:srcdoc:437
[  452694ms] [WARNING] WebGL: INVALID_OPERATION: uniform1f: location is not from the associated program @ about:srcdoc:436
[  452694ms] [WARNING] WebGL: INVALID_OPERATION: uniform2f: location is not from the associated program @ about:srcdoc:437
[  452893ms] [WARNING] WebGL: INVALID_OPERATION: uniform1f: location is not from the associated program @ about:srcdoc:436
[  452893ms] [WARNING] WebGL: INVALID_OPERATION: uniform2f: location is not from the associated program @ about:srcdoc:437
[  452925ms] [WARNING] WebGL: INVALID_OPERATION: uniform1f: location is not from the associated program @ about:srcdoc:436
[  452925ms] [WARNING] WebGL: INVALID_OPERATION: uniform2f: location is not from the associated program @ about:srcdoc:437
[  453001ms] [WARNING] WebGL: INVALID_OPERATION: uniform1f: location is not from the associated program @ about:srcdoc:436
[  453001ms] [WARNING] WebGL: INVALID_OPERATION: uniform2f: location is not from the associated program @ about:srcdoc:437
[  453143ms] [WARNING] WebGL: INVALID_OPERATION: uniform1f: location is not from the associated program @ about:srcdoc:436
[  453143ms] [WARNING] WebGL: INVALID_OPERATION: uniform2f: location is not from the associated program @ about:srcdoc:437
[  453162ms] [WARNING] WebGL: INVALID_OPERATION: uniform1f: location is not from the associated program @ about:srcdoc:436
[  453162ms] [WARNING] WebGL: INVALID_OPERATION: uniform2f: location is not from the associated program @ about:srcdoc:437
[  453166ms] [WARNING] WebGL: INVALID_OPERATION: uniform1f: location is not from the associated program @ about:srcdoc:436
[  453166ms] [WARNING] WebGL: INVALID_OPERATION: uniform2f: location is not from the associated program @ about:srcdoc:437
[  453281ms] [WARNING] WebGL: INVALID_OPERATION: uniform1f: location is not from the associated program @ about:srcdoc:436
[  453281ms] [WARNING] WebGL: INVALID_OPERATION: uniform2f: location is not from the associated program @ about:srcdoc:437
[  453593ms] [WARNING] WebGL: INVALID_OPERATION: uniform1f: location is not from the associated program @ about:srcdoc:436
[  453593ms] [WARNING] WebGL: INVALID_OPERATION: uniform2f: location is not from the associated program @ about:srcdoc:437
[  453632ms] [WARNING] WebGL: INVALID_OPERATION: uniform1f: location is not from the associated program @ about:srcdoc:436
[  453632ms] [WARNING] WebGL: INVALID_OPERATION: uniform2f: location is not from the associated program @ about:srcdoc:437
[  453707ms] [WARNING] WebGL: INVALID_OPERATION: uniform1f: location is not from the associated program @ about:srcdoc:436
[  453707ms] [WARNING] WebGL: INVALID_OPERATION: uniform2f: location is not from the associated program @ about:srcdoc:437
[  453712ms] [WARNING] WebGL: INVALID_OPERATION: uniform1f: location is not from the associated program @ about:srcdoc:436
[  453712ms] [WARNING] WebGL: INVALID_OPERATION: uniform2f: location is not from the associated program @ about:srcdoc:437
[  453795ms] [WARNING] WebGL: INVALID_OPERATION: uniform1f: location is not from the associated program @ about:srcdoc:436
[  453795ms] [WARNING] WebGL: INVALID_OPERATION: uniform2f: location is not from the associated program @ about:srcdoc:437
[  453812ms] [WARNING] WebGL: INVALID_OPERATION: uniform1f: location is not from the associated program @ about:srcdoc:436
[  453812ms] [WARNING] WebGL: INVALID_OPERATION: uniform2f: location is not from the associated program @ about:srcdoc:437
[  453817ms] [WARNING] WebGL: INVALID_OPERATION: uniform1f: location is not from the associated program @ about:srcdoc:436
[  453817ms] [WARNING] WebGL: INVALID_OPERATION: uniform2f: location is not from the associated program @ about:srcdoc:437
[  453836ms] [WARNING] WebGL: INVALID_OPERATION: uniform1f: location is not from the associated program @ about:srcdoc:436
[  453836ms] [WARNING] WebGL: INVALID_OPERATION: uniform2f: location is not from the associated program @ about:srcdoc:437
[  453927ms] [WARNING] WebGL: INVALID_OPERATION: uniform1f: location is not from the associated program @ about:srcdoc:436
[  453927ms] [WARNING] WebGL: INVALID_OPERATION: uniform2f: location is not from the associated program @ about:srcdoc:437
[  453980ms] [WARNING] WebGL: INVALID_OPERATION: uniform1f: location is not from the associated program @ about:srcdoc:436
[  453980ms] [WARNING] WebGL: INVALID_OPERATION: uniform2f: location is not from the associated program @ about:srcdoc:437
[  454030ms] [WARNING] WebGL: INVALID_OPERATION: uniform1f: location is not from the associated program @ about:srcdoc:436
[  454030ms] [WARNING] WebGL: INVALID_OPERATION: uniform2f: location is not from the associated program @ about:srcdoc:437
[  454035ms] [WARNING] WebGL: INVALID_OPERATION: uniform1f: location is not from the associated program @ about:srcdoc:436
[  454035ms] [WARNING] WebGL: INVALID_OPERATION: uniform2f: location is not from the associated program @ about:srcdoc:437
[  454118ms] [WARNING] WebGL: INVALID_OPERATION: uniform1f: location is not from the associated program @ about:srcdoc:436
[  454118ms] [WARNING] WebGL: INVALID_OPERATION: uniform2f: location is not from the associated program @ about:srcdoc:437
[  454126ms] [WARNING] WebGL: INVALID_OPERATION: uniform1f: location is not from the associated program @ about:srcdoc:436
[  454126ms] [WARNING] WebGL: INVALID_OPERATION: uniform2f: location is not from the associated program @ about:srcdoc:437
[  454144ms] [WARNING] WebGL: INVALID_OPERATION: uniform1f: location is not from the associated program @ about:srcdoc:436
[  454145ms] [WARNING] WebGL: INVALID_OPERATION: uniform2f: location is not from the associated program @ about:srcdoc:437
[  454169ms] [WARNING] WebGL: INVALID_OPERATION: uniform1f: location is not from the associated program @ about:srcdoc:436
[  454169ms] [WARNING] WebGL: INVALID_OPERATION: uniform2f: location is not from the associated program @ about:srcdoc:437
[  454245ms] [WARNING] WebGL: INVALID_OPERATION: uniform1f: location is not from the associated program @ about:srcdoc:436
[  454245ms] [WARNING] WebGL: INVALID_OPERATION: uniform2f: location is not from the associated program @ about:srcdoc:437
[  454250ms] [WARNING] WebGL: INVALID_OPERATION: uniform1f: location is not from the associated program @ about:srcdoc:436
[  454250ms] [WARNING] WebGL: INVALID_OPERATION: uniform2f: location is not from the associated program @ about:srcdoc:437
[  454254ms] [WARNING] WebGL: INVALID_OPERATION: uniform1f: location is not from the associated program @ about:srcdoc:436
[  454254ms] [WARNING] WebGL: INVALID_OPERATION: uniform2f: location is not from the associated program @ about:srcdoc:437
[  454259ms] [WARNING] WebGL: INVALID_OPERATION: uniform1f: location is not from the associated program @ about:srcdoc:436
[  454259ms] [WARNING] WebGL: INVALID_OPERATION: uniform2f: location is not from the associated program @ about:srcdoc:437
[  454309ms] [WARNING] WebGL: INVALID_OPERATION: uniform1f: location is not from the associated program @ about:srcdoc:436
[  454309ms] [WARNING] WebGL: INVALID_OPERATION: uniform2f: location is not from the associated program @ about:srcdoc:437
[  454316ms] [WARNING] WebGL: INVALID_OPERATION: uniform1f: location is not from the associated program @ about:srcdoc:436
[  454316ms] [WARNING] WebGL: INVALID_OPERATION: uniform2f: location is not from the associated program @ about:srcdoc:437
[  454352ms] [WARNING] WebGL: INVALID_OPERATION: uniform1f: location is not from the associated program @ about:srcdoc:436
[  454353ms] [WARNING] WebGL: INVALID_OPERATION: uniform2f: location is not from the associated program @ about:srcdoc:437
[  454422ms] [WARNING] WebGL: INVALID_OPERATION: uniform1f: location is not from the associated program @ about:srcdoc:436
[  454422ms] [WARNING] WebGL: INVALID_OPERATION: uniform2f: location is not from the associated program @ about:srcdoc:437
[  454426ms] [WARNING] WebGL: INVALID_OPERATION: uniform1f: location is not from the associated program @ about:srcdoc:436
[  454426ms] [WARNING] WebGL: INVALID_OPERATION: uniform2f: location is not from the associated program @ about:srcdoc:437
[  454432ms] [WARNING] WebGL: INVALID_OPERATION: uniform1f: location is not from the associated program @ about:srcdoc:436
[  454432ms] [WARNING] WebGL: INVALID_OPERATION: uniform2f: location is not from the associated program @ about:srcdoc:437
[  454456ms] [WARNING] WebGL: INVALID_OPERATION: uniform1f: location is not from the associated program @ about:srcdoc:436
[  454456ms] [WARNING] WebGL: INVALID_OPERATION: uniform2f: location is not from the associated program @ about:srcdoc:437
[  454463ms] [WARNING] WebGL: INVALID_OPERATION: uniform1f: location is not from the associated program @ about:srcdoc:436
[  454463ms] [WARNING] WebGL: INVALID_OPERATION: uniform2f: location is not from the associated program @ about:srcdoc:437
[  454480ms] [WARNING] WebGL: INVALID_OPERATION: uniform1f: location is not from the associated program @ about:srcdoc:436
[  454480ms] [WARNING] WebGL: INVALID_OPERATION: uniform2f: location is not from the associated program @ about:srcdoc:437
[  454490ms] [WARNING] WebGL: INVALID_OPERATION: uniform1f: location is not from the associated program @ about:srcdoc:436
[  454490ms] [WARNING] WebGL: INVALID_OPERATION: uniform2f: location is not from the associated program @ about:srcdoc:437
[  454497ms] [WARNING] WebGL: INVALID_OPERATION: uniform1f: location is not from the associated program @ about:srcdoc:436
[  454498ms] [WARNING] WebGL: INVALID_OPERATION: uniform2f: location is not from the associated program @ about:srcdoc:437
[  454509ms] [WARNING] WebGL: INVALID_OPERATION: uniform1f: location is not from the associated program @ about:srcdoc:436
[  454509ms] [WARNING] WebGL: INVALID_OPERATION: uniform2f: location is not from the associated program @ about:srcdoc:437
[  454514ms] [WARNING] WebGL: INVALID_OPERATION: uniform1f: location is not from the associated program @ about:srcdoc:436
[  454515ms] [WARNING] WebGL: INVALID_OPERATION: uniform2f: location is not from the associated program @ about:srcdoc:437
[  454518ms] [WARNING] WebGL: INVALID_OPERATION: uniform1f: location is not from the associated program @ about:srcdoc:436
[  454518ms] [WARNING] WebGL: INVALID_OPERATION: uniform2f: location is not from the associated program @ about:srcdoc:437
[  454521ms] [WARNING] WebGL: INVALID_OPERATION: uniform1f: location is not from the associated program @ about:srcdoc:436
[  454522ms] [WARNING] WebGL: INVALID_OPERATION: uniform2f: location is not from the associated program @ about:srcdoc:437
[  454529ms] [WARNING] WebGL: INVALID_OPERATION: uniform1f: location is not from the associated program @ about:srcdoc:436
[  454530ms] [WARNING] WebGL: INVALID_OPERATION: uniform2f: location is not from the associated program @ about:srcdoc:437
[  454536ms] [WARNING] WebGL: INVALID_OPERATION: uniform1f: location is not from the associated program @ about:srcdoc:436
[  454536ms] [WARNING] WebGL: INVALID_OPERATION: uniform2f: location is not from the associated program @ about:srcdoc:437
[  454543ms] [WARNING] WebGL: INVALID_OPERATION: uniform1f: location is not from the associated program @ about:srcdoc:436
[  454543ms] [WARNING] WebGL: INVALID_OPERATION: uniform2f: location is not from the associated program @ about:srcdoc:437
[  454548ms] [WARNING] WebGL: INVALID_OPERATION: uniform1f: location is not from the associated program @ about:srcdoc:436
[  454548ms] [WARNING] WebGL: INVALID_OPERATION: uniform2f: location is not from the associated program @ about:srcdoc:437
[  454552ms] [WARNING] WebGL: INVALID_OPERATION: uniform1f: location is not from the associated program @ about:srcdoc:436
[  454553ms] [WARNING] WebGL: INVALID_OPERATION: uniform2f: location is not from the associated program @ about:srcdoc:437
[  454555ms] [WARNING] WebGL: INVALID_OPERATION: uniform1f: location is not from the associated program @ about:srcdoc:436
[  454556ms] [WARNING] WebGL: INVALID_OPERATION: uniform2f: location is not from the associated program @ about:srcdoc:437
[  454558ms] [WARNING] WebGL: INVALID_OPERATION: uniform1f: location is not from the associated program @ about:srcdoc:436
[  454558ms] [WARNING] WebGL: INVALID_OPERATION: uniform2f: location is not from the associated program @ about:srcdoc:437
[  454604ms] [WARNING] WebGL: INVALID_OPERATION: uniform1f: location is not from the associated program @ about:srcdoc:436
[  454604ms] [WARNING] WebGL: INVALID_OPERATION: uniform2f: location is not from the associated program @ about:srcdoc:437
[  454613ms] [WARNING] WebGL: INVALID_OPERATION: uniform1f: location is not from the associated program @ about:srcdoc:436
[  454614ms] [WARNING] WebGL: INVALID_OPERATION: uniform2f: location is not from the associated program @ about:srcdoc:437
[  454623ms] [WARNING] WebGL: INVALID_OPERATION: uniform1f: location is not from the associated program @ about:srcdoc:436
[  454623ms] [WARNING] WebGL: INVALID_OPERATION: uniform2f: location is not from the associated program @ about:srcdoc:437
[  454629ms] [WARNING] WebGL: INVALID_OPERATION: uniform1f: location is not from the associated program @ about:srcdoc:436
[  454629ms] [WARNING] WebGL: INVALID_OPERATION: uniform2f: location is not from the associated program @ about:srcdoc:437
[  454633ms] [WARNING] WebGL: INVALID_OPERATION: uniform1f: location is not from the associated program @ about:srcdoc:436
[  454633ms] [WARNING] WebGL: INVALID_OPERATION: uniform2f: location is not from the associated program @ about:srcdoc:437
[  454640ms] [WARNING] WebGL: INVALID_OPERATION: uniform1f: location is not from the associated program @ about:srcdoc:436
[  454640ms] [WARNING] WebGL: INVALID_OPERATION: uniform2f: location is not from the associated program @ about:srcdoc:437
[  454706ms] [WARNING] WebGL: INVALID_OPERATION: uniform1f: location is not from the associated program @ about:srcdoc:436
[  454706ms] [WARNING] WebGL: INVALID_OPERATION: uniform2f: location is not from the associated program @ about:srcdoc:437
[  454715ms] [WARNING] WebGL: INVALID_OPERATION: uniform1f: location is not from the associated program @ about:srcdoc:436
[  454715ms] [WARNING] WebGL: INVALID_OPERATION: uniform2f: location is not from the associated program @ about:srcdoc:437
[  454718ms] [WARNING] WebGL: INVALID_OPERATION: uniform1f: location is not from the associated program @ about:srcdoc:436
[  454718ms] [WARNING] WebGL: INVALID_OPERATION: uniform2f: location is not from the associated program @ about:srcdoc:437
[  454720ms] [WARNING] WebGL: INVALID_OPERATION: uniform1f: location is not from the associated program @ about:srcdoc:436
[  454720ms] [WARNING] WebGL: INVALID_OPERATION: uniform2f: location is not from the associated program @ about:srcdoc:437
[  454724ms] [WARNING] WebGL: INVALID_OPERATION: uniform1f: location is not from the associated program @ about:srcdoc:436
[  454724ms] [WARNING] WebGL: INVALID_OPERATION: uniform2f: location is not from the associated program @ about:srcdoc:437
[  454728ms] [WARNING] WebGL: INVALID_OPERATION: uniform1f: location is not from the associated program @ about:srcdoc:436
[  454728ms] [WARNING] WebGL: INVALID_OPERATION: uniform2f: location is not from the associated program @ about:srcdoc:437
[  454782ms] [WARNING] WebGL: INVALID_OPERATION: uniform1f: location is not from the associated program @ about:srcdoc:436
[  454783ms] [WARNING] WebGL: INVALID_OPERATION: uniform2f: location is not from the associated program @ about:srcdoc:437
[  454797ms] [WARNING] WebGL: INVALID_OPERATION: uniform1f: location is not from the associated program @ about:srcdoc:436
[  454797ms] [WARNING] WebGL: INVALID_OPERATION: uniform2f: location is not from the associated program @ about:srcdoc:437
[  454812ms] [WARNING] WebGL: INVALID_OPERATION: uniform1f: location is not from the associated program @ about:srcdoc:436
[  454812ms] [WARNING] WebGL: INVALID_OPERATION: uniform2f: location is not from the associated program @ about:srcdoc:437
[  454818ms] [WARNING] WebGL: INVALID_OPERATION: uniform1f: location is not from the associated program @ about:srcdoc:436
[  454818ms] [WARNING] WebGL: INVALID_OPERATION: uniform2f: location is not from the associated program @ about:srcdoc:437
[  454824ms] [WARNING] WebGL: INVALID_OPERATION: uniform1f: location is not from the associated program @ about:srcdoc:436
[  454825ms] [WARNING] WebGL: INVALID_OPERATION: uniform2f: location is not from the associated program @ about:srcdoc:437
[  454830ms] [WARNING] WebGL: INVALID_OPERATION: uniform1f: location is not from the associated program @ about:srcdoc:436
[  454830ms] [WARNING] WebGL: INVALID_OPERATION: uniform2f: location is not from the associated program @ about:srcdoc:437
[  454833ms] [WARNING] WebGL: INVALID_OPERATION: uniform1f: location is not from the associated program @ about:srcdoc:436
[  454833ms] [WARNING] WebGL: INVALID_OPERATION: uniform2f: location is not from the associated program @ about:srcdoc:437
[  454835ms] [WARNING] WebGL: INVALID_OPERATION: uniform1f: location is not from the associated program @ about:srcdoc:436
[  454836ms] [WARNING] WebGL: INVALID_OPERATION: uniform2f: location is not from the associated program @ about:srcdoc:437
[  454864ms] [WARNING] WebGL: INVALID_OPERATION: uniform1f: location is not from the associated program @ about:srcdoc:436
[  454864ms] [WARNING] WebGL: INVALID_OPERATION: uniform2f: location is not from the associated program @ about:srcdoc:437
[  454871ms] [WARNING] WebGL: INVALID_OPERATION: uniform1f: location is not from the associated program @ about:srcdoc:436
[  454872ms] [WARNING] WebGL: INVALID_OPERATION: uniform2f: location is not from the associated program @ about:srcdoc:437
[  454877ms] [WARNING] WebGL: INVALID_OPERATION: uniform1f: location is not from the associated program @ about:srcdoc:436
[  454877ms] [WARNING] WebGL: INVALID_OPERATION: uniform2f: location is not from the associated program @ about:srcdoc:437
[  454880ms] [WARNING] WebGL: INVALID_OPERATION: uniform1f: location is not from the associated program @ about:srcdoc:436
[  454880ms] [WARNING] WebGL: INVALID_OPERATION: uniform2f: location is not from the associated program @ about:srcdoc:437
[  454884ms] [WARNING] WebGL: INVALID_OPERATION: uniform1f: location is not from the associated program @ about:srcdoc:436
[  454884ms] [WARNING] WebGL: INVALID_OPERATION: uniform2f: location is not from the associated program @ about:srcdoc:437
[  454887ms] [WARNING] WebGL: INVALID_OPERATION: uniform1f: location is not from the associated program @ about:srcdoc:436
[  454887ms] [WARNING] WebGL: INVALID_OPERATION: uniform2f: location is not from the associated program @ about:srcdoc:437
[  454892ms] [WARNING] WebGL: INVALID_OPERATION: uniform1f: location is not from the associated program @ about:srcdoc:436
[  454892ms] [WARNING] WebGL: INVALID_OPERATION: uniform2f: location is not from the associated program @ about:srcdoc:437
[  454898ms] [WARNING] WebGL: INVALID_OPERATION: uniform1f: location is not from the associated program @ about:srcdoc:436
[  454898ms] [WARNING] WebGL: INVALID_OPERATION: uniform2f: location is not from the associated program @ about:srcdoc:437
[  454969ms] [WARNING] WebGL: INVALID_OPERATION: uniform1f: location is not from the associated program @ about:srcdoc:436
[  454969ms] [WARNING] WebGL: INVALID_OPERATION: uniform2f: location is not from the associated program @ about:srcdoc:437
[  454980ms] [WARNING] WebGL: INVALID_OPERATION: uniform1f: location is not from the associated program @ about:srcdoc:436
[  454980ms] [WARNING] WebGL: INVALID_OPERATION: uniform2f: location is not from the associated program @ about:srcdoc:437
[  454990ms] [WARNING] WebGL: INVALID_OPERATION: uniform1f: location is not from the associated program @ about:srcdoc:436
[  454990ms] [WARNING] WebGL: INVALID_OPERATION: uniform2f: location is not from the associated program @ about:srcdoc:437
[  454993ms] [WARNING] WebGL: INVALID_OPERATION: uniform1f: location is not from the associated program @ about:srcdoc:436
[  454993ms] [WARNING] WebGL: INVALID_OPERATION: uniform2f: location is not from the associated program @ about:srcdoc:437
[  454997ms] [WARNING] WebGL: INVALID_OPERATION: uniform1f: location is not from the associated program @ about:srcdoc:436
[  454997ms] [WARNING] WebGL: INVALID_OPERATION: uniform2f: location is not from the associated program @ about:srcdoc:437
[  455000ms] [WARNING] WebGL: INVALID_OPERATION: uniform1f: location is not from the associated program @ about:srcdoc:436
[  455000ms] [WARNING] WebGL: INVALID_OPERATION: uniform2f: location is not from the associated program @ about:srcdoc:437
[  455004ms] [WARNING] WebGL: INVALID_OPERATION: uniform1f: location is not from the associated program @ about:srcdoc:436
[  455005ms] [WARNING] WebGL: INVALID_OPERATION: uniform2f: location is not from the associated program @ about:srcdoc:437
[  455013ms] [WARNING] WebGL: INVALID_OPERATION: uniform1f: location is not from the associated program @ about:srcdoc:436
[  455013ms] [WARNING] WebGL: INVALID_OPERATION: uniform2f: location is not from the associated program @ about:srcdoc:437
[  455027ms] [WARNING] WebGL: INVALID_OPERATION: uniform1f: location is not from the associated program @ about:srcdoc:436
[  455027ms] [WARNING] WebGL: INVALID_OPERATION: uniform2f: location is not from the associated program @ about:srcdoc:437
[  455031ms] [WARNING] WebGL: INVALID_OPERATION: uniform1f: location is not from the associated program @ about:srcdoc:436
[  455031ms] [WARNING] WebGL: INVALID_OPERATION: uniform2f: location is not from the associated program @ about:srcdoc:437
[  455036ms] [WARNING] WebGL: INVALID_OPERATION: uniform1f: location is not from the associated program @ about:srcdoc:436
[  455036ms] [WARNING] WebGL: INVALID_OPERATION: uniform2f: location is not from the associated program @ about:srcdoc:437
[  455049ms] [WARNING] WebGL: INVALID_OPERATION: uniform1f: location is not from the associated program @ about:srcdoc:436
[  455050ms] [WARNING] WebGL: INVALID_OPERATION: uniform2f: location is not from the associated program @ about:srcdoc:437
[  455058ms] [WARNING] WebGL: INVALID_OPERATION: uniform1f: location is not from the associated program @ about:srcdoc:436
[  455059ms] [WARNING] WebGL: INVALID_OPERATION: uniform2f: location is not from the associated program @ about:srcdoc:437
[  455066ms] [WARNING] WebGL: INVALID_OPERATION: uniform1f: location is not from the associated program @ about:srcdoc:436
[  455067ms] [WARNING] WebGL: INVALID_OPERATION: uniform2f: location is not from the associated program @ about:srcdoc:437
[  455074ms] [WARNING] WebGL: INVALID_OPERATION: uniform1f: location is not from the associated program @ about:srcdoc:436
[  455075ms] [WARNING] WebGL: INVALID_OPERATION: uniform2f: location is not from the associated program @ about:srcdoc:437
[  455084ms] [WARNING] WebGL: INVALID_OPERATION: uniform1f: location is not from the associated program @ about:srcdoc:436
[  455084ms] [WARNING] WebGL: INVALID_OPERATION: uniform2f: location is not from the associated program @ about:srcdoc:437
[  455117ms] [WARNING] WebGL: INVALID_OPERATION: uniform1f: location is not from the associated program @ about:srcdoc:436
[  455117ms] [WARNING] WebGL: INVALID_OPERATION: uniform2f: location is not from the associated program @ about:srcdoc:437
[  455127ms] [WARNING] WebGL: INVALID_OPERATION: uniform1f: location is not from the associated program @ about:srcdoc:436
[  455127ms] [WARNING] WebGL: INVALID_OPERATION: uniform2f: location is not from the associated program @ about:srcdoc:437
[  455130ms] [WARNING] WebGL: INVALID_OPERATION: uniform1f: location is not from the associated program @ about:srcdoc:436
[  455131ms] [WARNING] WebGL: INVALID_OPERATION: uniform2f: location is not from the associated program @ about:srcdoc:437
[  455136ms] [WARNING] WebGL: INVALID_OPERATION: uniform1f: location is not from the associated program @ about:srcdoc:436
[  455137ms] [WARNING] WebGL: INVALID_OPERATION: uniform2f: location is not from the associated program @ about:srcdoc:437
[  455155ms] [WARNING] WebGL: INVALID_OPERATION: uniform1f: location is not from the associated program @ about:srcdoc:436
[  455156ms] [WARNING] WebGL: INVALID_OPERATION: uniform2f: location is not from the associated program @ about:srcdoc:437
[  455163ms] [WARNING] WebGL: INVALID_OPERATION: uniform1f: location is not from the associated program @ about:srcdoc:436
[  455163ms] [WARNING] WebGL: INVALID_OPERATION: uniform2f: location is not from the associated program @ about:srcdoc:437
[  455167ms] [WARNING] WebGL: INVALID_OPERATION: uniform1f: location is not from the associated program @ about:srcdoc:436
[  455167ms] [WARNING] WebGL: INVALID_OPERATION: uniform2f: location is not from the associated program @ about:srcdoc:437
[  455173ms] [WARNING] WebGL: INVALID_OPERATION: uniform1f: location is not from the associated program @ about:srcdoc:436
[  455173ms] [WARNING] WebGL: INVALID_OPERATION: uniform2f: location is not from the associated program @ about:srcdoc:437
[  455192ms] [WARNING] WebGL: INVALID_OPERATION: uniform1f: location is not from the associated program @ about:srcdoc:436
[  455192ms] [WARNING] WebGL: INVALID_OPERATION: uniform2f: location is not from the associated program @ about:srcdoc:437
[  455195ms] [WARNING] WebGL: INVALID_OPERATION: uniform1f: location is not from the associated program @ about:srcdoc:436
[  455195ms] [WARNING] WebGL: INVALID_OPERATION: uniform2f: location is not from the associated program @ about:srcdoc:437
[  455197ms] [WARNING] WebGL: INVALID_OPERATION: uniform1f: location is not from the associated program @ about:srcdoc:436
[  455197ms] [WARNING] WebGL: INVALID_OPERATION: uniform2f: location is not from the associated program @ about:srcdoc:437
[  455199ms] [WARNING] WebGL: INVALID_OPERATION: uniform1f: location is not from the associated program @ about:srcdoc:436
[  455200ms] [WARNING] WebGL: INVALID_OPERATION: uniform2f: location is not from the associated program @ about:srcdoc:437
[  455204ms] [WARNING] WebGL: INVALID_OPERATION: uniform1f: location is not from the associated program @ about:srcdoc:436
[  455204ms] [WARNING] WebGL: INVALID_OPERATION: uniform2f: location is not from the associated program @ about:srcdoc:437
[  455216ms] [WARNING] WebGL: INVALID_OPERATION: uniform1f: location is not from the associated program @ about:srcdoc:436
[  455216ms] [WARNING] WebGL: INVALID_OPERATION: uniform2f: location is not from the associated program @ about:srcdoc:437
[  455224ms] [WARNING] WebGL: INVALID_OPERATION: uniform1f: location is not from the associated program @ about:srcdoc:436
[  455225ms] [WARNING] WebGL: INVALID_OPERATION: uniform2f: location is not from the associated program @ about:srcdoc:437
[  455230ms] [WARNING] WebGL: INVALID_OPERATION: uniform1f: location is not from the associated program @ about:srcdoc:436
[  455231ms] [WARNING] WebGL: INVALID_OPERATION: uniform2f: location is not from the associated program @ about:srcdoc:437
[  455251ms] [WARNING] WebGL: INVALID_OPERATION: uniform1f: location is not from the associated program @ about:srcdoc:436
[  455251ms] [WARNING] WebGL: INVALID_OPERATION: uniform2f: location is not from the associated program @ about:srcdoc:437
[  455262ms] [WARNING] WebGL: INVALID_OPERATION: uniform1f: location is not from the associated program @ about:srcdoc:436
[  455262ms] [WARNING] WebGL: INVALID_OPERATION: uniform2f: location is not from the associated program @ about:srcdoc:437
[  455276ms] [WARNING] WebGL: INVALID_OPERATION: uniform1f: location is not from the associated program @ about:srcdoc:436
[  455276ms] [WARNING] WebGL: INVALID_OPERATION: uniform2f: location is not from the associated program @ about:srcdoc:437
[  455279ms] [WARNING] WebGL: INVALID_OPERATION: uniform1f: location is not from the associated program @ about:srcdoc:436
[  455279ms] [WARNING] WebGL: INVALID_OPERATION: uniform2f: location is not from the associated program @ about:srcdoc:437
[  455279ms] [WARNING] WebGL: too many errors, no more errors will be reported to the console for this context. @ about:srcdoc:437
[  487264ms] [WARNING] cdn.tailwindcss.com should not be used in production. To use Tailwind CSS in production, install it as a PostCSS plugin or use the Tailwind CLI: https://tailwindcss.com/docs/installation @ https://cdn.tailwindcss.com/?plugins=forms,container-queries:63
[  487552ms] [WARNING] cdn.tailwindcss.com should not be used in production. To use Tailwind CSS in production, install it as a PostCSS plugin or use the Tailwind CLI: https://tailwindcss.com/docs/installation @ https://cdn.tailwindcss.com/?plugins=forms,container-queries:63
[  487764ms] [WARNING] cdn.tailwindcss.com should not be used in production. To use Tailwind CSS in production, install it as a PostCSS plugin or use the Tailwind CLI: https://tailwindcss.com/docs/installation @ https://cdn.tailwindcss.com/?plugins=forms,container-queries:63
[  488326ms] [WARNING] cdn.tailwindcss.com should not be used in production. To use Tailwind CSS in production, install it as a PostCSS plugin or use the Tailwind CLI: https://tailwindcss.com/docs/installation @ https://cdn.tailwindcss.com/?plugins=forms,container-queries:63
[  488332ms] [WARNING] cdn.tailwindcss.com should not be used in production. To use Tailwind CSS in production, install it as a PostCSS plugin or use the Tailwind CLI: https://tailwindcss.com/docs/installation @ https://cdn.tailwindcss.com/?plugins=forms,container-queries:63
[  488342ms] [WARNING] cdn.tailwindcss.com should not be used in production. To use Tailwind CSS in production, install it as a PostCSS plugin or use the Tailwind CLI: https://tailwindcss.com/docs/installation @ https://cdn.tailwindcss.com/?plugins=forms,container-queries:63
[  488507ms] [WARNING] cdn.tailwindcss.com should not be used in production. To use Tailwind CSS in production, install it as a PostCSS plugin or use the Tailwind CLI: https://tailwindcss.com/docs/installation @ https://cdn.tailwindcss.com/?plugins=forms,container-queries:63
[  488591ms] [WARNING] cdn.tailwindcss.com should not be used in production. To use Tailwind CSS in production, install it as a PostCSS plugin or use the Tailwind CLI: https://tailwindcss.com/docs/installation @ https://cdn.tailwindcss.com/?plugins=forms,container-queries:63
[  488998ms] [WARNING] cdn.tailwindcss.com should not be used in production. To use Tailwind CSS in production, install it as a PostCSS plugin or use the Tailwind CLI: https://tailwindcss.com/docs/installation @ https://cdn.tailwindcss.com/?plugins=forms,container-queries:63
[  489004ms] [WARNING] cdn.tailwindcss.com should not be used in production. To use Tailwind CSS in production, install it as a PostCSS plugin or use the Tailwind CLI: https://tailwindcss.com/docs/installation @ https://cdn.tailwindcss.com/?plugins=forms,container-queries:63
[  558916ms] [WARNING] WebGL: INVALID_OPERATION: uniform1f: location is not from the associated program @ about:srcdoc:257
[  558916ms] [WARNING] WebGL: INVALID_OPERATION: uniform2f: location is not from the associated program @ about:srcdoc:258
[  558921ms] [WARNING] WebGL: INVALID_OPERATION: uniform1f: location is not from the associated program @ about:srcdoc:257
[  558921ms] [WARNING] WebGL: INVALID_OPERATION: uniform2f: location is not from the associated program @ about:srcdoc:258
[  558922ms] [WARNING] WebGL: INVALID_OPERATION: uniform1f: location is not from the associated program @ about:srcdoc:257
[  558922ms] [WARNING] WebGL: INVALID_OPERATION: uniform2f: location is not from the associated program @ about:srcdoc:258
[  558925ms] [WARNING] WebGL: INVALID_OPERATION: uniform1f: location is not from the associated program @ about:srcdoc:257
[  558925ms] [WARNING] WebGL: INVALID_OPERATION: uniform2f: location is not from the associated program @ about:srcdoc:258
[  558937ms] [WARNING] WebGL: INVALID_OPERATION: uniform1f: location is not from the associated program @ about:srcdoc:257
[  558937ms] [WARNING] WebGL: INVALID_OPERATION: uniform2f: location is not from the associated program @ about:srcdoc:258
[  558940ms] [WARNING] WebGL: INVALID_OPERATION: uniform1f: location is not from the associated program @ about:srcdoc:257
[  558941ms] [WARNING] WebGL: INVALID_OPERATION: uniform2f: location is not from the associated program @ about:srcdoc:258
[  558946ms] [WARNING] WebGL: INVALID_OPERATION: uniform1f: location is not from the associated program @ about:srcdoc:257
[  558946ms] [WARNING] WebGL: INVALID_OPERATION: uniform2f: location is not from the associated program @ about:srcdoc:258
[  558950ms] [WARNING] WebGL: INVALID_OPERATION: uniform1f: location is not from the associated program @ about:srcdoc:257
[  558950ms] [WARNING] WebGL: INVALID_OPERATION: uniform2f: location is not from the associated program @ about:srcdoc:258
[  558954ms] [WARNING] WebGL: INVALID_OPERATION: uniform1f: location is not from the associated program @ about:srcdoc:257
[  558954ms] [WARNING] WebGL: INVALID_OPERATION: uniform2f: location is not from the associated program @ about:srcdoc:258
[  558961ms] [WARNING] WebGL: INVALID_OPERATION: uniform1f: location is not from the associated program @ about:srcdoc:257
[  558961ms] [WARNING] WebGL: INVALID_OPERATION: uniform2f: location is not from the associated program @ about:srcdoc:258
[  558965ms] [WARNING] WebGL: INVALID_OPERATION: uniform1f: location is not from the associated program @ about:srcdoc:257
[  558965ms] [WARNING] WebGL: INVALID_OPERATION: uniform2f: location is not from the associated program @ about:srcdoc:258
[  558971ms] [WARNING] WebGL: INVALID_OPERATION: uniform1f: location is not from the associated program @ about:srcdoc:257
[  558971ms] [WARNING] WebGL: INVALID_OPERATION: uniform2f: location is not from the associated program @ about:srcdoc:258
[  558972ms] [WARNING] WebGL: INVALID_OPERATION: uniform1f: location is not from the associated program @ about:srcdoc:257
[  558972ms] [WARNING] WebGL: INVALID_OPERATION: uniform2f: location is not from the associated program @ about:srcdoc:258
[  558974ms] [WARNING] WebGL: INVALID_OPERATION: uniform1f: location is not from the associated program @ about:srcdoc:257
[  558974ms] [WARNING] WebGL: INVALID_OPERATION: uniform2f: location is not from the associated program @ about:srcdoc:258
[  558977ms] [WARNING] WebGL: INVALID_OPERATION: uniform1f: location is not from the associated program @ about:srcdoc:257
[  558977ms] [WARNING] WebGL: INVALID_OPERATION: uniform2f: location is not from the associated program @ about:srcdoc:258
[  558980ms] [WARNING] WebGL: INVALID_OPERATION: uniform1f: location is not from the associated program @ about:srcdoc:257
[  558980ms] [WARNING] WebGL: INVALID_OPERATION: uniform2f: location is not from the associated program @ about:srcdoc:258
[  558996ms] [WARNING] WebGL: INVALID_OPERATION: uniform1f: location is not from the associated program @ about:srcdoc:257
[  558997ms] [WARNING] WebGL: INVALID_OPERATION: uniform2f: location is not from the associated program @ about:srcdoc:258
[  559000ms] [WARNING] WebGL: INVALID_OPERATION: uniform1f: location is not from the associated program @ about:srcdoc:257
[  559000ms] [WARNING] WebGL: INVALID_OPERATION: uniform2f: location is not from the associated program @ about:srcdoc:258
[  559004ms] [WARNING] WebGL: INVALID_OPERATION: uniform1f: location is not from the associated program @ about:srcdoc:257
[  559004ms] [WARNING] WebGL: INVALID_OPERATION: uniform2f: location is not from the associated program @ about:srcdoc:258
[  559008ms] [WARNING] WebGL: INVALID_OPERATION: uniform1f: location is not from the associated program @ about:srcdoc:257
[  559008ms] [WARNING] WebGL: INVALID_OPERATION: uniform2f: location is not from the associated program @ about:srcdoc:258
[  559010ms] [WARNING] WebGL: INVALID_OPERATION: uniform1f: location is not from the associated program @ about:srcdoc:257
[  559010ms] [WARNING] WebGL: INVALID_OPERATION: uniform2f: location is not from the associated program @ about:srcdoc:258
[  559012ms] [WARNING] WebGL: INVALID_OPERATION: uniform1f: location is not from the associated program @ about:srcdoc:257
[  559012ms] [WARNING] WebGL: INVALID_OPERATION: uniform2f: location is not from the associated program @ about:srcdoc:258
[  559014ms] [WARNING] WebGL: INVALID_OPERATION: uniform1f: location is not from the associated program @ about:srcdoc:257
[  559014ms] [WARNING] WebGL: INVALID_OPERATION: uniform2f: location is not from the associated program @ about:srcdoc:258
[  559032ms] [WARNING] WebGL: INVALID_OPERATION: uniform1f: location is not from the associated program @ about:srcdoc:257
[  559032ms] [WARNING] WebGL: INVALID_OPERATION: uniform2f: location is not from the associated program @ about:srcdoc:258
[  559035ms] [WARNING] WebGL: INVALID_OPERATION: uniform1f: location is not from the associated program @ about:srcdoc:257
[  559035ms] [WARNING] WebGL: INVALID_OPERATION: uniform2f: location is not from the associated program @ about:srcdoc:258
[  559040ms] [WARNING] WebGL: INVALID_OPERATION: uniform1f: location is not from the associated program @ about:srcdoc:257
[  559041ms] [WARNING] WebGL: INVALID_OPERATION: uniform2f: location is not from the associated program @ about:srcdoc:258
[  559046ms] [WARNING] WebGL: INVALID_OPERATION: uniform1f: location is not from the associated program @ about:srcdoc:257
[  559046ms] [WARNING] WebGL: INVALID_OPERATION: uniform2f: location is not from the associated program @ about:srcdoc:258
[  559050ms] [WARNING] WebGL: INVALID_OPERATION: uniform1f: location is not from the associated program @ about:srcdoc:257
[  559050ms] [WARNING] WebGL: INVALID_OPERATION: uniform2f: location is not from the associated program @ about:srcdoc:258
[  559062ms] [WARNING] WebGL: INVALID_OPERATION: uniform1f: location is not from the associated program @ about:srcdoc:257
[  559063ms] [WARNING] WebGL: INVALID_OPERATION: uniform2f: location is not from the associated program @ about:srcdoc:258
[  559063ms] [WARNING] WebGL: INVALID_OPERATION: uniform1f: location is not from the associated program @ about:srcdoc:257
[  559063ms] [WARNING] WebGL: INVALID_OPERATION: uniform2f: location is not from the associated program @ about:srcdoc:258
[  559069ms] [WARNING] WebGL: INVALID_OPERATION: uniform1f: location is not from the associated program @ about:srcdoc:257
[  559070ms] [WARNING] WebGL: INVALID_OPERATION: uniform2f: location is not from the associated program @ about:srcdoc:258
[  559074ms] [WARNING] WebGL: INVALID_OPERATION: uniform1f: location is not from the associated program @ about:srcdoc:257
[  559074ms] [WARNING] WebGL: INVALID_OPERATION: uniform2f: location is not from the associated program @ about:srcdoc:258
[  559078ms] [WARNING] WebGL: INVALID_OPERATION: uniform1f: location is not from the associated program @ about:srcdoc:257
[  559079ms] [WARNING] WebGL: INVALID_OPERATION: uniform2f: location is not from the associated program @ about:srcdoc:258
[  559084ms] [WARNING] WebGL: INVALID_OPERATION: uniform1f: location is not from the associated program @ about:srcdoc:257
[  559084ms] [WARNING] WebGL: INVALID_OPERATION: uniform2f: location is not from the associated program @ about:srcdoc:258
[  559090ms] [WARNING] WebGL: INVALID_OPERATION: uniform1f: location is not from the associated program @ about:srcdoc:257
[  559090ms] [WARNING] WebGL: INVALID_OPERATION: uniform2f: location is not from the associated program @ about:srcdoc:258
[  559096ms] [WARNING] WebGL: INVALID_OPERATION: uniform1f: location is not from the associated program @ about:srcdoc:257
[  559096ms] [WARNING] WebGL: INVALID_OPERATION: uniform2f: location is not from the associated program @ about:srcdoc:258
[  559099ms] [WARNING] WebGL: INVALID_OPERATION: uniform1f: location is not from the associated program @ about:srcdoc:257
[  559099ms] [WARNING] WebGL: INVALID_OPERATION: uniform2f: location is not from the associated program @ about:srcdoc:258
[  559105ms] [WARNING] WebGL: INVALID_OPERATION: uniform1f: location is not from the associated program @ about:srcdoc:257
[  559105ms] [WARNING] WebGL: INVALID_OPERATION: uniform2f: location is not from the associated program @ about:srcdoc:258
[  559108ms] [WARNING] WebGL: INVALID_OPERATION: uniform1f: location is not from the associated program @ about:srcdoc:257
[  559109ms] [WARNING] WebGL: INVALID_OPERATION: uniform2f: location is not from the associated program @ about:srcdoc:258
[  559115ms] [WARNING] WebGL: INVALID_OPERATION: uniform1f: location is not from the associated program @ about:srcdoc:257
[  559115ms] [WARNING] WebGL: INVALID_OPERATION: uniform2f: location is not from the associated program @ about:srcdoc:258
[  559121ms] [WARNING] WebGL: INVALID_OPERATION: uniform1f: location is not from the associated program @ about:srcdoc:257
[  559122ms] [WARNING] WebGL: INVALID_OPERATION: uniform2f: location is not from the associated program @ about:srcdoc:258
[  559125ms] [WARNING] WebGL: INVALID_OPERATION: uniform1f: location is not from the associated program @ about:srcdoc:257
[  559125ms] [WARNING] WebGL: INVALID_OPERATION: uniform2f: location is not from the associated program @ about:srcdoc:258
[  559133ms] [WARNING] WebGL: INVALID_OPERATION: uniform1f: location is not from the associated program @ about:srcdoc:257
[  559133ms] [WARNING] WebGL: INVALID_OPERATION: uniform2f: location is not from the associated program @ about:srcdoc:258
[  559138ms] [WARNING] WebGL: INVALID_OPERATION: uniform1f: location is not from the associated program @ about:srcdoc:257
[  559138ms] [WARNING] WebGL: INVALID_OPERATION: uniform2f: location is not from the associated program @ about:srcdoc:258
[  559141ms] [WARNING] WebGL: INVALID_OPERATION: uniform1f: location is not from the associated program @ about:srcdoc:257
[  559141ms] [WARNING] WebGL: INVALID_OPERATION: uniform2f: location is not from the associated program @ about:srcdoc:258
[  559145ms] [WARNING] WebGL: INVALID_OPERATION: uniform1f: location is not from the associated program @ about:srcdoc:257
[  559145ms] [WARNING] WebGL: INVALID_OPERATION: uniform2f: location is not from the associated program @ about:srcdoc:258
[  559147ms] [WARNING] WebGL: INVALID_OPERATION: uniform1f: location is not from the associated program @ about:srcdoc:257
[  559147ms] [WARNING] WebGL: INVALID_OPERATION: uniform2f: location is not from the associated program @ about:srcdoc:258
[  559153ms] [WARNING] WebGL: INVALID_OPERATION: uniform1f: location is not from the associated program @ about:srcdoc:257
[  559153ms] [WARNING] WebGL: INVALID_OPERATION: uniform2f: location is not from the associated program @ about:srcdoc:258
[  559155ms] [WARNING] WebGL: INVALID_OPERATION: uniform1f: location is not from the associated program @ about:srcdoc:257
[  559155ms] [WARNING] WebGL: INVALID_OPERATION: uniform2f: location is not from the associated program @ about:srcdoc:258
[  559158ms] [WARNING] WebGL: INVALID_OPERATION: uniform1f: location is not from the associated program @ about:srcdoc:257
[  559158ms] [WARNING] WebGL: INVALID_OPERATION: uniform2f: location is not from the associated program @ about:srcdoc:258
[  559162ms] [WARNING] WebGL: INVALID_OPERATION: uniform1f: location is not from the associated program @ about:srcdoc:257
[  559162ms] [WARNING] WebGL: INVALID_OPERATION: uniform2f: location is not from the associated program @ about:srcdoc:258
[  559164ms] [WARNING] WebGL: INVALID_OPERATION: uniform1f: location is not from the associated program @ about:srcdoc:257
[  559164ms] [WARNING] WebGL: INVALID_OPERATION: uniform2f: location is not from the associated program @ about:srcdoc:258
[  559171ms] [WARNING] WebGL: INVALID_OPERATION: uniform1f: location is not from the associated program @ about:srcdoc:257
[  559171ms] [WARNING] WebGL: INVALID_OPERATION: uniform2f: location is not from the associated program @ about:srcdoc:258
[  559180ms] [WARNING] WebGL: INVALID_OPERATION: uniform1f: location is not from the associated program @ about:srcdoc:257
[  559181ms] [WARNING] WebGL: INVALID_OPERATION: uniform2f: location is not from the associated program @ about:srcdoc:258
[  559185ms] [WARNING] WebGL: INVALID_OPERATION: uniform1f: location is not from the associated program @ about:srcdoc:257
[  559186ms] [WARNING] WebGL: INVALID_OPERATION: uniform2f: location is not from the associated program @ about:srcdoc:258
[  559190ms] [WARNING] WebGL: INVALID_OPERATION: uniform1f: location is not from the associated program @ about:srcdoc:257
[  559190ms] [WARNING] WebGL: INVALID_OPERATION: uniform2f: location is not from the associated program @ about:srcdoc:258
[  559193ms] [WARNING] WebGL: INVALID_OPERATION: uniform1f: location is not from the associated program @ about:srcdoc:257
[  559194ms] [WARNING] WebGL: INVALID_OPERATION: uniform2f: location is not from the associated program @ about:srcdoc:258
[  559196ms] [WARNING] WebGL: INVALID_OPERATION: uniform1f: location is not from the associated program @ about:srcdoc:257
[  559196ms] [WARNING] WebGL: INVALID_OPERATION: uniform2f: location is not from the associated program @ about:srcdoc:258
[  559206ms] [WARNING] WebGL: INVALID_OPERATION: uniform1f: location is not from the associated program @ about:srcdoc:257
[  559206ms] [WARNING] WebGL: INVALID_OPERATION: uniform2f: location is not from the associated program @ about:srcdoc:258
[  559209ms] [WARNING] WebGL: INVALID_OPERATION: uniform1f: location is not from the associated program @ about:srcdoc:257
[  559209ms] [WARNING] WebGL: INVALID_OPERATION: uniform2f: location is not from the associated program @ about:srcdoc:258
[  559214ms] [WARNING] WebGL: INVALID_OPERATION: uniform1f: location is not from the associated program @ about:srcdoc:257
[  559214ms] [WARNING] WebGL: INVALID_OPERATION: uniform2f: location is not from the associated program @ about:srcdoc:258
[  559222ms] [WARNING] WebGL: INVALID_OPERATION: uniform1f: location is not from the associated program @ about:srcdoc:257
[  559222ms] [WARNING] WebGL: INVALID_OPERATION: uniform2f: location is not from the associated program @ about:srcdoc:258
[  559228ms] [WARNING] WebGL: INVALID_OPERATION: uniform1f: location is not from the associated program @ about:srcdoc:257
[  559228ms] [WARNING] WebGL: INVALID_OPERATION: uniform2f: location is not from the associated program @ about:srcdoc:258
[  559231ms] [WARNING] WebGL: INVALID_OPERATION: uniform1f: location is not from the associated program @ about:srcdoc:257
[  559231ms] [WARNING] WebGL: INVALID_OPERATION: uniform2f: location is not from the associated program @ about:srcdoc:258
[  559233ms] [WARNING] WebGL: INVALID_OPERATION: uniform1f: location is not from the associated program @ about:srcdoc:257
[  559233ms] [WARNING] WebGL: INVALID_OPERATION: uniform2f: location is not from the associated program @ about:srcdoc:258
[  559239ms] [WARNING] WebGL: INVALID_OPERATION: uniform1f: location is not from the associated program @ about:srcdoc:257
[  559240ms] [WARNING] WebGL: INVALID_OPERATION: uniform2f: location is not from the associated program @ about:srcdoc:258
[  559241ms] [WARNING] WebGL: INVALID_OPERATION: uniform1f: location is not from the associated program @ about:srcdoc:257
[  559241ms] [WARNING] WebGL: INVALID_OPERATION: uniform2f: location is not from the associated program @ about:srcdoc:258
[  559245ms] [WARNING] WebGL: INVALID_OPERATION: uniform1f: location is not from the associated program @ about:srcdoc:257
[  559245ms] [WARNING] WebGL: INVALID_OPERATION: uniform2f: location is not from the associated program @ about:srcdoc:258
[  559249ms] [WARNING] WebGL: INVALID_OPERATION: uniform1f: location is not from the associated program @ about:srcdoc:257
[  559249ms] [WARNING] WebGL: INVALID_OPERATION: uniform2f: location is not from the associated program @ about:srcdoc:258
[  559258ms] [WARNING] WebGL: INVALID_OPERATION: uniform1f: location is not from the associated program @ about:srcdoc:257
[  559258ms] [WARNING] WebGL: INVALID_OPERATION: uniform2f: location is not from the associated program @ about:srcdoc:258
[  559264ms] [WARNING] WebGL: INVALID_OPERATION: uniform1f: location is not from the associated program @ about:srcdoc:257
[  559264ms] [WARNING] WebGL: INVALID_OPERATION: uniform2f: location is not from the associated program @ about:srcdoc:258
[  559269ms] [WARNING] WebGL: INVALID_OPERATION: uniform1f: location is not from the associated program @ about:srcdoc:257
[  559269ms] [WARNING] WebGL: INVALID_OPERATION: uniform2f: location is not from the associated program @ about:srcdoc:258
[  559271ms] [WARNING] WebGL: INVALID_OPERATION: uniform1f: location is not from the associated program @ about:srcdoc:257
[  559271ms] [WARNING] WebGL: INVALID_OPERATION: uniform2f: location is not from the associated program @ about:srcdoc:258
[  559274ms] [WARNING] WebGL: INVALID_OPERATION: uniform1f: location is not from the associated program @ about:srcdoc:257
[  559274ms] [WARNING] WebGL: INVALID_OPERATION: uniform2f: location is not from the associated program @ about:srcdoc:258
[  559284ms] [WARNING] WebGL: INVALID_OPERATION: uniform1f: location is not from the associated program @ about:srcdoc:257
[  559284ms] [WARNING] WebGL: INVALID_OPERATION: uniform2f: location is not from the associated program @ about:srcdoc:258
[  559287ms] [WARNING] WebGL: INVALID_OPERATION: uniform1f: location is not from the associated program @ about:srcdoc:257
[  559287ms] [WARNING] WebGL: INVALID_OPERATION: uniform2f: location is not from the associated program @ about:srcdoc:258
[  559293ms] [WARNING] WebGL: INVALID_OPERATION: uniform1f: location is not from the associated program @ about:srcdoc:257
[  559293ms] [WARNING] WebGL: INVALID_OPERATION: uniform2f: location is not from the associated program @ about:srcdoc:258
[  559297ms] [WARNING] WebGL: INVALID_OPERATION: uniform1f: location is not from the associated program @ about:srcdoc:257
[  559297ms] [WARNING] WebGL: INVALID_OPERATION: uniform2f: location is not from the associated program @ about:srcdoc:258
[  559298ms] [WARNING] WebGL: INVALID_OPERATION: uniform1f: location is not from the associated program @ about:srcdoc:257
[  559298ms] [WARNING] WebGL: INVALID_OPERATION: uniform2f: location is not from the associated program @ about:srcdoc:258
[  559305ms] [WARNING] WebGL: INVALID_OPERATION: uniform1f: location is not from the associated program @ about:srcdoc:257
[  559306ms] [WARNING] WebGL: INVALID_OPERATION: uniform2f: location is not from the associated program @ about:srcdoc:258
[  559308ms] [WARNING] WebGL: INVALID_OPERATION: uniform1f: location is not from the associated program @ about:srcdoc:257
[  559308ms] [WARNING] WebGL: INVALID_OPERATION: uniform2f: location is not from the associated program @ about:srcdoc:258
[  559316ms] [WARNING] WebGL: INVALID_OPERATION: uniform1f: location is not from the associated program @ about:srcdoc:257
[  559316ms] [WARNING] WebGL: INVALID_OPERATION: uniform2f: location is not from the associated program @ about:srcdoc:258
[  559320ms] [WARNING] WebGL: INVALID_OPERATION: uniform1f: location is not from the associated program @ about:srcdoc:257
[  559320ms] [WARNING] WebGL: INVALID_OPERATION: uniform2f: location is not from the associated program @ about:srcdoc:258
[  559322ms] [WARNING] WebGL: INVALID_OPERATION: uniform1f: location is not from the associated program @ about:srcdoc:257
[  559322ms] [WARNING] WebGL: INVALID_OPERATION: uniform2f: location is not from the associated program @ about:srcdoc:258
[  559327ms] [WARNING] WebGL: INVALID_OPERATION: uniform1f: location is not from the associated program @ about:srcdoc:257
[  559327ms] [WARNING] WebGL: INVALID_OPERATION: uniform2f: location is not from the associated program @ about:srcdoc:258
[  559330ms] [WARNING] WebGL: INVALID_OPERATION: uniform1f: location is not from the associated program @ about:srcdoc:257
[  559330ms] [WARNING] WebGL: INVALID_OPERATION: uniform2f: location is not from the associated program @ about:srcdoc:258
[  559336ms] [WARNING] WebGL: INVALID_OPERATION: uniform1f: location is not from the associated program @ about:srcdoc:257
[  559336ms] [WARNING] WebGL: INVALID_OPERATION: uniform2f: location is not from the associated program @ about:srcdoc:258
[  559343ms] [WARNING] WebGL: INVALID_OPERATION: uniform1f: location is not from the associated program @ about:srcdoc:257
[  559343ms] [WARNING] WebGL: INVALID_OPERATION: uniform2f: location is not from the associated program @ about:srcdoc:258
[  559345ms] [WARNING] WebGL: INVALID_OPERATION: uniform1f: location is not from the associated program @ about:srcdoc:257
[  559345ms] [WARNING] WebGL: INVALID_OPERATION: uniform2f: location is not from the associated program @ about:srcdoc:258
[  559351ms] [WARNING] WebGL: INVALID_OPERATION: uniform1f: location is not from the associated program @ about:srcdoc:257
[  559352ms] [WARNING] WebGL: INVALID_OPERATION: uniform2f: location is not from the associated program @ about:srcdoc:258
[  559355ms] [WARNING] WebGL: INVALID_OPERATION: uniform1f: location is not from the associated program @ about:srcdoc:257
[  559355ms] [WARNING] WebGL: INVALID_OPERATION: uniform2f: location is not from the associated program @ about:srcdoc:258
[  559360ms] [WARNING] WebGL: INVALID_OPERATION: uniform1f: location is not from the associated program @ about:srcdoc:257
[  559361ms] [WARNING] WebGL: INVALID_OPERATION: uniform2f: location is not from the associated program @ about:srcdoc:258
[  559370ms] [WARNING] WebGL: INVALID_OPERATION: uniform1f: location is not from the associated program @ about:srcdoc:257
[  559370ms] [WARNING] WebGL: INVALID_OPERATION: uniform2f: location is not from the associated program @ about:srcdoc:258
[  559373ms] [WARNING] WebGL: INVALID_OPERATION: uniform1f: location is not from the associated program @ about:srcdoc:257
[  559373ms] [WARNING] WebGL: INVALID_OPERATION: uniform2f: location is not from the associated program @ about:srcdoc:258
[  559376ms] [WARNING] WebGL: INVALID_OPERATION: uniform1f: location is not from the associated program @ about:srcdoc:257
[  559376ms] [WARNING] WebGL: INVALID_OPERATION: uniform2f: location is not from the associated program @ about:srcdoc:258
[  559381ms] [WARNING] WebGL: INVALID_OPERATION: uniform1f: location is not from the associated program @ about:srcdoc:257
[  559381ms] [WARNING] WebGL: INVALID_OPERATION: uniform2f: location is not from the associated program @ about:srcdoc:258
[  559383ms] [WARNING] WebGL: INVALID_OPERATION: uniform1f: location is not from the associated program @ about:srcdoc:257
[  559383ms] [WARNING] WebGL: INVALID_OPERATION: uniform2f: location is not from the associated program @ about:srcdoc:258
[  559387ms] [WARNING] WebGL: INVALID_OPERATION: uniform1f: location is not from the associated program @ about:srcdoc:257
[  559388ms] [WARNING] WebGL: INVALID_OPERATION: uniform2f: location is not from the associated program @ about:srcdoc:258
[  559392ms] [WARNING] WebGL: INVALID_OPERATION: uniform1f: location is not from the associated program @ about:srcdoc:257
[  559392ms] [WARNING] WebGL: INVALID_OPERATION: uniform2f: location is not from the associated program @ about:srcdoc:258
[  559398ms] [WARNING] WebGL: INVALID_OPERATION: uniform1f: location is not from the associated program @ about:srcdoc:257
[  559399ms] [WARNING] WebGL: INVALID_OPERATION: uniform2f: location is not from the associated program @ about:srcdoc:258
[  559408ms] [WARNING] WebGL: INVALID_OPERATION: uniform1f: location is not from the associated program @ about:srcdoc:257
[  559408ms] [WARNING] WebGL: INVALID_OPERATION: uniform2f: location is not from the associated program @ about:srcdoc:258
[  559410ms] [WARNING] WebGL: INVALID_OPERATION: uniform1f: location is not from the associated program @ about:srcdoc:257
[  559410ms] [WARNING] WebGL: INVALID_OPERATION: uniform2f: location is not from the associated program @ about:srcdoc:258
[  559418ms] [WARNING] WebGL: INVALID_OPERATION: uniform1f: location is not from the associated program @ about:srcdoc:257
[  559419ms] [WARNING] WebGL: INVALID_OPERATION: uniform2f: location is not from the associated program @ about:srcdoc:258
[  559423ms] [WARNING] WebGL: INVALID_OPERATION: uniform1f: location is not from the associated program @ about:srcdoc:257
[  559423ms] [WARNING] WebGL: INVALID_OPERATION: uniform2f: location is not from the associated program @ about:srcdoc:258
[  559425ms] [WARNING] WebGL: INVALID_OPERATION: uniform1f: location is not from the associated program @ about:srcdoc:257
[  559425ms] [WARNING] WebGL: INVALID_OPERATION: uniform2f: location is not from the associated program @ about:srcdoc:258
[  559433ms] [WARNING] WebGL: INVALID_OPERATION: uniform1f: location is not from the associated program @ about:srcdoc:257
[  559433ms] [WARNING] WebGL: INVALID_OPERATION: uniform2f: location is not from the associated program @ about:srcdoc:258
[  559435ms] [WARNING] WebGL: INVALID_OPERATION: uniform1f: location is not from the associated program @ about:srcdoc:257
[  559435ms] [WARNING] WebGL: INVALID_OPERATION: uniform2f: location is not from the associated program @ about:srcdoc:258
[  559439ms] [WARNING] WebGL: INVALID_OPERATION: uniform1f: location is not from the associated program @ about:srcdoc:257
[  559440ms] [WARNING] WebGL: INVALID_OPERATION: uniform2f: location is not from the associated program @ about:srcdoc:258
[  559442ms] [WARNING] WebGL: INVALID_OPERATION: uniform1f: location is not from the associated program @ about:srcdoc:257
[  559442ms] [WARNING] WebGL: INVALID_OPERATION: uniform2f: location is not from the associated program @ about:srcdoc:258
[  559451ms] [WARNING] WebGL: INVALID_OPERATION: uniform1f: location is not from the associated program @ about:srcdoc:257
[  559452ms] [WARNING] WebGL: INVALID_OPERATION: uniform2f: location is not from the associated program @ about:srcdoc:258
[  559456ms] [WARNING] WebGL: INVALID_OPERATION: uniform1f: location is not from the associated program @ about:srcdoc:257
[  559456ms] [WARNING] WebGL: INVALID_OPERATION: uniform2f: location is not from the associated program @ about:srcdoc:258
[  559461ms] [WARNING] WebGL: INVALID_OPERATION: uniform1f: location is not from the associated program @ about:srcdoc:257
[  559461ms] [WARNING] WebGL: INVALID_OPERATION: uniform2f: location is not from the associated program @ about:srcdoc:258
[  559463ms] [WARNING] WebGL: INVALID_OPERATION: uniform1f: location is not from the associated program @ about:srcdoc:257
[  559463ms] [WARNING] WebGL: INVALID_OPERATION: uniform2f: location is not from the associated program @ about:srcdoc:258
[  559465ms] [WARNING] WebGL: INVALID_OPERATION: uniform1f: location is not from the associated program @ about:srcdoc:257
[  559465ms] [WARNING] WebGL: INVALID_OPERATION: uniform2f: location is not from the associated program @ about:srcdoc:258
[  559471ms] [WARNING] WebGL: INVALID_OPERATION: uniform1f: location is not from the associated program @ about:srcdoc:257
[  559471ms] [WARNING] WebGL: INVALID_OPERATION: uniform2f: location is not from the associated program @ about:srcdoc:258
[  559473ms] [WARNING] WebGL: INVALID_OPERATION: uniform1f: location is not from the associated program @ about:srcdoc:257
[  559473ms] [WARNING] WebGL: INVALID_OPERATION: uniform2f: location is not from the associated program @ about:srcdoc:258
[  559479ms] [WARNING] WebGL: INVALID_OPERATION: uniform1f: location is not from the associated program @ about:srcdoc:257
[  559479ms] [WARNING] WebGL: INVALID_OPERATION: uniform2f: location is not from the associated program @ about:srcdoc:258
[  559480ms] [WARNING] WebGL: INVALID_OPERATION: uniform1f: location is not from the associated program @ about:srcdoc:257
[  559480ms] [WARNING] WebGL: INVALID_OPERATION: uniform2f: location is not from the associated program @ about:srcdoc:258
[  559495ms] [WARNING] WebGL: INVALID_OPERATION: uniform1f: location is not from the associated program @ about:srcdoc:257
[  559496ms] [WARNING] WebGL: INVALID_OPERATION: uniform2f: location is not from the associated program @ about:srcdoc:258
[  559500ms] [WARNING] WebGL: INVALID_OPERATION: uniform1f: location is not from the associated program @ about:srcdoc:257
[  559500ms] [WARNING] WebGL: INVALID_OPERATION: uniform2f: location is not from the associated program @ about:srcdoc:258
[  559505ms] [WARNING] WebGL: INVALID_OPERATION: uniform1f: location is not from the associated program @ about:srcdoc:257
[  559505ms] [WARNING] WebGL: INVALID_OPERATION: uniform2f: location is not from the associated program @ about:srcdoc:258
[  559510ms] [WARNING] WebGL: INVALID_OPERATION: uniform1f: location is not from the associated program @ about:srcdoc:257
[  559510ms] [WARNING] WebGL: INVALID_OPERATION: uniform2f: location is not from the associated program @ about:srcdoc:258
[  559516ms] [WARNING] WebGL: INVALID_OPERATION: uniform1f: location is not from the associated program @ about:srcdoc:257
[  559516ms] [WARNING] WebGL: INVALID_OPERATION: uniform2f: location is not from the associated program @ about:srcdoc:258
[  559524ms] [WARNING] WebGL: INVALID_OPERATION: uniform1f: location is not from the associated program @ about:srcdoc:257
[  559524ms] [WARNING] WebGL: INVALID_OPERATION: uniform2f: location is not from the associated program @ about:srcdoc:258
[  559529ms] [WARNING] WebGL: INVALID_OPERATION: uniform1f: location is not from the associated program @ about:srcdoc:257
[  559530ms] [WARNING] WebGL: INVALID_OPERATION: uniform2f: location is not from the associated program @ about:srcdoc:258
[  559534ms] [WARNING] WebGL: INVALID_OPERATION: uniform1f: location is not from the associated program @ about:srcdoc:257
[  559534ms] [WARNING] WebGL: INVALID_OPERATION: uniform2f: location is not from the associated program @ about:srcdoc:258
[  559537ms] [WARNING] WebGL: INVALID_OPERATION: uniform1f: location is not from the associated program @ about:srcdoc:257
[  559538ms] [WARNING] WebGL: INVALID_OPERATION: uniform2f: location is not from the associated program @ about:srcdoc:258
[  559542ms] [WARNING] WebGL: INVALID_OPERATION: uniform1f: location is not from the associated program @ about:srcdoc:257
[  559542ms] [WARNING] WebGL: INVALID_OPERATION: uniform2f: location is not from the associated program @ about:srcdoc:258
[  559542ms] [WARNING] WebGL: too many errors, no more errors will be reported to the console for this context. @ about:srcdoc:258
[  560080ms] [WARNING] WebGL: INVALID_OPERATION: uniform1f: location is not from the associated program @ about:srcdoc:1227
[  560081ms] [WARNING] WebGL: INVALID_OPERATION: uniform2f: location is not from the associated program @ about:srcdoc:1228
[  560088ms] [WARNING] WebGL: INVALID_OPERATION: uniform1f: location is not from the associated program @ about:srcdoc:1227
[  560088ms] [WARNING] WebGL: INVALID_OPERATION: uniform2f: location is not from the associated program @ about:srcdoc:1228
[  560089ms] [WARNING] WebGL: INVALID_OPERATION: uniform1f: location is not from the associated program @ about:srcdoc:1227
[  560090ms] [WARNING] WebGL: INVALID_OPERATION: uniform2f: location is not from the associated program @ about:srcdoc:1228
[  560093ms] [WARNING] WebGL: INVALID_OPERATION: uniform1f: location is not from the associated program @ about:srcdoc:1227
[  560093ms] [WARNING] WebGL: INVALID_OPERATION: uniform2f: location is not from the associated program @ about:srcdoc:1228
[  560114ms] [WARNING] WebGL: INVALID_OPERATION: uniform1f: location is not from the associated program @ about:srcdoc:1227
[  560114ms] [WARNING] WebGL: INVALID_OPERATION: uniform2f: location is not from the associated program @ about:srcdoc:1228
[  560117ms] [WARNING] WebGL: INVALID_OPERATION: uniform1f: location is not from the associated program @ about:srcdoc:1227
[  560117ms] [WARNING] WebGL: INVALID_OPERATION: uniform2f: location is not from the associated program @ about:srcdoc:1228
[  560120ms] [WARNING] WebGL: INVALID_OPERATION: uniform1f: location is not from the associated program @ about:srcdoc:1227
[  560121ms] [WARNING] WebGL: INVALID_OPERATION: uniform2f: location is not from the associated program @ about:srcdoc:1228
[  560128ms] [WARNING] WebGL: INVALID_OPERATION: uniform1f: location is not from the associated program @ about:srcdoc:1227
[  560128ms] [WARNING] WebGL: INVALID_OPERATION: uniform2f: location is not from the associated program @ about:srcdoc:1228
[  560137ms] [WARNING] WebGL: INVALID_OPERATION: uniform1f: location is not from the associated program @ about:srcdoc:1227
[  560137ms] [WARNING] WebGL: INVALID_OPERATION: uniform2f: location is not from the associated program @ about:srcdoc:1228
[  560146ms] [WARNING] WebGL: INVALID_OPERATION: uniform1f: location is not from the associated program @ about:srcdoc:1227
[  560146ms] [WARNING] WebGL: INVALID_OPERATION: uniform2f: location is not from the associated program @ about:srcdoc:1228
[  560149ms] [WARNING] WebGL: INVALID_OPERATION: uniform1f: location is not from the associated program @ about:srcdoc:1227
[  560149ms] [WARNING] WebGL: INVALID_OPERATION: uniform2f: location is not from the associated program @ about:srcdoc:1228
[  560153ms] [WARNING] WebGL: INVALID_OPERATION: uniform1f: location is not from the associated program @ about:srcdoc:1227
[  560153ms] [WARNING] WebGL: INVALID_OPERATION: uniform2f: location is not from the associated program @ about:srcdoc:1228
[  560190ms] [WARNING] WebGL: INVALID_OPERATION: uniform1f: location is not from the associated program @ about:srcdoc:1227
[  560190ms] [WARNING] WebGL: INVALID_OPERATION: uniform2f: location is not from the associated program @ about:srcdoc:1228
[  560192ms] [WARNING] WebGL: INVALID_OPERATION: uniform1f: location is not from the associated program @ about:srcdoc:1227
[  560192ms] [WARNING] WebGL: INVALID_OPERATION: uniform2f: location is not from the associated program @ about:srcdoc:1228
[  560195ms] [WARNING] WebGL: INVALID_OPERATION: uniform1f: location is not from the associated program @ about:srcdoc:1227
[  560195ms] [WARNING] WebGL: INVALID_OPERATION: uniform2f: location is not from the associated program @ about:srcdoc:1228
[  560202ms] [WARNING] WebGL: INVALID_OPERATION: uniform1f: location is not from the associated program @ about:srcdoc:1227
[  560202ms] [WARNING] WebGL: INVALID_OPERATION: uniform2f: location is not from the associated program @ about:srcdoc:1228
[  560206ms] [WARNING] WebGL: INVALID_OPERATION: uniform1f: location is not from the associated program @ about:srcdoc:1227
[  560206ms] [WARNING] WebGL: INVALID_OPERATION: uniform2f: location is not from the associated program @ about:srcdoc:1228
[  560210ms] [WARNING] WebGL: INVALID_OPERATION: uniform1f: location is not from the associated program @ about:srcdoc:1227
[  560210ms] [WARNING] WebGL: INVALID_OPERATION: uniform2f: location is not from the associated program @ about:srcdoc:1228
[  560215ms] [WARNING] WebGL: INVALID_OPERATION: uniform1f: location is not from the associated program @ about:srcdoc:1227
[  560216ms] [WARNING] WebGL: INVALID_OPERATION: uniform2f: location is not from the associated program @ about:srcdoc:1228
[  560225ms] [WARNING] WebGL: INVALID_OPERATION: uniform1f: location is not from the associated program @ about:srcdoc:1227
[  560225ms] [WARNING] WebGL: INVALID_OPERATION: uniform2f: location is not from the associated program @ about:srcdoc:1228
[  560228ms] [WARNING] WebGL: INVALID_OPERATION: uniform1f: location is not from the associated program @ about:srcdoc:1227
[  560228ms] [WARNING] WebGL: INVALID_OPERATION: uniform2f: location is not from the associated program @ about:srcdoc:1228
[  560232ms] [WARNING] WebGL: INVALID_OPERATION: uniform1f: location is not from the associated program @ about:srcdoc:1227
[  560233ms] [WARNING] WebGL: INVALID_OPERATION: uniform2f: location is not from the associated program @ about:srcdoc:1228
[  560236ms] [WARNING] WebGL: INVALID_OPERATION: uniform1f: location is not from the associated program @ about:srcdoc:1227
[  560236ms] [WARNING] WebGL: INVALID_OPERATION: uniform2f: location is not from the associated program @ about:srcdoc:1228
[  560263ms] [WARNING] WebGL: INVALID_OPERATION: uniform1f: location is not from the associated program @ about:srcdoc:1227
[  560263ms] [WARNING] WebGL: INVALID_OPERATION: uniform2f: location is not from the associated program @ about:srcdoc:1228
[  560268ms] [WARNING] WebGL: INVALID_OPERATION: uniform1f: location is not from the associated program @ about:srcdoc:1227
[  560268ms] [WARNING] WebGL: INVALID_OPERATION: uniform2f: location is not from the associated program @ about:srcdoc:1228
[  560270ms] [WARNING] WebGL: INVALID_OPERATION: uniform1f: location is not from the associated program @ about:srcdoc:1227
[  560270ms] [WARNING] WebGL: INVALID_OPERATION: uniform2f: location is not from the associated program @ about:srcdoc:1228
[  560274ms] [WARNING] WebGL: INVALID_OPERATION: uniform1f: location is not from the associated program @ about:srcdoc:1227
[  560274ms] [WARNING] WebGL: INVALID_OPERATION: uniform2f: location is not from the associated program @ about:srcdoc:1228
[  560283ms] [WARNING] WebGL: INVALID_OPERATION: uniform1f: location is not from the associated program @ about:srcdoc:1227
[  560283ms] [WARNING] WebGL: INVALID_OPERATION: uniform2f: location is not from the associated program @ about:srcdoc:1228
[  560288ms] [WARNING] WebGL: INVALID_OPERATION: uniform1f: location is not from the associated program @ about:srcdoc:1227
[  560288ms] [WARNING] WebGL: INVALID_OPERATION: uniform2f: location is not from the associated program @ about:srcdoc:1228
[  560290ms] [WARNING] WebGL: INVALID_OPERATION: uniform1f: location is not from the associated program @ about:srcdoc:1227
[  560290ms] [WARNING] WebGL: INVALID_OPERATION: uniform2f: location is not from the associated program @ about:srcdoc:1228
[  560294ms] [WARNING] WebGL: INVALID_OPERATION: uniform1f: location is not from the associated program @ about:srcdoc:1227
[  560294ms] [WARNING] WebGL: INVALID_OPERATION: uniform2f: location is not from the associated program @ about:srcdoc:1228
[  560300ms] [WARNING] WebGL: INVALID_OPERATION: uniform1f: location is not from the associated program @ about:srcdoc:1227
[  560301ms] [WARNING] WebGL: INVALID_OPERATION: uniform2f: location is not from the associated program @ about:srcdoc:1228
[  560307ms] [WARNING] WebGL: INVALID_OPERATION: uniform1f: location is not from the associated program @ about:srcdoc:1227
[  560308ms] [WARNING] WebGL: INVALID_OPERATION: uniform2f: location is not from the associated program @ about:srcdoc:1228
[  560310ms] [WARNING] WebGL: INVALID_OPERATION: uniform1f: location is not from the associated program @ about:srcdoc:1227
[  560310ms] [WARNING] WebGL: INVALID_OPERATION: uniform2f: location is not from the associated program @ about:srcdoc:1228
[  560315ms] [WARNING] WebGL: INVALID_OPERATION: uniform1f: location is not from the associated program @ about:srcdoc:1227
[  560315ms] [WARNING] WebGL: INVALID_OPERATION: uniform2f: location is not from the associated program @ about:srcdoc:1228
[  560320ms] [WARNING] WebGL: INVALID_OPERATION: uniform1f: location is not from the associated program @ about:srcdoc:1227
[  560320ms] [WARNING] WebGL: INVALID_OPERATION: uniform2f: location is not from the associated program @ about:srcdoc:1228
[  560329ms] [WARNING] WebGL: INVALID_OPERATION: uniform1f: location is not from the associated program @ about:srcdoc:1227
[  560329ms] [WARNING] WebGL: INVALID_OPERATION: uniform2f: location is not from the associated program @ about:srcdoc:1228
[  560336ms] [WARNING] WebGL: INVALID_OPERATION: uniform1f: location is not from the associated program @ about:srcdoc:1227
[  560336ms] [WARNING] WebGL: INVALID_OPERATION: uniform2f: location is not from the associated program @ about:srcdoc:1228
[  560341ms] [WARNING] WebGL: INVALID_OPERATION: uniform1f: location is not from the associated program @ about:srcdoc:1227
[  560341ms] [WARNING] WebGL: INVALID_OPERATION: uniform2f: location is not from the associated program @ about:srcdoc:1228
[  560344ms] [WARNING] WebGL: INVALID_OPERATION: uniform1f: location is not from the associated program @ about:srcdoc:1227
[  560345ms] [WARNING] WebGL: INVALID_OPERATION: uniform2f: location is not from the associated program @ about:srcdoc:1228
[  560348ms] [WARNING] WebGL: INVALID_OPERATION: uniform1f: location is not from the associated program @ about:srcdoc:1227
[  560348ms] [WARNING] WebGL: INVALID_OPERATION: uniform2f: location is not from the associated program @ about:srcdoc:1228
[  560357ms] [WARNING] WebGL: INVALID_OPERATION: uniform1f: location is not from the associated program @ about:srcdoc:1227
[  560357ms] [WARNING] WebGL: INVALID_OPERATION: uniform2f: location is not from the associated program @ about:srcdoc:1228
[  560362ms] [WARNING] WebGL: INVALID_OPERATION: uniform1f: location is not from the associated program @ about:srcdoc:1227
[  560363ms] [WARNING] WebGL: INVALID_OPERATION: uniform2f: location is not from the associated program @ about:srcdoc:1228
[  560369ms] [WARNING] WebGL: INVALID_OPERATION: uniform1f: location is not from the associated program @ about:srcdoc:1227
[  560370ms] [WARNING] WebGL: INVALID_OPERATION: uniform2f: location is not from the associated program @ about:srcdoc:1228
[  560374ms] [WARNING] WebGL: INVALID_OPERATION: uniform1f: location is not from the associated program @ about:srcdoc:1227
[  560374ms] [WARNING] WebGL: INVALID_OPERATION: uniform2f: location is not from the associated program @ about:srcdoc:1228
[  560380ms] [WARNING] WebGL: INVALID_OPERATION: uniform1f: location is not from the associated program @ about:srcdoc:1227
[  560381ms] [WARNING] WebGL: INVALID_OPERATION: uniform2f: location is not from the associated program @ about:srcdoc:1228
[  560389ms] [WARNING] WebGL: INVALID_OPERATION: uniform1f: location is not from the associated program @ about:srcdoc:1227
[  560390ms] [WARNING] WebGL: INVALID_OPERATION: uniform2f: location is not from the associated program @ about:srcdoc:1228
[  560395ms] [WARNING] WebGL: INVALID_OPERATION: uniform1f: location is not from the associated program @ about:srcdoc:1227
[  560395ms] [WARNING] WebGL: INVALID_OPERATION: uniform2f: location is not from the associated program @ about:srcdoc:1228
[  560398ms] [WARNING] WebGL: INVALID_OPERATION: uniform1f: location is not from the associated program @ about:srcdoc:1227
[  560399ms] [WARNING] WebGL: INVALID_OPERATION: uniform2f: location is not from the associated program @ about:srcdoc:1228
[  560406ms] [WARNING] WebGL: INVALID_OPERATION: uniform1f: location is not from the associated program @ about:srcdoc:1227
[  560406ms] [WARNING] WebGL: INVALID_OPERATION: uniform2f: location is not from the associated program @ about:srcdoc:1228
[  560424ms] [WARNING] WebGL: INVALID_OPERATION: uniform1f: location is not from the associated program @ about:srcdoc:1227
[  560424ms] [WARNING] WebGL: INVALID_OPERATION: uniform2f: location is not from the associated program @ about:srcdoc:1228
[  560427ms] [WARNING] WebGL: INVALID_OPERATION: uniform1f: location is not from the associated program @ about:srcdoc:1227
[  560427ms] [WARNING] WebGL: INVALID_OPERATION: uniform2f: location is not from the associated program @ about:srcdoc:1228
[  560428ms] [WARNING] WebGL: INVALID_OPERATION: uniform1f: location is not from the associated program @ about:srcdoc:1227
[  560429ms] [WARNING] WebGL: INVALID_OPERATION: uniform2f: location is not from the associated program @ about:srcdoc:1228
[  560432ms] [WARNING] WebGL: INVALID_OPERATION: uniform1f: location is not from the associated program @ about:srcdoc:1227
[  560432ms] [WARNING] WebGL: INVALID_OPERATION: uniform2f: location is not from the associated program @ about:srcdoc:1228
[  560469ms] [WARNING] WebGL: INVALID_OPERATION: uniform1f: location is not from the associated program @ about:srcdoc:1227
[  560470ms] [WARNING] WebGL: INVALID_OPERATION: uniform2f: location is not from the associated program @ about:srcdoc:1228
[  560476ms] [WARNING] WebGL: INVALID_OPERATION: uniform1f: location is not from the associated program @ about:srcdoc:1227
[  560476ms] [WARNING] WebGL: INVALID_OPERATION: uniform2f: location is not from the associated program @ about:srcdoc:1228
[  560478ms] [WARNING] WebGL: INVALID_OPERATION: uniform1f: location is not from the associated program @ about:srcdoc:1227
[  560478ms] [WARNING] WebGL: INVALID_OPERATION: uniform2f: location is not from the associated program @ about:srcdoc:1228
[  560483ms] [WARNING] WebGL: INVALID_OPERATION: uniform1f: location is not from the associated program @ about:srcdoc:1227
[  560483ms] [WARNING] WebGL: INVALID_OPERATION: uniform2f: location is not from the associated program @ about:srcdoc:1228
[  560493ms] [WARNING] WebGL: INVALID_OPERATION: uniform1f: location is not from the associated program @ about:srcdoc:1227
[  560493ms] [WARNING] WebGL: INVALID_OPERATION: uniform2f: location is not from the associated program @ about:srcdoc:1228
[  560496ms] [WARNING] WebGL: INVALID_OPERATION: uniform1f: location is not from the associated program @ about:srcdoc:1227
[  560496ms] [WARNING] WebGL: INVALID_OPERATION: uniform2f: location is not from the associated program @ about:srcdoc:1228
[  560500ms] [WARNING] WebGL: INVALID_OPERATION: uniform1f: location is not from the associated program @ about:srcdoc:1227
[  560500ms] [WARNING] WebGL: INVALID_OPERATION: uniform2f: location is not from the associated program @ about:srcdoc:1228
[  560512ms] [WARNING] WebGL: INVALID_OPERATION: uniform1f: location is not from the associated program @ about:srcdoc:1227
[  560512ms] [WARNING] WebGL: INVALID_OPERATION: uniform2f: location is not from the associated program @ about:srcdoc:1228
[  560516ms] [WARNING] WebGL: INVALID_OPERATION: uniform1f: location is not from the associated program @ about:srcdoc:1227
[  560516ms] [WARNING] WebGL: INVALID_OPERATION: uniform2f: location is not from the associated program @ about:srcdoc:1228
[  560520ms] [WARNING] WebGL: INVALID_OPERATION: uniform1f: location is not from the associated program @ about:srcdoc:1227
[  560520ms] [WARNING] WebGL: INVALID_OPERATION: uniform2f: location is not from the associated program @ about:srcdoc:1228
[  560530ms] [WARNING] WebGL: INVALID_OPERATION: uniform1f: location is not from the associated program @ about:srcdoc:1227
[  560530ms] [WARNING] WebGL: INVALID_OPERATION: uniform2f: location is not from the associated program @ about:srcdoc:1228
[  560535ms] [WARNING] WebGL: INVALID_OPERATION: uniform1f: location is not from the associated program @ about:srcdoc:1227
[  560535ms] [WARNING] WebGL: INVALID_OPERATION: uniform2f: location is not from the associated program @ about:srcdoc:1228
[  560537ms] [WARNING] WebGL: INVALID_OPERATION: uniform1f: location is not from the associated program @ about:srcdoc:1227
[  560537ms] [WARNING] WebGL: INVALID_OPERATION: uniform2f: location is not from the associated program @ about:srcdoc:1228
[  560554ms] [WARNING] WebGL: INVALID_OPERATION: uniform1f: location is not from the associated program @ about:srcdoc:1227
[  560554ms] [WARNING] WebGL: INVALID_OPERATION: uniform2f: location is not from the associated program @ about:srcdoc:1228
[  560558ms] [WARNING] WebGL: INVALID_OPERATION: uniform1f: location is not from the associated program @ about:srcdoc:1227
[  560558ms] [WARNING] WebGL: INVALID_OPERATION: uniform2f: location is not from the associated program @ about:srcdoc:1228
[  560562ms] [WARNING] WebGL: INVALID_OPERATION: uniform1f: location is not from the associated program @ about:srcdoc:1227
[  560562ms] [WARNING] WebGL: INVALID_OPERATION: uniform2f: location is not from the associated program @ about:srcdoc:1228
[  560567ms] [WARNING] WebGL: INVALID_OPERATION: uniform1f: location is not from the associated program @ about:srcdoc:1227
[  560567ms] [WARNING] WebGL: INVALID_OPERATION: uniform2f: location is not from the associated program @ about:srcdoc:1228
[  560572ms] [WARNING] WebGL: INVALID_OPERATION: uniform1f: location is not from the associated program @ about:srcdoc:1227
[  560573ms] [WARNING] WebGL: INVALID_OPERATION: uniform2f: location is not from the associated program @ about:srcdoc:1228
[  560579ms] [WARNING] WebGL: INVALID_OPERATION: uniform1f: location is not from the associated program @ about:srcdoc:1227
[  560579ms] [WARNING] WebGL: INVALID_OPERATION: uniform2f: location is not from the associated program @ about:srcdoc:1228
[  560585ms] [WARNING] WebGL: INVALID_OPERATION: uniform1f: location is not from the associated program @ about:srcdoc:1227
[  560585ms] [WARNING] WebGL: INVALID_OPERATION: uniform2f: location is not from the associated program @ about:srcdoc:1228
[  560588ms] [WARNING] WebGL: INVALID_OPERATION: uniform1f: location is not from the associated program @ about:srcdoc:1227
[  560589ms] [WARNING] WebGL: INVALID_OPERATION: uniform2f: location is not from the associated program @ about:srcdoc:1228
[  560595ms] [WARNING] WebGL: INVALID_OPERATION: uniform1f: location is not from the associated program @ about:srcdoc:1227
[  560595ms] [WARNING] WebGL: INVALID_OPERATION: uniform2f: location is not from the associated program @ about:srcdoc:1228
[  560609ms] [WARNING] WebGL: INVALID_OPERATION: uniform1f: location is not from the associated program @ about:srcdoc:1227
[  560609ms] [WARNING] WebGL: INVALID_OPERATION: uniform2f: location is not from the associated program @ about:srcdoc:1228
[  560612ms] [WARNING] WebGL: INVALID_OPERATION: uniform1f: location is not from the associated program @ about:srcdoc:1227
[  560612ms] [WARNING] WebGL: INVALID_OPERATION: uniform2f: location is not from the associated program @ about:srcdoc:1228
[  560620ms] [WARNING] WebGL: INVALID_OPERATION: uniform1f: location is not from the associated program @ about:srcdoc:1227
[  560620ms] [WARNING] WebGL: INVALID_OPERATION: uniform2f: location is not from the associated program @ about:srcdoc:1228
[  560626ms] [WARNING] WebGL: INVALID_OPERATION: uniform1f: location is not from the associated program @ about:srcdoc:1227
[  560627ms] [WARNING] WebGL: INVALID_OPERATION: uniform2f: location is not from the associated program @ about:srcdoc:1228
[  560630ms] [WARNING] WebGL: INVALID_OPERATION: uniform1f: location is not from the associated program @ about:srcdoc:1227
[  560631ms] [WARNING] WebGL: INVALID_OPERATION: uniform2f: location is not from the associated program @ about:srcdoc:1228
[  560640ms] [WARNING] WebGL: INVALID_OPERATION: uniform1f: location is not from the associated program @ about:srcdoc:1227
[  560641ms] [WARNING] WebGL: INVALID_OPERATION: uniform2f: location is not from the associated program @ about:srcdoc:1228
[  560648ms] [WARNING] WebGL: INVALID_OPERATION: uniform1f: location is not from the associated program @ about:srcdoc:1227
[  560648ms] [WARNING] WebGL: INVALID_OPERATION: uniform2f: location is not from the associated program @ about:srcdoc:1228
[  560660ms] [WARNING] WebGL: INVALID_OPERATION: uniform1f: location is not from the associated program @ about:srcdoc:1227
[  560660ms] [WARNING] WebGL: INVALID_OPERATION: uniform2f: location is not from the associated program @ about:srcdoc:1228
[  560663ms] [WARNING] WebGL: INVALID_OPERATION: uniform1f: location is not from the associated program @ about:srcdoc:1227
[  560663ms] [WARNING] WebGL: INVALID_OPERATION: uniform2f: location is not from the associated program @ about:srcdoc:1228
[  560665ms] [WARNING] WebGL: INVALID_OPERATION: uniform1f: location is not from the associated program @ about:srcdoc:1227
[  560665ms] [WARNING] WebGL: INVALID_OPERATION: uniform2f: location is not from the associated program @ about:srcdoc:1228
[  560673ms] [WARNING] WebGL: INVALID_OPERATION: uniform1f: location is not from the associated program @ about:srcdoc:1227
[  560673ms] [WARNING] WebGL: INVALID_OPERATION: uniform2f: location is not from the associated program @ about:srcdoc:1228
[  560677ms] [WARNING] WebGL: INVALID_OPERATION: uniform1f: location is not from the associated program @ about:srcdoc:1227
[  560677ms] [WARNING] WebGL: INVALID_OPERATION: uniform2f: location is not from the associated program @ about:srcdoc:1228
[  560683ms] [WARNING] WebGL: INVALID_OPERATION: uniform1f: location is not from the associated program @ about:srcdoc:1227
[  560683ms] [WARNING] WebGL: INVALID_OPERATION: uniform2f: location is not from the associated program @ about:srcdoc:1228
[  560690ms] [WARNING] WebGL: INVALID_OPERATION: uniform1f: location is not from the associated program @ about:srcdoc:1227
[  560691ms] [WARNING] WebGL: INVALID_OPERATION: uniform2f: location is not from the associated program @ about:srcdoc:1228
[  560693ms] [WARNING] WebGL: INVALID_OPERATION: uniform1f: location is not from the associated program @ about:srcdoc:1227
[  560693ms] [WARNING] WebGL: INVALID_OPERATION: uniform2f: location is not from the associated program @ about:srcdoc:1228
[  560696ms] [WARNING] WebGL: INVALID_OPERATION: uniform1f: location is not from the associated program @ about:srcdoc:1227
[  560696ms] [WARNING] WebGL: INVALID_OPERATION: uniform2f: location is not from the associated program @ about:srcdoc:1228
[  560721ms] [WARNING] WebGL: INVALID_OPERATION: uniform1f: location is not from the associated program @ about:srcdoc:1227
[  560722ms] [WARNING] WebGL: INVALID_OPERATION: uniform2f: location is not from the associated program @ about:srcdoc:1228
[  560725ms] [WARNING] WebGL: INVALID_OPERATION: uniform1f: location is not from the associated program @ about:srcdoc:1227
[  560725ms] [WARNING] WebGL: INVALID_OPERATION: uniform2f: location is not from the associated program @ about:srcdoc:1228
[  560728ms] [WARNING] WebGL: INVALID_OPERATION: uniform1f: location is not from the associated program @ about:srcdoc:1227
[  560728ms] [WARNING] WebGL: INVALID_OPERATION: uniform2f: location is not from the associated program @ about:srcdoc:1228
[  560738ms] [WARNING] WebGL: INVALID_OPERATION: uniform1f: location is not from the associated program @ about:srcdoc:1227
[  560739ms] [WARNING] WebGL: INVALID_OPERATION: uniform2f: location is not from the associated program @ about:srcdoc:1228
[  560740ms] [WARNING] WebGL: INVALID_OPERATION: uniform1f: location is not from the associated program @ about:srcdoc:1227
[  560740ms] [WARNING] WebGL: INVALID_OPERATION: uniform2f: location is not from the associated program @ about:srcdoc:1228
[  560743ms] [WARNING] WebGL: INVALID_OPERATION: uniform1f: location is not from the associated program @ about:srcdoc:1227
[  560743ms] [WARNING] WebGL: INVALID_OPERATION: uniform2f: location is not from the associated program @ about:srcdoc:1228
[  560751ms] [WARNING] WebGL: INVALID_OPERATION: uniform1f: location is not from the associated program @ about:srcdoc:1227
[  560752ms] [WARNING] WebGL: INVALID_OPERATION: uniform2f: location is not from the associated program @ about:srcdoc:1228
[  560754ms] [WARNING] WebGL: INVALID_OPERATION: uniform1f: location is not from the associated program @ about:srcdoc:1227
[  560754ms] [WARNING] WebGL: INVALID_OPERATION: uniform2f: location is not from the associated program @ about:srcdoc:1228
[  560761ms] [WARNING] WebGL: INVALID_OPERATION: uniform1f: location is not from the associated program @ about:srcdoc:1227
[  560761ms] [WARNING] WebGL: INVALID_OPERATION: uniform2f: location is not from the associated program @ about:srcdoc:1228
[  560764ms] [WARNING] WebGL: INVALID_OPERATION: uniform1f: location is not from the associated program @ about:srcdoc:1227
[  560765ms] [WARNING] WebGL: INVALID_OPERATION: uniform2f: location is not from the associated program @ about:srcdoc:1228
[  560768ms] [WARNING] WebGL: INVALID_OPERATION: uniform1f: location is not from the associated program @ about:srcdoc:1227
[  560768ms] [WARNING] WebGL: INVALID_OPERATION: uniform2f: location is not from the associated program @ about:srcdoc:1228
[  560770ms] [WARNING] WebGL: INVALID_OPERATION: uniform1f: location is not from the associated program @ about:srcdoc:1227
[  560771ms] [WARNING] WebGL: INVALID_OPERATION: uniform2f: location is not from the associated program @ about:srcdoc:1228
[  560780ms] [WARNING] WebGL: INVALID_OPERATION: uniform1f: location is not from the associated program @ about:srcdoc:1227
[  560780ms] [WARNING] WebGL: INVALID_OPERATION: uniform2f: location is not from the associated program @ about:srcdoc:1228
[  560782ms] [WARNING] WebGL: INVALID_OPERATION: uniform1f: location is not from the associated program @ about:srcdoc:1227
[  560783ms] [WARNING] WebGL: INVALID_OPERATION: uniform2f: location is not from the associated program @ about:srcdoc:1228
[  560787ms] [WARNING] WebGL: INVALID_OPERATION: uniform1f: location is not from the associated program @ about:srcdoc:1227
[  560787ms] [WARNING] WebGL: INVALID_OPERATION: uniform2f: location is not from the associated program @ about:srcdoc:1228
[  560796ms] [WARNING] WebGL: INVALID_OPERATION: uniform1f: location is not from the associated program @ about:srcdoc:1227
[  560796ms] [WARNING] WebGL: INVALID_OPERATION: uniform2f: location is not from the associated program @ about:srcdoc:1228
[  560800ms] [WARNING] WebGL: INVALID_OPERATION: uniform1f: location is not from the associated program @ about:srcdoc:1227
[  560800ms] [WARNING] WebGL: INVALID_OPERATION: uniform2f: location is not from the associated program @ about:srcdoc:1228
[  560803ms] [WARNING] WebGL: INVALID_OPERATION: uniform1f: location is not from the associated program @ about:srcdoc:1227
[  560804ms] [WARNING] WebGL: INVALID_OPERATION: uniform2f: location is not from the associated program @ about:srcdoc:1228
[  560815ms] [WARNING] WebGL: INVALID_OPERATION: uniform1f: location is not from the associated program @ about:srcdoc:1227
[  560815ms] [WARNING] WebGL: INVALID_OPERATION: uniform2f: location is not from the associated program @ about:srcdoc:1228
[  560817ms] [WARNING] WebGL: INVALID_OPERATION: uniform1f: location is not from the associated program @ about:srcdoc:1227
[  560818ms] [WARNING] WebGL: INVALID_OPERATION: uniform2f: location is not from the associated program @ about:srcdoc:1228
[  560821ms] [WARNING] WebGL: INVALID_OPERATION: uniform1f: location is not from the associated program @ about:srcdoc:1227
[  560821ms] [WARNING] WebGL: INVALID_OPERATION: uniform2f: location is not from the associated program @ about:srcdoc:1228
[  560829ms] [WARNING] WebGL: INVALID_OPERATION: uniform1f: location is not from the associated program @ about:srcdoc:1227
[  560829ms] [WARNING] WebGL: INVALID_OPERATION: uniform2f: location is not from the associated program @ about:srcdoc:1228
[  560834ms] [WARNING] WebGL: INVALID_OPERATION: uniform1f: location is not from the associated program @ about:srcdoc:1227
[  560834ms] [WARNING] WebGL: INVALID_OPERATION: uniform2f: location is not from the associated program @ about:srcdoc:1228
[  560839ms] [WARNING] WebGL: INVALID_OPERATION: uniform1f: location is not from the associated program @ about:srcdoc:1227
[  560839ms] [WARNING] WebGL: INVALID_OPERATION: uniform2f: location is not from the associated program @ about:srcdoc:1228
[  560854ms] [WARNING] WebGL: INVALID_OPERATION: uniform1f: location is not from the associated program @ about:srcdoc:1227
[  560854ms] [WARNING] WebGL: INVALID_OPERATION: uniform2f: location is not from the associated program @ about:srcdoc:1228
[  560858ms] [WARNING] WebGL: INVALID_OPERATION: uniform1f: location is not from the associated program @ about:srcdoc:1227
[  560858ms] [WARNING] WebGL: INVALID_OPERATION: uniform2f: location is not from the associated program @ about:srcdoc:1228
[  560861ms] [WARNING] WebGL: INVALID_OPERATION: uniform1f: location is not from the associated program @ about:srcdoc:1227
[  560861ms] [WARNING] WebGL: INVALID_OPERATION: uniform2f: location is not from the associated program @ about:srcdoc:1228
[  560865ms] [WARNING] WebGL: INVALID_OPERATION: uniform1f: location is not from the associated program @ about:srcdoc:1227
[  560865ms] [WARNING] WebGL: INVALID_OPERATION: uniform2f: location is not from the associated program @ about:srcdoc:1228
[  560870ms] [WARNING] WebGL: INVALID_OPERATION: uniform1f: location is not from the associated program @ about:srcdoc:1227
[  560870ms] [WARNING] WebGL: INVALID_OPERATION: uniform2f: location is not from the associated program @ about:srcdoc:1228
[  560875ms] [WARNING] WebGL: INVALID_OPERATION: uniform1f: location is not from the associated program @ about:srcdoc:1227
[  560875ms] [WARNING] WebGL: INVALID_OPERATION: uniform2f: location is not from the associated program @ about:srcdoc:1228
[  560883ms] [WARNING] WebGL: INVALID_OPERATION: uniform1f: location is not from the associated program @ about:srcdoc:1227
[  560883ms] [WARNING] WebGL: INVALID_OPERATION: uniform2f: location is not from the associated program @ about:srcdoc:1228
[  560886ms] [WARNING] WebGL: INVALID_OPERATION: uniform1f: location is not from the associated program @ about:srcdoc:1227
[  560886ms] [WARNING] WebGL: INVALID_OPERATION: uniform2f: location is not from the associated program @ about:srcdoc:1228
[  560889ms] [WARNING] WebGL: INVALID_OPERATION: uniform1f: location is not from the associated program @ about:srcdoc:1227
[  560890ms] [WARNING] WebGL: INVALID_OPERATION: uniform2f: location is not from the associated program @ about:srcdoc:1228
[  560900ms] [WARNING] WebGL: INVALID_OPERATION: uniform1f: location is not from the associated program @ about:srcdoc:1227
[  560900ms] [WARNING] WebGL: INVALID_OPERATION: uniform2f: location is not from the associated program @ about:srcdoc:1228
[  560904ms] [WARNING] WebGL: INVALID_OPERATION: uniform1f: location is not from the associated program @ about:srcdoc:1227
[  560905ms] [WARNING] WebGL: INVALID_OPERATION: uniform2f: location is not from the associated program @ about:srcdoc:1228
[  560907ms] [WARNING] WebGL: INVALID_OPERATION: uniform1f: location is not from the associated program @ about:srcdoc:1227
[  560907ms] [WARNING] WebGL: INVALID_OPERATION: uniform2f: location is not from the associated program @ about:srcdoc:1228
[  560907ms] [WARNING] WebGL: too many errors, no more errors will be reported to the console for this context. @ about:srcdoc:1228
[  631103ms] [WARNING] cdn.tailwindcss.com should not be used in production. To use Tailwind CSS in production, install it as a PostCSS plugin or use the Tailwind CLI: https://tailwindcss.com/docs/installation @ https://cdn.tailwindcss.com/?plugins=forms,container-queries:63
[  631345ms] [WARNING] cdn.tailwindcss.com should not be used in production. To use Tailwind CSS in production, install it as a PostCSS plugin or use the Tailwind CLI: https://tailwindcss.com/docs/installation @ https://cdn.tailwindcss.com/?plugins=forms,container-queries:63
[  631783ms] [WARNING] cdn.tailwindcss.com should not be used in production. To use Tailwind CSS in production, install it as a PostCSS plugin or use the Tailwind CLI: https://tailwindcss.com/docs/installation @ https://cdn.tailwindcss.com/?plugins=forms,container-queries:63
[  631791ms] [WARNING] cdn.tailwindcss.com should not be used in production. To use Tailwind CSS in production, install it as a PostCSS plugin or use the Tailwind CLI: https://tailwindcss.com/docs/installation @ https://cdn.tailwindcss.com/?plugins=forms,container-queries:63
[  631799ms] [WARNING] cdn.tailwindcss.com should not be used in production. To use Tailwind CSS in production, install it as a PostCSS plugin or use the Tailwind CLI: https://tailwindcss.com/docs/installation @ https://cdn.tailwindcss.com/?plugins=forms,container-queries:63
[  631832ms] [WARNING] cdn.tailwindcss.com should not be used in production. To use Tailwind CSS in production, install it as a PostCSS plugin or use the Tailwind CLI: https://tailwindcss.com/docs/installation @ https://cdn.tailwindcss.com/?plugins=forms,container-queries:63
[  631841ms] [WARNING] cdn.tailwindcss.com should not be used in production. To use Tailwind CSS in production, install it as a PostCSS plugin or use the Tailwind CLI: https://tailwindcss.com/docs/installation @ https://cdn.tailwindcss.com/?plugins=forms,container-queries:63
[  632365ms] [WARNING] cdn.tailwindcss.com should not be used in production. To use Tailwind CSS in production, install it as a PostCSS plugin or use the Tailwind CLI: https://tailwindcss.com/docs/installation @ https://cdn.tailwindcss.com/?plugins=forms,container-queries:63
[  632991ms] [WARNING] WebGL: INVALID_OPERATION: uniform1f: location is not from the associated program @ about:srcdoc:436
[  632991ms] [WARNING] WebGL: INVALID_OPERATION: uniform2f: location is not from the associated program @ about:srcdoc:437
[  633028ms] [WARNING] WebGL: INVALID_OPERATION: uniform1f: location is not from the associated program @ about:srcdoc:436
[  633028ms] [WARNING] WebGL: INVALID_OPERATION: uniform2f: location is not from the associated program @ about:srcdoc:437
[  633189ms] [WARNING] WebGL: INVALID_OPERATION: uniform1f: location is not from the associated program @ about:srcdoc:436
[  633189ms] [WARNING] WebGL: INVALID_OPERATION: uniform2f: location is not from the associated program @ about:srcdoc:437
[  633284ms] [WARNING] WebGL: INVALID_OPERATION: uniform1f: location is not from the associated program @ about:srcdoc:436
[  633284ms] [WARNING] WebGL: INVALID_OPERATION: uniform2f: location is not from the associated program @ about:srcdoc:437
[  633288ms] [WARNING] WebGL: INVALID_OPERATION: uniform1f: location is not from the associated program @ about:srcdoc:436
[  633288ms] [WARNING] WebGL: INVALID_OPERATION: uniform2f: location is not from the associated program @ about:srcdoc:437
[  633309ms] [WARNING] WebGL: INVALID_OPERATION: uniform1f: location is not from the associated program @ about:srcdoc:436
[  633309ms] [WARNING] WebGL: INVALID_OPERATION: uniform2f: location is not from the associated program @ about:srcdoc:437
[  633518ms] [WARNING] WebGL: INVALID_OPERATION: uniform1f: location is not from the associated program @ about:srcdoc:436
[  633519ms] [WARNING] WebGL: INVALID_OPERATION: uniform2f: location is not from the associated program @ about:srcdoc:437
[  633836ms] [WARNING] WebGL: INVALID_OPERATION: uniform1f: location is not from the associated program @ about:srcdoc:436
[  633836ms] [WARNING] WebGL: INVALID_OPERATION: uniform2f: location is not from the associated program @ about:srcdoc:437
[  633843ms] [WARNING] WebGL: INVALID_OPERATION: uniform1f: location is not from the associated program @ about:srcdoc:436
[  633843ms] [WARNING] WebGL: INVALID_OPERATION: uniform2f: location is not from the associated program @ about:srcdoc:437
[  634003ms] [WARNING] WebGL: INVALID_OPERATION: uniform1f: location is not from the associated program @ about:srcdoc:436
[  634004ms] [WARNING] WebGL: INVALID_OPERATION: uniform2f: location is not from the associated program @ about:srcdoc:437
[  634075ms] [WARNING] WebGL: INVALID_OPERATION: uniform1f: location is not from the associated program @ about:srcdoc:436
[  634075ms] [WARNING] WebGL: INVALID_OPERATION: uniform2f: location is not from the associated program @ about:srcdoc:437
[  634111ms] [WARNING] WebGL: INVALID_OPERATION: uniform1f: location is not from the associated program @ about:srcdoc:436
[  634112ms] [WARNING] WebGL: INVALID_OPERATION: uniform2f: location is not from the associated program @ about:srcdoc:437
[  634115ms] [WARNING] WebGL: INVALID_OPERATION: uniform1f: location is not from the associated program @ about:srcdoc:436
[  634115ms] [WARNING] WebGL: INVALID_OPERATION: uniform2f: location is not from the associated program @ about:srcdoc:437
[  634148ms] [WARNING] WebGL: INVALID_OPERATION: uniform1f: location is not from the associated program @ about:srcdoc:436
[  634148ms] [WARNING] WebGL: INVALID_OPERATION: uniform2f: location is not from the associated program @ about:srcdoc:437
